start_station,end_station,ride_type,route_percent_x_rider_type,route_count,running_count,total_count,pair_rank,cumulative_route_percent
Navy Pier,Navy Pier,casual,0.6376736074263762,8713,8713,1366373,1,0.6376736074263762
DuSable Lake Shore Dr & Monroe St,DuSable Lake Shore Dr & Monroe St,casual,0.449730783614723,6145,14858,1366373,2,1.0874043910410993
DuSable Lake Shore Dr & Monroe St,Navy Pier,casual,0.3482943530060972,4759,19617,1366373,3,1.4356987440471964
Michigan Ave & Oak St,Michigan Ave & Oak St,casual,0.28974518670963195,3959,23576,1366373,4,1.7254439307568283
Millennium Park,Millennium Park,casual,0.1780626519991247,2433,26009,1366373,5,1.9035065827559532
Navy Pier,DuSable Lake Shore Dr & Monroe St,casual,0.17630617701023074,2409,28418,1366373,6,2.079812759766184
Dusable Harbor,Dusable Harbor,casual,0.16832885310233736,2300,30718,1366373,7,2.248141612868521
Shedd Aquarium,DuSable Lake Shore Dr & Monroe St,casual,0.1511300355027507,2065,32783,1366373,8,2.399271648371272
Navy Pier,DuSable Lake Shore Dr & North Blvd,casual,0.1385419647490107,1893,34676,1366373,9,2.5378136131202824
Navy Pier,Theater on the Lake,casual,0.13246748874575245,1810,36486,1366373,10,2.6702811018660353
Shedd Aquarium,Navy Pier,casual,0.1290277252258351,1763,38249,1366373,11,2.7993088270918705
DuSable Lake Shore Dr & Monroe St,Shedd Aquarium,casual,0.12595389399527068,1721,39970,1366373,12,2.925262721087141
DuSable Lake Shore Dr & North Blvd,DuSable Lake Shore Dr & North Blvd,casual,0.1258807075374001,1720,41690,1366373,13,3.051143428624541
Dusable Harbor,Navy Pier,casual,0.12544158879017664,1714,43404,1366373,14,3.1765850174147174
Navy Pier,Millennium Park,casual,0.12449016483785907,1701,45105,1366373,15,3.3010751822525766
Montrose Harbor,Montrose Harbor,casual,0.11643965447209512,1591,46696,1366373,16,3.4175148367246724
Shedd Aquarium,Shedd Aquarium,casual,0.11578097635125988,1582,48278,1366373,17,3.5332958130759318
Adler Planetarium,Adler Planetarium,casual,0.11234121283134255,1535,49813,1366373,18,3.6456370259072743
Theater on the Lake,Theater on the Lake,casual,0.1085355170220723,1483,51296,1366373,19,3.754172542929347
Navy Pier,Michigan Ave & Oak St,casual,0.10846233056420172,1482,52778,1366373,20,3.8626348734935485
Michigan Ave & 8th St,Michigan Ave & 8th St,casual,0.1053153128757667,1439,54217,1366373,21,3.967950186369315
Michigan Ave & Oak St,Navy Pier,casual,0.09770392125722624,1335,55552,1366373,22,4.065654107626542
DuSable Lake Shore Dr & North Blvd,Navy Pier,casual,0.09770392125722624,1335,56887,1366373,23,4.163358028883767
Millennium Park,Navy Pier,casual,0.09697205667852044,1325,58212,1366373,24,4.2603300855622885
DuSable Lake Shore Dr & Monroe St,Dusable Harbor,casual,0.09587425981046171,1310,59522,1366373,25,4.356204345372749
Theater on the Lake,Navy Pier,casual,0.09280042857989729,1268,60790,1366373,26,4.449004773952646
Streeter Dr & Grand Ave,Streeter Dr & Grand Ave,casual,0.09148307233822682,1250,62040,1366373,27,4.5404878462908735
Navy Pier,Shedd Aquarium,casual,0.08862880048127415,1211,63251,1366373,28,4.6291166467721485
Ellis Ave & 60th St,Ellis Ave & 55th St,casual,0.07940730678958088,1085,64336,1366373,29,4.708523953561729
Chicago Ave & Sheridan Rd,Sheridan Rd & Noyes St (NU),casual,0.07867544221087507,1075,65411,1366373,30,4.787199395772604
Sheridan Rd & Noyes St (NU),Chicago Ave & Sheridan Rd,casual,0.07552842452244006,1032,66443,1366373,31,4.862727820295044
Indiana Ave & Roosevelt Rd,Indiana Ave & Roosevelt Rd,casual,0.07472337348586366,1021,67464,1366373,32,4.937451193780908
Dusable Harbor,DuSable Lake Shore Dr & Monroe St,casual,0.07413788182289902,1013,68477,1366373,33,5.011589075603807
Michigan Ave & Oak St,Theater on the Lake,casual,0.07406469536502844,1012,69489,1366373,34,5.085653770968835
Ellis Ave & 55th St,Ellis Ave & 60th St,casual,0.06916120268769947,945,70434,1366373,35,5.154814973656534
DuSable Lake Shore Dr & Monroe St,Adler Planetarium,casual,0.06894164331408772,942,71376,1366373,36,5.223756616970622
Shedd Aquarium,Millennium Park,casual,0.06842933810899367,935,72311,1366373,37,5.292185955079616
DuSable Lake Shore Dr & Monroe St,Michigan Ave & Oak St,casual,0.0679170329038996,928,73239,1366373,38,5.360102987983516
Adler Planetarium,DuSable Lake Shore Dr & Monroe St,casual,0.06491638813120576,887,74126,1366373,39,5.425019376114721
Michigan Ave & Lake St,Michigan Ave & Lake St,casual,0.06367221834740587,870,74996,1366373,40,5.488691594462127
DuSable Lake Shore Dr & Monroe St,DuSable Lake Shore Dr & North Blvd,casual,0.06337947251592355,866,75862,1366373,41,5.552071066978051
Adler Planetarium,Navy Pier,casual,0.06279398085295888,858,76720,1366373,42,5.614865047831009
Field Museum,DuSable Lake Shore Dr & Monroe St,casual,0.06059838711684145,828,77548,1366373,43,5.675463434947851
Lakefront Trail & Wilson Ave,Lakefront Trail & Wilson Ave,casual,0.06015926836961796,822,78370,1366373,44,5.7356227033174685
DuSable Lake Shore Dr & Monroe St,Field Museum,casual,0.05898828504368865,806,79176,1366373,45,5.794610988361158
Michigan Ave & Oak St,DuSable Lake Shore Dr & Monroe St,casual,0.058695539212206334,802,79978,1366373,46,5.853306527573364
Field Museum,Navy Pier,casual,0.05818323400711226,795,80773,1366373,47,5.9114897615804765
Columbus Dr & Randolph St,Columbus Dr & Randolph St,casual,0.05811004754924168,794,81567,1366373,48,5.9695998091297175
Michigan Ave & Washington St,Michigan Ave & Washington St,casual,0.05767092880201819,788,82355,1366373,49,6.027270737931737
McClurg Ct & Ohio St,McClurg Ct & Ohio St,casual,0.05737818297053587,784,83139,1366373,50,6.084648920902272
New St & Illinois St,New St & Illinois St,casual,0.05715862359692412,781,83920,1366373,51,6.141807544499196
Shore Dr & 55th St,Shore Dr & 55th St,casual,0.05628038610247714,769,84689,1366373,52,6.198087930601673
Field Museum,Field Museum,casual,0.05591445381312424,764,85453,1366373,53,6.254002384414798
Navy Pier,Wabash Ave & Grand Ave,casual,0.05496302986080667,751,86204,1366373,54,6.308965414275604
Wabash Ave & Grand Ave,Wabash Ave & Grand Ave,casual,0.05364567361913621,733,86937,1366373,55,6.36261108789474
DuSable Lake Shore Dr & North Blvd,DuSable Lake Shore Dr & Monroe St,casual,0.05335292778765389,729,87666,1366373,56,6.415964015682395
Michigan Ave & 8th St,Millennium Park,casual,0.05174282571450109,707,88373,1366373,57,6.467706841396895
Theater on the Lake,Michigan Ave & Oak St,casual,0.05108414759366586,698,89071,1366373,58,6.518790988990561
Millennium Park,DuSable Lake Shore Dr & Monroe St,casual,0.05035228301496005,688,89759,1366373,59,6.569143272005522
Michigan Ave & Oak St,DuSable Lake Shore Dr & North Blvd,casual,0.04962041843625423,678,90437,1366373,60,6.618763690441776
DuSable Lake Shore Dr & Monroe St,Millennium Park,casual,0.04954723197838365,677,91114,1366373,61,6.668310922420159
Field Museum,Millennium Park,casual,0.04896174031541899,669,91783,1366373,62,6.717272662735578
DuSable Lake Shore Dr & Diversey Pkwy,DuSable Lake Shore Dr & Diversey Pkwy,casual,0.04844943511032493,662,92445,1366373,63,6.765722097845902
Lakefront Trail & Bryn Mawr Ave,Lakefront Trail & Bryn Mawr Ave,casual,0.04786394344736027,654,93099,1366373,64,6.813586041293264
Millennium Park,Shedd Aquarium,casual,0.04779075698948969,653,93752,1366373,65,6.861376798282754
Shedd Aquarium,Dusable Harbor,casual,0.04749801115800737,649,94401,1366373,66,6.90887480944076
Michigan Ave & Jackson Blvd,Michigan Ave & Jackson Blvd,casual,0.04566834971124283,624,95025,1366373,67,6.954543159152003
Ellis Ave & 60th St,University Ave & 57th St,casual,0.045595163253372255,623,95648,1366373,68,7.000138322405375
DuSable Lake Shore Dr & Monroe St,Theater on the Lake,casual,0.04486329867466643,613,96261,1366373,69,7.045001621080043
Lincoln Park Conservatory,Lincoln Park Conservatory,casual,0.04354594243299597,595,96856,1366373,70,7.088547563513038
Michigan Ave & 8th St,Navy Pier,casual,0.043106823685772476,589,97445,1366373,71,7.13165438719881
Theater on the Lake,DuSable Lake Shore Dr & Monroe St,casual,0.042960450770031314,587,98032,1366373,72,7.174614837968842
Sheridan Rd & Noyes St (NU),Benson Ave & Church St,casual,0.0410576028653962,561,98593,1366373,73,7.215672440834238
Chicago Ave & Sheridan Rd,Chicago Ave & Sheridan Rd,casual,0.0410576028653962,561,99154,1366373,74,7.256730043699634
Theater on the Lake,DuSable Lake Shore Dr & North Blvd,casual,0.04076485703391387,557,99711,1366373,75,7.297494900733548
Cityfront Plaza Dr & Pioneer Ct,Cityfront Plaza Dr & Pioneer Ct,casual,0.0398866195394669,545,100256,1366373,76,7.337381520273015
Navy Pier,Michigan Ave & 8th St,casual,0.039520687250113984,540,100796,1366373,77,7.376902207523129
DuSable Lake Shore Dr & North Blvd,Michigan Ave & Oak St,casual,0.039520687250113984,540,101336,1366373,78,7.416422894773243
Navy Pier,Dusable Harbor,casual,0.039301127876502244,537,101873,1366373,79,7.455724022649745
Clark St & Lincoln Ave,Clark St & Lincoln Ave,casual,0.039301127876502244,537,102410,1366373,80,7.495025150526247
Field Blvd & South Water St,Field Blvd & South Water St,casual,0.03915475496076108,535,102945,1366373,81,7.534179905487008
Dusable Harbor,DuSable Lake Shore Dr & North Blvd,casual,0.038935195587149335,532,103477,1366373,82,7.573115101074157
University Ave & 57th St,Ellis Ave & 60th St,casual,0.03813014455057294,521,103998,1366373,83,7.61124524562473
University Ave & 57th St,Kimbark Ave & 53rd St,casual,0.03776421226122003,516,104514,1366373,84,7.649009457885951
DuSable Lake Shore Dr & Monroe St,Streeter Dr & Grand Ave,casual,0.03725190705612596,509,105023,1366373,85,7.686261364942077
Griffin Museum of Science and Industry,Griffin Museum of Science and Industry,casual,0.03695916122464364,505,105528,1366373,86,7.72322052616672
Navy Pier,Adler Planetarium,casual,0.03644685601954957,498,106026,1366373,87,7.75966738218627
DuSable Lake Shore Dr & Monroe St,Burnham Harbor,casual,0.03644685601954957,498,106524,1366373,88,7.796114238205819
Dusable Harbor,Shedd Aquarium,casual,0.03630048310380841,496,107020,1366373,89,7.832414721309627
Columbus Dr & Randolph St,Navy Pier,casual,0.036007737272326076,492,107512,1366373,90,7.868422458581954
McCormick Place,McCormick Place,casual,0.035495432067232005,485,107997,1366373,91,7.903917890649185
Fort Dearborn Dr & 31st St*,Fort Dearborn Dr & 31st St*,casual,0.035495432067232005,485,108482,1366373,92,7.939413322716418
Navy Pier,Michigan Ave & Washington St,casual,0.03534905915149084,483,108965,1366373,93,7.974762381867909
DuSable Lake Shore Dr & Wellington Ave,DuSable Lake Shore Dr & Wellington Ave,casual,0.03483675394639677,476,109441,1366373,94,8.009599135814305
Buckingham Fountain,Buckingham Fountain,casual,0.03425126228343212,468,109909,1366373,95,8.043850398097737
Lincoln Park Conservatory,Navy Pier,casual,0.03403170290982038,465,110374,1366373,96,8.077882101007559
Fairbanks Ct & Grand Ave,Fairbanks Ct & Grand Ave,casual,0.03403170290982038,465,110839,1366373,97,8.111913803917378
Benson Ave & Church St,Sheridan Rd & Noyes St (NU),casual,0.03351939770472631,458,111297,1366373,98,8.145433201622104
Kimbark Ave & 53rd St,University Ave & 57th St,casual,0.033299838331114565,455,111752,1366373,99,8.178733039953219
Navy Pier,Lincoln Park Conservatory,casual,0.03322665187324398,454,112206,1366373,100,8.211959691826463
DuSable Lake Shore Dr & Belmont Ave,DuSable Lake Shore Dr & Belmont Ave,casual,0.03322665187324398,454,112660,1366373,101,8.245186343699707
Navy Pier,Fairbanks Ct & Grand Ave,casual,0.03286071958389108,449,113109,1366373,102,8.278047063283598
Shedd Aquarium,Michigan Ave & Jackson Blvd,casual,0.032567973752408746,445,113554,1366373,103,8.310615037036007
Dusable Harbor,Theater on the Lake,casual,0.032202041463055844,440,113994,1366373,104,8.342817078499062
Indiana Ave & Roosevelt Rd,Navy Pier,casual,0.032055668547314675,438,114432,1366373,105,8.374872747046377
Stetson Ave & South Water St,Stetson Ave & South Water St,casual,0.031836109173702935,435,114867,1366373,106,8.40670885622008
Shedd Aquarium,Indiana Ave & Roosevelt Rd,casual,0.03168973625796177,433,115300,1366373,107,8.438398592478043
DuSable Lake Shore Dr & Monroe St,Indiana Ave & Roosevelt Rd,casual,0.03139699042647944,429,115729,1366373,108,8.46979558290452
Michigan Ave & Washington St,Navy Pier,casual,0.03110424459499712,425,116154,1366373,109,8.500899827499518
Clark St & Armitage Ave,Clark St & Armitage Ave,casual,0.03095787167925596,423,116577,1366373,110,8.531857699178774
Michigan Ave & Ida B Wells Dr,Michigan Ave & Ida B Wells Dr,casual,0.030738312305644215,420,116997,1366373,111,8.56259601148442
Mies van der Rohe Way & Chestnut St,Mies van der Rohe Way & Chestnut St,casual,0.03066512584777363,419,117416,1366373,112,8.593261137332192
Navy Pier,DuSable Lake Shore Dr & Diversey Pkwy,casual,0.03007963418480898,411,117827,1366373,113,8.623340771517002
Burnham Harbor,DuSable Lake Shore Dr & Monroe St,casual,0.030006447726938397,410,118237,1366373,114,8.65334721924394
Navy Pier,Field Museum,casual,0.029420956063973748,402,118639,1366373,115,8.682768175307913
Dusable Harbor,Michigan Ave & Oak St,casual,0.029347769606103167,401,119040,1366373,116,8.712115944914018
Cannon Dr & Fullerton Ave,Cannon Dr & Fullerton Ave,casual,0.029347769606103167,401,119441,1366373,117,8.74146371452012
Indiana Ave & Roosevelt Rd,Millennium Park,casual,0.02912821023249142,398,119839,1366373,118,8.770591924752612
Dusable Harbor,Millennium Park,casual,0.02912821023249142,398,120237,1366373,119,8.799720134985103
Navy Pier,Indiana Ave & Roosevelt Rd,casual,0.02905502377462084,397,120634,1366373,120,8.828775158759724
Burnham Harbor,Burnham Harbor,casual,0.02898183731675026,396,121030,1366373,121,8.857756996076475
Indiana Ave & Roosevelt Rd,Shedd Aquarium,casual,0.028835464401009096,394,121424,1366373,122,8.886592460477482
DuSable Lake Shore Dr & North Blvd,Dusable Harbor,casual,0.028835464401009096,394,121818,1366373,123,8.915427924878493
New St & Illinois St,Navy Pier,casual,0.02861590502739735,391,122209,1366373,124,8.94404382990589
Adler Planetarium,Millennium Park,casual,0.028542718569526768,390,122599,1366373,125,8.972586548475418
Wabash Ave & Wacker Pl,Wabash Ave & Wacker Pl,casual,0.028396345653785605,388,122987,1366373,126,9.000982894129201
Ellis Ave & 55th St,Kimbark Ave & 53rd St,casual,0.02795722690656212,382,123369,1366373,127,9.028940121035763
Pine Grove Ave & Waveland Ave,Pine Grove Ave & Waveland Ave,casual,0.027810853990820956,380,123749,1366373,128,9.056750975026585
Millennium Park,Michigan Ave & Oak St,casual,0.027078989412115142,370,124119,1366373,129,9.0838299644387
Michigan Ave & Jackson Blvd,Navy Pier,casual,0.027078989412115142,370,124489,1366373,130,9.110908953850815
Lake Park Ave & 35th St,Lake Park Ave & 35th St,casual,0.027078989412115142,370,124859,1366373,131,9.13798794326293
Wabash Ave & Roosevelt Rd,Wabash Ave & Roosevelt Rd,casual,0.027005802954244557,369,125228,1366373,132,9.164993746217174
Shedd Aquarium,Michigan Ave & Oak St,casual,0.027005802954244557,369,125597,1366373,133,9.19199954917142
Marine Dr & Ainslie St,Marine Dr & Ainslie St,casual,0.026786243580632814,366,125963,1366373,134,9.218785792752051
Adler Planetarium,Shedd Aquarium,casual,0.026786243580632814,366,126329,1366373,135,9.245572036332685
Kimbark Ave & 53rd St,Ellis Ave & 55th St,casual,0.02663987066489165,364,126693,1366373,136,9.272211906997576
Wabash Ave & Grand Ave,Navy Pier,casual,0.026347124833409324,360,127053,1366373,137,9.298559031830985
LaSalle St & Illinois St,LaSalle St & Illinois St,casual,0.02620075191766816,358,127411,1366373,138,9.324759783748654
Wabash Ave & 9th St,Wabash Ave & 9th St,casual,0.02612756545979758,357,127768,1366373,139,9.350887349208453
Navy Pier,DuSable Lake Shore Dr & Belmont Ave,casual,0.026054379001927003,356,128124,1366373,140,9.37694172821038
Loomis St & Lexington St,Morgan St & Polk St,casual,0.026054379001927003,356,128480,1366373,141,9.402996107212305
DuSable Lake Shore Dr & North Blvd,Theater on the Lake,casual,0.026054379001927003,356,128836,1366373,142,9.429050486214233
Calumet Ave & 18th St,Calumet Ave & 18th St,casual,0.026054379001927003,356,129192,1366373,143,9.45510486521616
Michigan Ave & Oak St,DuSable Lake Shore Dr & Belmont Ave,casual,0.02568844671257409,351,129543,1366373,144,9.480793311928734
Cityfront Plaza Dr & Pioneer Ct,Navy Pier,casual,0.025468887338962347,348,129891,1366373,145,9.506262199267697
Millennium Park,Adler Planetarium,casual,0.025322514423221185,346,130237,1366373,146,9.531584713690917
McClurg Ct & Erie St,McClurg Ct & Erie St,casual,0.025322514423221185,346,130583,1366373,147,9.55690722811414
Michigan Ave & Oak St,Millennium Park,casual,0.025176141507480026,344,130927,1366373,148,9.58208336962162
Clark St & Armitage Ave,Navy Pier,casual,0.025176141507480026,344,131271,1366373,149,9.607259511129099
Navy Pier,Michigan Ave & Jackson Blvd,casual,0.02502976859173886,342,131613,1366373,150,9.632289279720837
Shedd Aquarium,Michigan Ave & 8th St,casual,0.024956582133868276,341,131954,1366373,151,9.657245861854706
Navy Pier,Michigan Ave & Lake St,casual,0.024810209218127113,339,132293,1366373,152,9.682056071072832
Wells St & 19th St,Wells St & 19th St,casual,0.024663836302385955,337,132630,1366373,153,9.70671990737522
McClurg Ct & Ohio St,Navy Pier,casual,0.024663836302385955,337,132967,1366373,154,9.731383743677604
Indiana Ave & Roosevelt Rd,DuSable Lake Shore Dr & Monroe St,casual,0.02459064984451537,336,133303,1366373,155,9.75597439352212
Halsted St & Maxwell St,Halsted St & Polk St,casual,0.02459064984451537,336,133639,1366373,156,9.780565043366636
Millennium Park,Michigan Ave & 8th St,casual,0.02451746338664479,335,133974,1366373,157,9.80508250675328
Millennium Park,Field Museum,casual,0.02451746338664479,335,134309,1366373,158,9.829599970139926
Sheridan Rd & Noyes St (NU),Sheridan Rd & Noyes St (NU),casual,0.024371090470903627,333,134642,1366373,159,9.85397106061083
DuSable Lake Shore Dr & Monroe St,Michigan Ave & 8th St,casual,0.024297904013033046,332,134974,1366373,160,9.878268964623862
Blackstone Ave & 59th St,University Ave & 57th St,casual,0.024224717555162464,331,135305,1366373,161,9.902493682179024
Michigan Ave & 8th St,Shedd Aquarium,casual,0.024005158181550718,328,135633,1366373,162,9.926498840360575
DuSable Lake Shore Dr & Belmont Ave,Navy Pier,casual,0.024005158181550718,328,135961,1366373,163,9.950503998542127
Navy Pier,Clark St & Lincoln Ave,casual,0.023712412350068393,324,136285,1366373,164,9.974216410892193
Navy Pier,McClurg Ct & Ohio St,casual,0.023639225892197812,323,136608,1366373,165,9.997855636784392
Walsh Park,Walsh Park,casual,0.02341966651858607,320,136928,1366373,166,10.021275303302977
Michigan Ave & Lake St,Navy Pier,casual,0.02341966651858607,320,137248,1366373,167,10.044694969821565
Shedd Aquarium,Adler Planetarium,casual,0.023346480060715484,319,137567,1366373,168,10.06804144988228
Navy Pier,New St & Illinois St,casual,0.023200107144974322,317,137884,1366373,169,10.091241557027255
DuSable Lake Shore Dr & Belmont Ave,DuSable Lake Shore Dr & North Blvd,casual,0.023200107144974322,317,138201,1366373,170,10.11444166417223
DuSable Lake Shore Dr & Diversey Pkwy,Michigan Ave & Oak St,casual,0.02312692068710374,316,138517,1366373,171,10.13756858485933
Theater on the Lake,Dusable Harbor,casual,0.022907361313491997,313,138830,1366373,172,10.160475946172824
Wells St & Huron St,Wells St & Elm St,casual,0.022760988397750835,311,139141,1366373,173,10.183236934570575
Michigan Ave & Oak St,DuSable Lake Shore Dr & Diversey Pkwy,casual,0.022468242566268507,307,139448,1366373,174,10.205705177136844
Streeter Dr & Grand Ave,DuSable Lake Shore Dr & Monroe St,casual,0.022395056108397926,306,139754,1366373,175,10.228100233245241
Wentworth Ave & Cermak Rd*,Wentworth Ave & Cermak Rd*,casual,0.022321869650527345,305,140059,1366373,176,10.250422102895769
DuSable Lake Shore Dr & Belmont Ave,Michigan Ave & Oak St,casual,0.022321869650527345,305,140364,1366373,177,10.272743972546296
Adler Planetarium,Field Museum,casual,0.022321869650527345,305,140669,1366373,178,10.295065842196824
University Ave & 57th St,Lake Park Ave & 56th St,casual,0.022248683192656764,304,140973,1366373,179,10.317314525389481
Michigan Ave & 8th St,DuSable Lake Shore Dr & Monroe St,casual,0.022248683192656764,304,141277,1366373,180,10.339563208582137
McClurg Ct & Ohio St,DuSable Lake Shore Dr & North Blvd,casual,0.022175496734786183,303,141580,1366373,181,10.361738705316922
LaSalle St & Illinois St,Navy Pier,casual,0.02202912381904502,301,141881,1366373,182,10.383767829135968
Millennium Park,Dusable Harbor,casual,0.02195593736117444,300,142181,1366373,183,10.405723766497141
Michigan Ave & Jackson Blvd,Millennium Park,casual,0.021809564445433274,298,142479,1366373,184,10.427533330942577
Michigan Ave & Pearson St,Michigan Ave & Pearson St,casual,0.021736377987562693,297,142776,1366373,185,10.449269708930139
Navy Pier,Mies van der Rohe Way & Chestnut St,casual,0.02159000507182153,295,143071,1366373,186,10.470859714001959
Indiana Ave & Roosevelt Rd,Adler Planetarium,casual,0.02159000507182153,295,143366,1366373,187,10.492449719073782
Wells St & Elm St,Wells St & Concord Ln,casual,0.021443632156080368,293,143659,1366373,188,10.513893351229862
Navy Pier,Clark St & Armitage Ave,casual,0.021443632156080368,293,143952,1366373,189,10.535336983385942
Montrose Harbor,Theater on the Lake,casual,0.021297259240339206,291,144243,1366373,190,10.55663424262628
Sheffield Ave & Fullerton Ave,Greenview Ave & Fullerton Ave,casual,0.021077699866727462,288,144531,1366373,191,10.577711942493009
Streeter Dr & Grand Ave,Michigan Ave & Oak St,casual,0.021004513408856878,287,144818,1366373,192,10.598716455901865
Stockton Dr & Wrightwood Ave,Stockton Dr & Wrightwood Ave,casual,0.021004513408856878,287,145105,1366373,193,10.619720969310723
Lincoln Park Conservatory,Michigan Ave & Oak St,casual,0.021004513408856878,287,145392,1366373,194,10.64072548271958
Buckingham Fountain,Millennium Park,casual,0.021004513408856878,287,145679,1366373,195,10.661729996128438
Field Museum,Michigan Ave & Jackson Blvd,casual,0.020931326950986297,286,145965,1366373,196,10.682661323079422
Field Museum,Michigan Ave & 8th St,casual,0.020931326950986297,286,146251,1366373,197,10.703592650030409
Navy Pier,DuSable Lake Shore Dr & Wellington Ave,casual,0.020858140493115716,285,146536,1366373,198,10.724450790523525
Kimbark Ave & 53rd St,Ellis Ave & 60th St,casual,0.020858140493115716,285,146821,1366373,199,10.745308931016641
Montrose Harbor,Lakefront Trail & Bryn Mawr Ave,casual,0.020784954035245135,284,147105,1366373,200,10.766093885051886
St. Clair St & Erie St,St. Clair St & Erie St,casual,0.020638581119503972,282,147387,1366373,201,10.78673246617139
DuSable Lake Shore Dr & Diversey Pkwy,DuSable Lake Shore Dr & North Blvd,casual,0.020638581119503972,282,147669,1366373,202,10.807371047290895
Millennium Park,DuSable Lake Shore Dr & North Blvd,casual,0.02049220820376281,280,147949,1366373,203,10.827863255494655
Michigan Ave & Oak St,Lincoln Park Conservatory,casual,0.02049220820376281,280,148229,1366373,204,10.84835546369842
Federal St & Polk St,Federal St & Polk St,casual,0.02049220820376281,280,148509,1366373,205,10.868847671902182
Clark St & Lincoln Ave,Navy Pier,casual,0.02049220820376281,280,148789,1366373,206,10.889339880105945
DuSable Lake Shore Dr & Diversey Pkwy,Navy Pier,casual,0.020345835288021644,278,149067,1366373,207,10.909685715393966
State St & Kinzie St,State St & Kinzie St,casual,0.020199462372280486,276,149343,1366373,208,10.929885177766247
Navy Pier,Montrose Harbor,casual,0.020199462372280486,276,149619,1366373,209,10.950084640138527
Lake Park Ave & 56th St,University Ave & 57th St,casual,0.020199462372280486,276,149895,1366373,210,10.970284102510808
Dusable Harbor,Adler Planetarium,casual,0.020199462372280486,276,150171,1366373,211,10.990483564883089
DuSable Lake Shore Dr & North Blvd,McClurg Ct & Ohio St,casual,0.020199462372280486,276,150447,1366373,212,11.01068302725537
Franklin St & Jackson Blvd,Franklin St & Jackson Blvd,casual,0.0201262759144099,275,150722,1366373,213,11.030809303169779
Millennium Park,Michigan Ave & Lake St,casual,0.02005308945653932,274,150996,1366373,214,11.050862392626318
DuSable Lake Shore Dr & Belmont Ave,Theater on the Lake,casual,0.01997990299866874,273,151269,1366373,215,11.070842295624987
Big Marsh Park,Big Marsh Park,casual,0.01997990299866874,273,151542,1366373,216,11.090822198623655
Wabash Ave & Roosevelt Rd,Shedd Aquarium,casual,0.019906716540798158,272,151814,1366373,217,11.110728915164454
Michigan Ave & 8th St,Michigan Ave & Jackson Blvd,casual,0.019906716540798158,272,152086,1366373,218,11.130635631705251
Lakeview Ave & Fullerton Pkwy,Lakeview Ave & Fullerton Pkwy,casual,0.019906716540798158,272,152358,1366373,219,11.150542348246049
Field Museum,Dusable Harbor,casual,0.019906716540798158,272,152630,1366373,220,11.17044906478685
Michigan Ave & Oak St,Dusable Harbor,casual,0.019760343625056992,270,152900,1366373,221,11.190209408411905
DuSable Lake Shore Dr & Wellington Ave,Navy Pier,casual,0.019760343625056992,270,153170,1366373,222,11.209969752036962
Dearborn St & Erie St,Dearborn St & Erie St,casual,0.019760343625056992,270,153440,1366373,223,11.229730095662019
Adler Planetarium,Indiana Ave & Roosevelt Rd,casual,0.019687157167186414,269,153709,1366373,224,11.249417252829206
Adler Planetarium,Dusable Harbor,casual,0.019687157167186414,269,153978,1366373,225,11.269104409996391
University Ave & 57th St,Blackstone Ave & 59th St,casual,0.019613970709315833,268,154246,1366373,226,11.288718380705708
Field Museum,Indiana Ave & Roosevelt Rd,casual,0.01954078425144525,267,154513,1366373,227,11.308259164957153
DuSable Lake Shore Dr & North Blvd,Lincoln Park Conservatory,casual,0.01954078425144525,267,154780,1366373,228,11.327799949208599
DuSable Lake Shore Dr & North Blvd,DuSable Lake Shore Dr & Belmont Ave,casual,0.01954078425144525,267,155047,1366373,229,11.347340733460044
Michigan Ave & Oak St,Shedd Aquarium,casual,0.019467597793574667,266,155313,1366373,230,11.366808331253617
Shore Dr & 55th St,Woodlawn Ave & 55th St,casual,0.019394411335704086,265,155578,1366373,231,11.386202742589322
Sheffield Ave & Fullerton Ave,Southport Ave & Wrightwood Ave,casual,0.019394411335704086,265,155843,1366373,232,11.405597153925026
Streeter Dr & Grand Ave,DuSable Lake Shore Dr & North Blvd,casual,0.019248038419962924,263,156106,1366373,233,11.42484519234499
Streeter Dr & Grand Ave,Millennium Park,casual,0.019174851962092343,262,156368,1366373,234,11.444020044307083
Morgan St & Polk St,Loomis St & Lexington St,casual,0.019174851962092343,262,156630,1366373,235,11.463194896269174
Lincoln Park Conservatory,DuSable Lake Shore Dr & Monroe St,casual,0.019174851962092343,262,156892,1366373,236,11.482369748231266
Streeter Dr & Grand Ave,Theater on the Lake,casual,0.019101665504221762,261,157153,1366373,237,11.501471413735489
Navy Pier,LaSalle St & Illinois St,casual,0.019101665504221762,261,157414,1366373,238,11.52057307923971
State St & Randolph St,State St & Randolph St,casual,0.01902847904635118,260,157674,1366373,239,11.539601558286062
Milwaukee Ave & The 606,Milwaukee Ave & The 606,casual,0.01902847904635118,260,157934,1366373,240,11.558630037332412
Benson Ave & Church St,Benson Ave & Church St,casual,0.01902847904635118,260,158194,1366373,241,11.577658516378763
Navy Pier,St. Clair St & Erie St,casual,0.018955292588480596,259,158453,1366373,242,11.596613808967243
DuSable Lake Shore Dr & North Blvd,Streeter Dr & Grand Ave,casual,0.018808919672739434,257,158710,1366373,243,11.615422728639983
DuSable Lake Shore Dr & Belmont Ave,Montrose Harbor,casual,0.018808919672739434,257,158967,1366373,244,11.634231648312724
University Ave & 57th St,Shore Dr & 55th St,casual,0.018735733214868856,256,159223,1366373,245,11.652967381527592
Montrose Harbor,Navy Pier,casual,0.018735733214868856,256,159479,1366373,246,11.67170311474246
DuSable Lake Shore Dr & North Blvd,Clark St & Armitage Ave,casual,0.018735733214868856,256,159735,1366373,247,11.69043884795733
Woodlawn Ave & 55th St,Shore Dr & 55th St,casual,0.01866254675699827,255,159990,1366373,248,11.709101394714327
Fairbanks Ct & Grand Ave,Navy Pier,casual,0.01858936029912769,254,160244,1366373,249,11.727690755013455
DuSable Lake Shore Dr & Monroe St,McClurg Ct & Ohio St,casual,0.01858936029912769,254,160498,1366373,250,11.746280115312583
Theater on the Lake,DuSable Lake Shore Dr & Belmont Ave,casual,0.01851617384125711,253,160751,1366373,251,11.764796289153841
Burnham Harbor,Navy Pier,casual,0.01851617384125711,253,161004,1366373,252,11.783312462995097
Michigan Ave & 14th St,Michigan Ave & 14th St,casual,0.01844298738338653,252,161256,1366373,253,11.801755450378485
Clark St & Elm St,Clark St & Elm St,casual,0.01844298738338653,252,161508,1366373,254,11.820198437761869
Adler Planetarium,Michigan Ave & 8th St,casual,0.01844298738338653,252,161760,1366373,255,11.838641425145257
University Ave & 57th St,University Ave & 57th St,casual,0.018296614467645366,250,162010,1366373,256,11.856938039612903
Michigan Ave & Oak St,Clark St & Armitage Ave,casual,0.018296614467645366,250,162260,1366373,257,11.875234654080549
Navy Pier,Cannon Dr & Fullerton Ave,casual,0.017930682178292457,245,162505,1366373,258,11.893165336258841
DuSable Lake Shore Dr & North Blvd,DuSable Lake Shore Dr & Diversey Pkwy,casual,0.017930682178292457,245,162750,1366373,259,11.911096018437133
Woodlawn Ave & 58th St,Kimbark Ave & 53rd St,casual,0.017857495720421876,244,162994,1366373,260,11.928953514157554
Millennium Park,Indiana Ave & Roosevelt Rd,casual,0.017857495720421876,244,163238,1366373,261,11.946811009877976
Navy Pier,Dearborn St & Erie St,casual,0.017784309262551295,243,163481,1366373,262,11.964595319140528
Michigan Ave & 18th St,Michigan Ave & 18th St,casual,0.017784309262551295,243,163724,1366373,263,11.982379628403079
McCormick Place,Michigan Ave & 8th St,casual,0.017784309262551295,243,163967,1366373,264,12.00016393766563
Sheridan Rd & Montrose Ave,Sheffield Ave & Waveland Ave,casual,0.017711122804680714,242,164209,1366373,265,12.017875060470312
Navy Pier,Michigan Ave & Ida B Wells Dr,casual,0.017711122804680714,242,164451,1366373,266,12.035586183274992
Michigan Ave & Oak St,DuSable Lake Shore Dr & Wellington Ave,casual,0.017711122804680714,242,164693,1366373,267,12.053297306079672
Dusable Harbor,Streeter Dr & Grand Ave,casual,0.017637936346810133,241,164934,1366373,268,12.070935242426483
Shedd Aquarium,DuSable Lake Shore Dr & North Blvd,casual,0.01756474988893955,240,165174,1366373,269,12.088499992315421
Michigan Ave & Jackson Blvd,Shedd Aquarium,casual,0.017491563431068967,239,165413,1366373,270,12.105991555746492
Ritchie Ct & Banks St,Ritchie Ct & Banks St,casual,0.017418376973198386,238,165651,1366373,271,12.123409932719689
DuSable Lake Shore Dr & North Blvd,DuSable Lake Shore Dr & Wellington Ave,casual,0.017418376973198386,238,165889,1366373,272,12.140828309692887
Shedd Aquarium,Streeter Dr & Grand Ave,casual,0.017345190515327808,237,166126,1366373,273,12.158173500208216
Dearborn Pkwy & Delaware Pl,Dearborn Pkwy & Delaware Pl,casual,0.017345190515327808,237,166363,1366373,274,12.175518690723543
Columbus Dr & Randolph St,DuSable Lake Shore Dr & Monroe St,casual,0.017272004057457227,236,166599,1366373,275,12.192790694781
California Ave & Montrose Ave,California Ave & Montrose Ave,casual,0.017272004057457227,236,166835,1366373,276,12.210062698838458
Navy Pier,State St & Randolph St,casual,0.017198817599586642,235,167070,1366373,277,12.227261516438045
DuSable Lake Shore Dr & Wellington Ave,DuSable Lake Shore Dr & North Blvd,casual,0.017198817599586642,235,167305,1366373,278,12.244460334037631
Woodlawn Ave & 55th St,Ellis Ave & 60th St,casual,0.01712563114171606,234,167539,1366373,279,12.261585965179348
Rush St & Superior St,Rush St & Superior St,casual,0.01705244468384548,233,167772,1366373,280,12.278638409863191
Navy Pier,Burnham Harbor,casual,0.01705244468384548,233,168005,1366373,281,12.295690854547038
Cornell Ave & Hyde Park Blvd,Cornell Ave & Hyde Park Blvd,casual,0.01705244468384548,233,168238,1366373,282,12.312743299230885
Wells St & Elm St,Wells St & Huron St,casual,0.0169792582259749,232,168470,1366373,283,12.329722557456858
Wells St & Hubbard St,Wells St & Hubbard St,casual,0.016906071768104314,231,168701,1366373,284,12.346628629224963
Rush St & Hubbard St,Rush St & Hubbard St,casual,0.016906071768104314,231,168932,1366373,285,12.363534700993068
Mies van der Rohe Way & Chicago Ave,Mies van der Rohe Way & Chicago Ave,casual,0.016906071768104314,231,169163,1366373,286,12.38044077276117
Kimbark Ave & 53rd St,Woodlawn Ave & 58th St,casual,0.016832885310233737,230,169393,1366373,287,12.397273658071404
Ellis Ave & 60th St,Kimbark Ave & 53rd St,casual,0.016832885310233737,230,169623,1366373,288,12.414106543381639
63rd St Beach,63rd St Beach,casual,0.016832885310233737,230,169853,1366373,289,12.430939428691874
Lakefront Trail & Bryn Mawr Ave,Montrose Harbor,casual,0.016759698852363156,229,170082,1366373,290,12.447699127544237
Clark St & Armitage Ave,DuSable Lake Shore Dr & North Blvd,casual,0.016759698852363156,229,170311,1366373,291,12.4644588263966
Buckingham Fountain,Michigan Ave & Jackson Blvd,casual,0.016759698852363156,229,170540,1366373,292,12.481218525248963
Calumet Ave & 33rd St,State St & 33rd St,casual,0.016686512394492575,228,170768,1366373,293,12.497905037643454
Ellis Ave & 53rd St,University Ave & 57th St,casual,0.01654013947875141,226,170994,1366373,294,12.514445177122205
State St & Chicago Ave,State St & Chicago Ave,casual,0.016466953020880828,225,171219,1366373,295,12.530912130143088
Adler Planetarium,Michigan Ave & Jackson Blvd,casual,0.016466953020880828,225,171444,1366373,296,12.547379083163968
Theater on the Lake,Montrose Harbor,casual,0.016393766563010247,224,171668,1366373,297,12.563772849726979
Shore Dr & 55th St,University Ave & 57th St,casual,0.016393766563010247,224,171892,1366373,298,12.58016661628999
Dusable Harbor,Indiana Ave & Roosevelt Rd,casual,0.016393766563010247,224,172116,1366373,299,12.596560382852998
Dusable Harbor,Field Museum,casual,0.016393766563010247,224,172340,1366373,300,12.612954149416009
Navy Pier,Columbus Dr & Randolph St,casual,0.016320580105139666,223,172563,1366373,301,12.629274729521148
DuSable Lake Shore Dr & Wellington Ave,Michigan Ave & Oak St,casual,0.016320580105139666,223,172786,1366373,302,12.645595309626287
Halsted St & Polk St,Halsted St & Maxwell St,casual,0.016174207189398503,221,173007,1366373,303,12.661769516815685
Clark St & Lake St,Clark St & Lake St,casual,0.016174207189398503,221,173228,1366373,304,12.677943724005086
Glenwood Ave & Touhy Ave,Greenview Ave & Jarvis Ave,casual,0.016101020731527922,220,173448,1366373,305,12.694044744736614
Pine Grove Ave & Irving Park Rd,Pine Grove Ave & Irving Park Rd,casual,0.016027834273657338,219,173667,1366373,306,12.710072579010271
Michigan Ave & 8th St,Michigan Ave & Lake St,casual,0.016027834273657338,219,173886,1366373,307,12.726100413283929
Broadway & Cornelia Ave,Broadway & Cornelia Ave,casual,0.016027834273657338,219,174105,1366373,308,12.742128247557586
Theater on the Lake,DuSable Lake Shore Dr & Diversey Pkwy,casual,0.015954647815786756,218,174323,1366373,309,12.758082895373372
Lincoln Park Conservatory,DuSable Lake Shore Dr & North Blvd,casual,0.015954647815786756,218,174541,1366373,310,12.77403754318916
LaSalle Dr & Huron St,LaSalle Dr & Huron St,casual,0.01588146135791618,217,174758,1366373,311,12.789919004547073
Montrose Harbor,DuSable Lake Shore Dr & Belmont Ave,casual,0.015808274900045594,216,174974,1366373,312,12.80572727944712
Mies van der Rohe Way & Chestnut St,Navy Pier,casual,0.015808274900045594,216,175190,1366373,313,12.821535554347166
Field Blvd & South Water St,DuSable Lake Shore Dr & North Blvd,casual,0.015808274900045594,216,175406,1366373,314,12.83734382924721
Halsted St & Maxwell St,900 W Harrison St,casual,0.015735088442175013,215,175621,1366373,315,12.853078917689388
Theater on the Lake,DuSable Lake Shore Dr & Wellington Ave,casual,0.015661901984304432,214,175835,1366373,316,12.868740819673691
Michigan Ave & 8th St,McCormick Place,casual,0.015661901984304432,214,176049,1366373,317,12.884402721657995
McCormick Place,Millennium Park,casual,0.015661901984304432,214,176263,1366373,318,12.900064623642299
Halsted St & 35th St,Wentworth Ave & 35th St,casual,0.015661901984304432,214,176477,1366373,319,12.915726525626603
Columbus Dr & Randolph St,Shedd Aquarium,casual,0.015661901984304432,214,176691,1366373,320,12.93138842761091
Ellis Ave & 55th St,Shore Dr & 55th St,casual,0.015588715526433851,213,176904,1366373,321,12.946977143137342
Michigan Ave & Oak St,Montrose Harbor,casual,0.015515529068563268,212,177116,1366373,322,12.962492672205904
Shore Dr & 55th St,Ellis Ave & 55th St,casual,0.015442342610692689,211,177327,1366373,323,12.9779350148166
Shedd Aquarium,Wabash Ave & Roosevelt Rd,casual,0.015442342610692689,211,177538,1366373,324,12.99337735742729
Navy Pier,Wabash Ave & Wacker Pl,casual,0.015442342610692689,211,177749,1366373,325,13.008819700037986
Wentworth Ave & 35th St,Halsted St & 35th St,casual,0.015369156152822108,210,177959,1366373,326,13.024188856190804
Wells St & Concord Ln,Wells St & Elm St,casual,0.015295969694951525,209,178168,1366373,327,13.039484825885758
New St & Illinois St,DuSable Lake Shore Dr & Monroe St,casual,0.015295969694951525,209,178377,1366373,328,13.054780795580708
Montrose Harbor,DuSable Lake Shore Dr & North Blvd,casual,0.015222783237080944,208,178585,1366373,329,13.07000357881779
Clarendon Ave & Junior Ter,Clarendon Ave & Junior Ter,casual,0.015222783237080944,208,178793,1366373,330,13.085226362054872
Wabash Ave & Adams St,Wabash Ave & Adams St,casual,0.015149596779210362,207,179000,1366373,331,13.100375958834082
University Ave & 57th St,Harper Ave & 55th St,casual,0.015149596779210362,207,179207,1366373,332,13.115525555613292
DuSable Lake Shore Dr & Diversey Pkwy,Theater on the Lake,casual,0.015149596779210362,207,179414,1366373,333,13.130675152392502
Broadway & Granville Ave,Broadway & Granville Ave,casual,0.015149596779210362,207,179621,1366373,334,13.14582474917171
Mies van der Rohe Way & Chestnut St,Michigan Ave & Oak St,casual,0.01507641032133978,206,179827,1366373,335,13.160901159493053
DuSable Lake Shore Dr & North Blvd,Clark St & Lincoln Ave,casual,0.01507641032133978,206,180033,1366373,336,13.175977569814393
Cannon Dr & Fullerton Ave,Navy Pier,casual,0.01507641032133978,206,180239,1366373,337,13.191053980135731
Michigan Ave & Oak St,Clark St & Lincoln Ave,casual,0.015003223863469198,205,180444,1366373,338,13.2060572039992
Orleans St & Merchandise Mart Plaza,Orleans St & Merchandise Mart Plaza,casual,0.014930037405598619,204,180648,1366373,339,13.2209872414048
Navy Pier,Field Blvd & South Water St,casual,0.014930037405598619,204,180852,1366373,340,13.235917278810398
Field Blvd & South Water St,Navy Pier,casual,0.014930037405598619,204,181056,1366373,341,13.250847316215996
Montrose Harbor,Pine Grove Ave & Waveland Ave,casual,0.014856850947728036,203,181259,1366373,342,13.265704167163724
Michigan Ave & Oak St,Streeter Dr & Grand Ave,casual,0.014856850947728036,203,181462,1366373,343,13.280561018111452
Clark St & Armitage Ave,DuSable Lake Shore Dr & Monroe St,casual,0.014783664489857455,202,181664,1366373,344,13.295344682601309
Lakefront Trail & Wilson Ave,Montrose Harbor,casual,0.014710478031986874,201,181865,1366373,345,13.310055160633297
Calumet Ave & 21st St,Calumet Ave & 21st St,casual,0.014710478031986874,201,182066,1366373,346,13.324765638665284
Buckingham Fountain,Navy Pier,casual,0.014710478031986874,201,182267,1366373,347,13.339476116697272
Broadway & Barry Ave,Broadway & Barry Ave,casual,0.014710478031986874,201,182468,1366373,348,13.354186594729258
Wabash Ave & Roosevelt Rd,Wabash Ave & 16th St,casual,0.014637291574116291,200,182668,1366373,349,13.368823886303375
Damen Ave & Pierce Ave,Damen Ave & Chicago Ave,casual,0.014637291574116291,200,182868,1366373,350,13.38346117787749
Damen Ave & Foster Ave,Damen Ave & Leland Ave,casual,0.014637291574116291,200,183068,1366373,351,13.398098469451606
Clark St & Armitage Ave,Michigan Ave & Oak St,casual,0.014637291574116291,200,183268,1366373,352,13.412735761025724
Shedd Aquarium,Columbus Dr & Randolph St,casual,0.01456410511624571,199,183467,1366373,353,13.427299866141967
Michigan Ave & 8th St,Field Museum,casual,0.01456410511624571,199,183666,1366373,354,13.441863971258213
Wells St & Elm St,Wells St & Elm St,casual,0.01449091865837513,198,183864,1366373,355,13.45635488991659
Portage Park,Portage Park,casual,0.01449091865837513,198,184062,1366373,356,13.470845808574964
Montrose Harbor,DuSable Lake Shore Dr & Wellington Ave,casual,0.01449091865837513,198,184260,1366373,357,13.48533672723334
Millennium Park,Wabash Ave & Grand Ave,casual,0.01449091865837513,198,184458,1366373,358,13.499827645891715
Millennium Park,Michigan Ave & Jackson Blvd,casual,0.01449091865837513,198,184656,1366373,359,13.51431856455009
DuSable Lake Shore Dr & North Blvd,Millennium Park,casual,0.01449091865837513,198,184854,1366373,360,13.528809483208464
Michigan Ave & Pearson St,Navy Pier,casual,0.014417732200504548,197,185051,1366373,361,13.54322721540897
McCormick Place,DuSable Lake Shore Dr & Monroe St,casual,0.014417732200504548,197,185248,1366373,362,13.557644947609473
Greenview Ave & Fullerton Ave,Sheffield Ave & Fullerton Ave,casual,0.014417732200504548,197,185445,1366373,363,13.57206267980998
Cornell Ave & Hyde Park Blvd,University Ave & 57th St,casual,0.014417732200504548,197,185642,1366373,364,13.586480412010483
Wells St & Concord Ln,Wells St & Concord Ln,casual,0.014344545742633967,196,185838,1366373,365,13.600824957753115
Navy Pier,Michigan Ave & Pearson St,casual,0.014344545742633967,196,186034,1366373,366,13.61516950349575
Montrose Harbor,Michigan Ave & Oak St,casual,0.014344545742633967,196,186230,1366373,367,13.629514049238386
Millennium Park,Theater on the Lake,casual,0.014344545742633967,196,186426,1366373,368,13.64385859498102
McClurg Ct & Erie St,Navy Pier,casual,0.014344545742633967,196,186622,1366373,369,13.658203140723653
Desplaines St & Kinzie St,Desplaines St & Kinzie St,casual,0.014344545742633967,196,186818,1366373,370,13.672547686466288
Wells St & Huron St,Wells St & Huron St,casual,0.014271359284763384,195,187013,1366373,371,13.68681904575105
DuSable Lake Shore Dr & North Blvd,Stockton Dr & Wrightwood Ave,casual,0.014271359284763384,195,187208,1366373,372,13.701090405035815
DuSable Lake Shore Dr & North Blvd,Field Blvd & South Water St,casual,0.014271359284763384,195,187403,1366373,373,13.715361764320576
Southport Ave & Wellington Ave,Sheffield Ave & Wellington Ave,casual,0.014198172826892803,194,187597,1366373,374,13.72955993714747
Field Museum,Michigan Ave & Oak St,casual,0.014198172826892803,194,187791,1366373,375,13.743758109974364
DuSable Lake Shore Dr & Monroe St,Michigan Ave & Jackson Blvd,casual,0.014198172826892803,194,187985,1366373,376,13.757956282801256
Broadway & Berwyn Ave,Clark St & Berwyn Ave,casual,0.014198172826892803,194,188179,1366373,377,13.772154455628149
Millennium Park,Streeter Dr & Grand Ave,casual,0.014124986369022222,193,188372,1366373,378,13.78627944199717
Michigan Ave & 8th St,Adler Planetarium,casual,0.014124986369022222,193,188565,1366373,379,13.800404428366193
Indiana Ave & Roosevelt Rd,Michigan Ave & Jackson Blvd,casual,0.014124986369022222,193,188758,1366373,380,13.814529414735215
Wells St & Polk St,Franklin St & Monroe St,casual,0.014051799911151639,192,188950,1366373,381,13.828581214646366
State St & Harrison St,State St & Harrison St,casual,0.014051799911151639,192,189142,1366373,382,13.842633014557517
Shedd Aquarium,Michigan Ave & Lake St,casual,0.014051799911151639,192,189334,1366373,383,13.85668481446867
DuSable Lake Shore Dr & Belmont Ave,DuSable Lake Shore Dr & Monroe St,casual,0.014051799911151639,192,189526,1366373,384,13.870736614379823
Shedd Aquarium,Michigan Ave & Washington St,casual,0.01397861345328106,191,189717,1366373,385,13.884715227833103
Navy Pier,Cityfront Plaza Dr & Pioneer Ct,casual,0.01397861345328106,191,189908,1366373,386,13.898693841286383
Broadway & Cornelia Ave,Wilton Ave & Belmont Ave,casual,0.01397861345328106,191,190099,1366373,387,13.912672454739663
New St & Illinois St,Shedd Aquarium,casual,0.013905426995410478,190,190289,1366373,388,13.926577881735074
Larrabee St & Webster Ave,Larrabee St & Webster Ave,casual,0.013905426995410478,190,190479,1366373,389,13.940483308730487
Rush St & Illinois St,Navy Pier,casual,0.013832240537539895,189,190668,1366373,390,13.954315549268026
Navy Pier,Mies van der Rohe Way & Chicago Ave,casual,0.013832240537539895,189,190857,1366373,391,13.968147789805565
Michigan Ave & Ida B Wells Dr,Navy Pier,casual,0.013832240537539895,189,191046,1366373,392,13.981980030343106
Daley Center Plaza,Daley Center Plaza,casual,0.013832240537539895,189,191235,1366373,393,13.995812270880645
Clarendon Ave & Gordon Ter,Clarendon Ave & Gordon Ter,casual,0.013832240537539895,189,191424,1366373,394,14.009644511418184
University Ave & 57th St,Lake Park Ave & 53rd St,casual,0.013759054079669314,188,191612,1366373,395,14.023403565497855
Ellis Ave & 60th St,Ellis Ave & 60th St,casual,0.013759054079669314,188,191800,1366373,396,14.037162619577522
Clark St & North Ave,Clark St & North Ave,casual,0.013759054079669314,188,191988,1366373,397,14.050921673657193
McClurg Ct & Ohio St,DuSable Lake Shore Dr & Monroe St,casual,0.013685867621798731,187,192175,1366373,398,14.064607541278992
Clarendon Ave & Leland Ave,Clarendon Ave & Leland Ave,casual,0.013685867621798731,187,192362,1366373,399,14.078293408900791
Field Museum,Wabash Ave & Roosevelt Rd,casual,0.01361268116392815,186,192548,1366373,400,14.091906090064718
Wells St & Concord Ln,Larrabee St & Webster Ave,casual,0.013539494706057571,185,192733,1366373,401,14.105445584770775
Wabash Ave & Washington St,Wabash Ave & Washington St,casual,0.013539494706057571,185,192918,1366373,402,14.118985079476834
University Library (NU),University Library (NU),casual,0.013539494706057571,185,193103,1366373,403,14.132524574182892
Rush St & Cedar St,Rush St & Cedar St,casual,0.01346630824818699,184,193287,1366373,404,14.145990882431079
Michigan Ave & 8th St,Michigan Ave & Oak St,casual,0.013393121790316407,183,193470,1366373,405,14.159384004221396
Wilton Ave & Belmont Ave,Wilton Ave & Belmont Ave,casual,0.013319935332445826,182,193652,1366373,406,14.172703939553841
Dusable Harbor,Michigan Ave & 8th St,casual,0.013246748874575243,181,193833,1366373,407,14.185950688428417
Woodlawn Ave & 55th St,Woodlawn Ave & 58th St,casual,0.013173562416704662,180,194013,1366373,408,14.199124250845122
Wells St & Huron St,Wells St & Concord Ln,casual,0.013173562416704662,180,194193,1366373,409,14.212297813261825
Stockton Dr & Wrightwood Ave,DuSable Lake Shore Dr & North Blvd,casual,0.013173562416704662,180,194373,1366373,410,14.22547137567853
DuSable Lake Shore Dr & North Blvd,Montrose Harbor,casual,0.013173562416704662,180,194553,1366373,411,14.238644938095234
Damen Ave & Leland Ave,Damen Ave & Foster Ave,casual,0.013173562416704662,180,194733,1366373,412,14.25181850051194
Clark St & Elm St,LaSalle St & Illinois St,casual,0.013173562416704662,180,194913,1366373,413,14.264992062928645
Woodlawn Ave & 55th St,University Ave & 57th St,casual,0.01310037595883408,179,195092,1366373,414,14.278092438887477
University Ave & 57th St,Ellis Ave & 53rd St,casual,0.01310037595883408,179,195271,1366373,415,14.291192814846312
University Ave & 57th St,Cornell Ave & Hyde Park Blvd,casual,0.01310037595883408,179,195450,1366373,416,14.304293190805145
Ravenswood Ave & Lawrence Ave,Clark St & Winnemac Ave,casual,0.01310037595883408,179,195629,1366373,417,14.31739356676398
Millennium Park,Cityfront Plaza Dr & Pioneer Ct,casual,0.01310037595883408,179,195808,1366373,418,14.330493942722814
Clark St & Winnemac Ave,Clark St & Bryn Mawr Ave,casual,0.01310037595883408,179,195987,1366373,419,14.34359431868165
Broadway & Waveland Ave,Clarendon Ave & Junior Ter,casual,0.01310037595883408,179,196166,1366373,420,14.356694694640481
New St & Illinois St,DuSable Lake Shore Dr & North Blvd,casual,0.013027189500963501,178,196344,1366373,421,14.369721884141445
Greenview Ave & Jarvis Ave,Glenwood Ave & Touhy Ave,casual,0.013027189500963501,178,196522,1366373,422,14.382749073642408
DuSable Lake Shore Dr & Monroe St,DuSable Lake Shore Dr & Belmont Ave,casual,0.013027189500963501,178,196700,1366373,423,14.395776263143373
Dodge Ave & Church St,Benson Ave & Church St,casual,0.013027189500963501,178,196878,1366373,424,14.408803452644337
Wabash Ave & Roosevelt Rd,Michigan Ave & 18th St,casual,0.012954003043092919,177,197055,1366373,425,14.421757455687429
Wabash Ave & 16th St,Wabash Ave & Roosevelt Rd,casual,0.012954003043092919,177,197232,1366373,426,14.434711458730524
Wells St & Huron St,Wells St & Evergreen Ave,casual,0.012880816585222337,176,197408,1366373,427,14.447592275315746
Sheffield Ave & Wellington Ave,DuSable Lake Shore Dr & Wellington Ave,casual,0.012880816585222337,176,197584,1366373,428,14.460473091900965
Navy Pier,Rush St & Hubbard St,casual,0.012880816585222337,176,197760,1366373,429,14.473353908486189
Michigan Ave & 8th St,Indiana Ave & Roosevelt Rd,casual,0.012880816585222337,176,197936,1366373,430,14.486234725071412
Dearborn Pkwy & Delaware Pl,DuSable Lake Shore Dr & North Blvd,casual,0.012880816585222337,176,198112,1366373,431,14.499115541656634
Clinton St & Madison St,Clinton St & Madison St,casual,0.012880816585222337,176,198288,1366373,432,14.511996358241857
Wentworth Ave & Cermak Rd*,McCormick Place,casual,0.012807630127351755,175,198463,1366373,433,14.524803988369209
Griffin Museum of Science and Industry,DuSable Lake Shore Dr & Monroe St,casual,0.012807630127351755,175,198638,1366373,434,14.537611618496559
Navy Pier,Clark St & North Ave,casual,0.012734443669481173,174,198812,1366373,435,14.550346062166042
Ellis Ave & 55th St,Drexel Ave & 60th St,casual,0.012734443669481173,174,198986,1366373,436,14.56308050583552
Damen Ave & Lake St,Damen Ave & Chicago Ave,casual,0.012734443669481173,174,199160,1366373,437,14.575814949505004
Clark St & Lincoln Ave,DuSable Lake Shore Dr & Monroe St,casual,0.012734443669481173,174,199334,1366373,438,14.588549393174485
Central Park Ave & Bloomingdale Ave,Central Park Ave & Bloomingdale Ave,casual,0.012734443669481173,174,199508,1366373,439,14.601283836843965
900 W Harrison St,900 W Harrison St,casual,0.012734443669481173,174,199682,1366373,440,14.614018280513447
Wells St & Elm St,Wells St & Hubbard St,casual,0.012661257211610592,173,199855,1366373,441,14.626679537725057
State St & Chicago Ave,Wells St & Elm St,casual,0.012661257211610592,173,200028,1366373,442,14.639340794936667
Fort Dearborn Dr & 31st St,Fort Dearborn Dr & 31st St*,casual,0.012661257211610592,173,200201,1366373,443,14.652002052148278
Clark St & Schiller St,Clark St & Schiller St,casual,0.012661257211610592,173,200374,1366373,444,14.66466330935989
Streeter Dr & Grand Ave,Shedd Aquarium,casual,0.012588070753740013,172,200546,1366373,445,14.67725138011363
Sheridan Rd & Argyle St,Sheridan Rd & Argyle St,casual,0.012588070753740013,172,200718,1366373,446,14.689839450867371
Clark St & Elm St,Wells St & Concord Ln,casual,0.012588070753740013,172,200890,1366373,447,14.702427521621109
Wabash Ave & Grand Ave,Michigan Ave & Washington St,casual,0.01251488429586943,171,201061,1366373,448,14.714942405916979
Stockton Dr & Wrightwood Ave,Navy Pier,casual,0.01251488429586943,171,201232,1366373,449,14.727457290212847
Navy Pier,Rush St & Superior St,casual,0.01251488429586943,171,201403,1366373,450,14.739972174508717
Navy Pier,Lakefront Trail & Bryn Mawr Ave,casual,0.01251488429586943,171,201574,1366373,451,14.752487058804586
DuSable Lake Shore Dr & Wellington Ave,Montrose Harbor,casual,0.01251488429586943,171,201745,1366373,452,14.765001943100456
Clark St & Lincoln Ave,DuSable Lake Shore Dr & North Blvd,casual,0.01251488429586943,171,201916,1366373,453,14.777516827396326
Wells St & Evergreen Ave,Wells St & Evergreen Ave,casual,0.012441697837998849,170,202086,1366373,454,14.789958525234326
Stockton Dr & Wrightwood Ave,Theater on the Lake,casual,0.012441697837998849,170,202256,1366373,455,14.802400223072324
Cottage Grove Ave & Oakwood Blvd,Cottage Grove Ave & Oakwood Blvd,casual,0.012441697837998849,170,202426,1366373,456,14.814841920910323
Clark St & Lincoln Ave,Michigan Ave & Oak St,casual,0.012441697837998849,170,202596,1366373,457,14.827283618748321
Blackstone Ave & 59th St,Ellis Ave & 55th St,casual,0.012441697837998849,170,202766,1366373,458,14.83972531658632
Shore Dr & 55th St,Kimbark Ave & 53rd St,casual,0.012368511380128266,169,202935,1366373,459,14.852093827966447
Sheffield Ave & Waveland Ave,Sheffield Ave & Waveland Ave,casual,0.012368511380128266,169,203104,1366373,460,14.864462339346577
Michigan Ave & Washington St,Millennium Park,casual,0.012368511380128266,169,203273,1366373,461,14.876830850726705
DuSable Lake Shore Dr & Monroe St,Fort Dearborn Dr & 31st St*,casual,0.012368511380128266,169,203442,1366373,462,14.889199362106833
Clinton St & Lake St,Clinton St & Jackson Blvd,casual,0.012368511380128266,169,203611,1366373,463,14.901567873486963
Sheffield Ave & Waveland Ave,Sheridan Rd & Montrose Ave,casual,0.012295324922257685,168,203779,1366373,464,14.913863198409219
New St & Illinois St,Dearborn St & Erie St,casual,0.012295324922257685,168,203947,1366373,465,14.926158523331475
Michigan Ave & Oak St,McClurg Ct & Ohio St,casual,0.012295324922257685,168,204115,1366373,466,14.938453848253735
Clark St & Grace St,Clark St & Winnemac Ave,casual,0.012295324922257685,168,204283,1366373,467,14.950749173175993
Michigan Ave & Washington St,Canal St & Madison St,casual,0.012222138464387102,167,204450,1366373,468,14.96297131164038
Michigan Ave & Madison St,Michigan Ave & Madison St,casual,0.012222138464387102,167,204617,1366373,469,14.975193450104765
McCormick Place,Wentworth Ave & Cermak Rd*,casual,0.012222138464387102,167,204784,1366373,470,14.987415588569153
Harper Ave & 55th St,University Ave & 57th St,casual,0.012222138464387102,167,204951,1366373,471,14.99963772703354
Clark St & Lake St,Clark St & Ida B Wells Dr,casual,0.012222138464387102,167,205118,1366373,472,15.011859865497929
Michigan Ave & Jackson Blvd,DuSable Lake Shore Dr & Monroe St,casual,0.012148952006516523,166,205284,1366373,473,15.024008817504445
Larrabee St & Division St,Larrabee St & Division St,casual,0.012148952006516523,166,205450,1366373,474,15.036157769510961
Damen Ave & Pierce Ave,Damen Ave & Thomas St (Augusta Blvd),casual,0.012148952006516523,166,205616,1366373,475,15.048306721517477
Canal St & Madison St,Canal St & Madison St,casual,0.012148952006516523,166,205782,1366373,476,15.060455673523993
Michigan Ave & Lake St,Shedd Aquarium,casual,0.01207576554864594,165,205947,1366373,477,15.07253143907264
Michigan Ave & Lake St,Canal St & Madison St,casual,0.01207576554864594,165,206112,1366373,478,15.084607204621287
Wabash Ave & 16th St,Wabash Ave & 16th St,casual,0.012002579090775359,164,206276,1366373,479,15.096609783712061
Theater on the Lake,Streeter Dr & Grand Ave,casual,0.012002579090775359,164,206440,1366373,480,15.108612362802837
Dusable Harbor,Burnham Harbor,casual,0.012002579090775359,164,206604,1366373,481,15.120614941893612
Central Park Ave & Ogden Ave,Central Park Ave & 24th St,casual,0.012002579090775359,164,206768,1366373,482,15.132617520984388
Field Blvd & South Water St,Michigan Ave & Oak St,casual,0.011929392632904778,163,206931,1366373,483,15.14454691361729
DuSable Lake Shore Dr & Wellington Ave,Theater on the Lake,casual,0.011929392632904778,163,207094,1366373,484,15.156476306250196
State St & Randolph St,Navy Pier,casual,0.011856206175034197,162,207256,1366373,485,15.16833251242523
Shedd Aquarium,McClurg Ct & Ohio St,casual,0.011856206175034197,162,207418,1366373,486,15.180188718600265
New St & Illinois St,Wabash Ave & Grand Ave,casual,0.011856206175034197,162,207580,1366373,487,15.192044924775299
New St & Illinois St,Michigan Ave & Oak St,casual,0.011856206175034197,162,207742,1366373,488,15.203901130950333
Michigan Ave & Oak St,Mies van der Rohe Way & Chestnut St,casual,0.011856206175034197,162,207904,1366373,489,15.215757337125368
Michigan Ave & Lake St,Millennium Park,casual,0.011856206175034197,162,208066,1366373,490,15.227613543300404
Lakefront Trail & Bryn Mawr Ave,Lakefront Trail & Wilson Ave,casual,0.011856206175034197,162,208228,1366373,491,15.239469749475438
DuSable Lake Shore Dr & Monroe St,Fairbanks Ct & Grand Ave,casual,0.011856206175034197,162,208390,1366373,492,15.251325955650472
Dearborn Pkwy & Delaware Pl,Kingsbury St & Kinzie St,casual,0.011856206175034197,162,208552,1366373,493,15.263182161825503
Ashland Ave & Lake St,Wood St & Hubbard St,casual,0.011856206175034197,162,208714,1366373,494,15.275038368000537
University Ave & 57th St,Drexel Ave & 60th St,casual,0.011783019717163614,161,208875,1366373,495,15.286821387717703
Shore Dr & 55th St,DuSable Lake Shore Dr & Monroe St,casual,0.011783019717163614,161,209036,1366373,496,15.298604407434865
Navy Pier,St Clair St & Ohio St,casual,0.011783019717163614,161,209197,1366373,497,15.310387427152031
Ellis Ave & 55th St,University Ave & 59th St,casual,0.011783019717163614,161,209358,1366373,498,15.322170446869194
Damen Ave & Chicago Ave,Damen Ave & Lake St,casual,0.011783019717163614,161,209519,1366373,499,15.333953466586356
Albany Ave & Bloomingdale Ave,Albany Ave & Bloomingdale Ave,casual,0.011783019717163614,161,209680,1366373,500,15.34573648630352
Woodlawn Ave & 55th St,Kimbark Ave & 53rd St,casual,0.011709833259293034,160,209840,1366373,501,15.357446319562815
Wells St & Evergreen Ave,Wells St & Huron St,casual,0.011709833259293034,160,210000,1366373,502,15.369156152822105
Wells St & Concord Ln,Wells St & Huron St,casual,0.011709833259293034,160,210160,1366373,503,15.3808659860814
Theater on the Lake,Stockton Dr & Wrightwood Ave,casual,0.011709833259293034,160,210320,1366373,504,15.392575819340692
McCormick Place,Navy Pier,casual,0.011709833259293034,160,210480,1366373,505,15.404285652599986
Lincoln Park Conservatory,Theater on the Lake,casual,0.011709833259293034,160,210640,1366373,506,15.41599548585928
Lakefront Trail & Wilson Ave,Theater on the Lake,casual,0.011709833259293034,160,210800,1366373,507,15.427705319118571
Clarendon Ave & Junior Ter,Broadway & Waveland Ave,casual,0.011709833259293034,160,210960,1366373,508,15.439415152377864
Wabash Ave & Roosevelt Rd,Adler Planetarium,casual,0.011636646801422451,159,211119,1366373,509,15.451051799179288
Pine Grove Ave & Waveland Ave,Montrose Harbor,casual,0.011636646801422451,159,211278,1366373,510,15.46268844598071
Columbus Dr & Randolph St,Theater on the Lake,casual,0.011636646801422451,159,211437,1366373,511,15.474325092782133
Millennium Park,Buckingham Fountain,casual,0.01156346034355187,158,211595,1366373,512,15.485888553125685
McClurg Ct & Ohio St,Theater on the Lake,casual,0.01156346034355187,158,211753,1366373,513,15.497452013469234
Larrabee St & Webster Ave,Wells St & Concord Ln,casual,0.01156346034355187,158,211911,1366373,514,15.509015473812788
Lake Park Ave & 53rd St,Lake Park Ave & 53rd St,casual,0.01156346034355187,158,212069,1366373,515,15.52057893415634
Franklin St & Jackson Blvd,Navy Pier,casual,0.01156346034355187,158,212227,1366373,516,15.532142394499893
Cityfront Plaza Dr & Pioneer Ct,Michigan Ave & Lake St,casual,0.01156346034355187,158,212385,1366373,517,15.543705854843443
Adler Planetarium,Michigan Ave & Oak St,casual,0.01156346034355187,158,212543,1366373,518,15.555269315186996
Southport Ave & Wrightwood Ave,Sheffield Ave & Fullerton Ave,casual,0.01149027388568129,157,212700,1366373,519,15.566759589072676
Montrose Harbor,DuSable Lake Shore Dr & Diversey Pkwy,casual,0.01149027388568129,157,212857,1366373,520,15.578249862958357
Michigan Ave & Ida B Wells Dr,Millennium Park,casual,0.01149027388568129,157,213014,1366373,521,15.589740136844037
Michigan Ave & 8th St,Michigan Ave & Washington St,casual,0.01149027388568129,157,213171,1366373,522,15.60123041072972
Michigan Ave & 18th St,Wabash Ave & Roosevelt Rd,casual,0.01149027388568129,157,213328,1366373,523,15.612720684615402
Indiana Ave & Roosevelt Rd,Dusable Harbor,casual,0.01149027388568129,157,213485,1366373,524,15.624210958501084
Franklin St & Jackson Blvd,Michigan Ave & Washington St,casual,0.01149027388568129,157,213642,1366373,525,15.635701232386765
DuSable Lake Shore Dr & Monroe St,New St & Illinois St,casual,0.01149027388568129,157,213799,1366373,526,15.647191506272446
Clark St & Lincoln Ave,Lincoln Ave & Fullerton Ave,casual,0.01149027388568129,157,213956,1366373,527,15.658681780158126
Clark St & Lake St,Canal St & Madison St,casual,0.01149027388568129,157,214113,1366373,528,15.670172054043807
Blackstone Ave & 59th St,Ellis Ave & 60th St,casual,0.01149027388568129,157,214270,1366373,529,15.681662327929487
Rush St & Illinois St,Rush St & Illinois St,casual,0.011417087427810708,156,214426,1366373,530,15.6930794153573
Montrose Harbor,Pine Grove Ave & Irving Park Rd,casual,0.011417087427810708,156,214582,1366373,531,15.704496502785112
Millennium Park,St. Clair St & Erie St,casual,0.011417087427810708,156,214738,1366373,532,15.71591359021292
MLK Jr Dr & 29th St,MLK Jr Dr & 29th St,casual,0.011417087427810708,156,214894,1366373,533,15.727330677640733
Lakefront Trail & Bryn Mawr Ave,Theater on the Lake,casual,0.011417087427810708,156,215050,1366373,534,15.738747765068542
Evanston Civic Center,Sheridan Rd & Noyes St (NU),casual,0.011417087427810708,156,215206,1366373,535,15.750164852496354
Blackstone Ave & 59th St,Blackstone Ave & 59th St,casual,0.011417087427810708,156,215362,1366373,536,15.761581939924163
State St & 33rd St,Calumet Ave & 33rd St,casual,0.011343900969940125,155,215517,1366373,537,15.772925840894104
Shore Dr & 55th St,Ellis Ave & 60th St,casual,0.011343900969940125,155,215672,1366373,538,15.784269741864044
Navy Pier,Buckingham Fountain,casual,0.011343900969940125,155,215827,1366373,539,15.795613642833983
Blackstone Ave & 59th St,University Ave & 59th St,casual,0.011343900969940125,155,215982,1366373,540,15.806957543803923
Benson Ave & Church St,University Library (NU),casual,0.011343900969940125,155,216137,1366373,541,15.818301444773864
Navy Pier,State St & Kinzie St,casual,0.011270714512069546,154,216291,1366373,542,15.829572159285934
Kimbark Ave & 53rd St,Shore Dr & 55th St,casual,0.011270714512069546,154,216445,1366373,543,15.840842873798003
Clark St & Berwyn Ave,Broadway & Berwyn Ave,casual,0.011270714512069546,154,216599,1366373,544,15.852113588310074
Canal St & Madison St,Michigan Ave & Washington St,casual,0.011270714512069546,154,216753,1366373,545,15.863384302822142
Broadway & Cornelia Ave,Sheffield Ave & Wellington Ave,casual,0.011270714512069546,154,216907,1366373,546,15.874655017334213
Theater on the Lake,Larrabee St & Webster Ave,casual,0.011197528054198963,153,217060,1366373,547,15.885852545388413
Theater on the Lake,Halsted St & Wrightwood Ave,casual,0.011197528054198963,153,217213,1366373,548,15.897050073442612
Sheffield Ave & Fullerton Ave,Ashland Ave & Wrightwood Ave,casual,0.011197528054198963,153,217366,1366373,549,15.908247601496809
Montrose Harbor,Sheridan Rd & Montrose Ave,casual,0.011197528054198963,153,217519,1366373,550,15.919445129551008
Lakefront Trail & Wilson Ave,Navy Pier,casual,0.011197528054198963,153,217672,1366373,551,15.930642657605206
Indiana Ave & Roosevelt Rd,Field Museum,casual,0.011197528054198963,153,217825,1366373,552,15.941840185659405
Ellis Ave & 60th St,Ellis Ave & 58th St,casual,0.011197528054198963,153,217978,1366373,553,15.953037713713606
Columbus Dr & Randolph St,Michigan Ave & Oak St,casual,0.011197528054198963,153,218131,1366373,554,15.964235241767804
Chicago Ave & Sheridan Rd,Benson Ave & Church St,casual,0.011197528054198963,153,218284,1366373,555,15.975432769822003
Wabash Ave & Grand Ave,Michigan Ave & Lake St,casual,0.011124341596328382,152,218436,1366373,556,15.986557111418332
Michigan Ave & Oak St,Lakeview Ave & Fullerton Pkwy,casual,0.011124341596328382,152,218588,1366373,557,15.997681453014659
Western Ave & Howard St,Paulina St & Howard St,casual,0.011051155138457799,151,218739,1366373,558,16.008732608153117
Wells St & Concord Ln,Lincoln Ave & Fullerton Ave,casual,0.011051155138457799,151,218890,1366373,559,16.019783763291574
State St & Kinzie St,Navy Pier,casual,0.011051155138457799,151,219041,1366373,560,16.030834918430035
Navy Pier,Stockton Dr & Wrightwood Ave,casual,0.011051155138457799,151,219192,1366373,561,16.04188607356849
Navy Pier,LaSalle Dr & Huron St,casual,0.011051155138457799,151,219343,1366373,562,16.05293722870695
Michigan Ave & Washington St,Shedd Aquarium,casual,0.011051155138457799,151,219494,1366373,563,16.063988383845405
Lake Park Ave & 53rd St,University Ave & 57th St,casual,0.011051155138457799,151,219645,1366373,564,16.075039538983866
DuSable Lake Shore Dr & Diversey Pkwy,DuSable Lake Shore Dr & Monroe St,casual,0.011051155138457799,151,219796,1366373,565,16.086090694122323
Clark St & Ida B Wells Dr,Clark St & Lake St,casual,0.011051155138457799,151,219947,1366373,566,16.09714184926078
Burnham Harbor,Fort Dearborn Dr & 31st St*,casual,0.011051155138457799,151,220098,1366373,567,16.108193004399237
Theater on the Lake,Clark St & Wrightwood Ave,casual,0.01097796868058722,150,220248,1366373,568,16.119170973079825
Montrose Harbor,DuSable Lake Shore Dr & Monroe St,casual,0.01097796868058722,150,220398,1366373,569,16.130148941760414
DuSable Lake Shore Dr & North Blvd,Fairbanks Ct & Grand Ave,casual,0.01097796868058722,150,220548,1366373,570,16.141126910441
Cannon Dr & Fullerton Ave,Theater on the Lake,casual,0.01097796868058722,150,220698,1366373,571,16.152104879121588
Broadway & Granville Ave,Peterson/Ridge Metra,casual,0.01097796868058722,150,220848,1366373,572,16.163082847802173
Ashland Ave & Wrightwood Ave,Sheffield Ave & Fullerton Ave,casual,0.01097796868058722,150,220998,1366373,573,16.17406081648276
Adler Planetarium,Wabash Ave & Roosevelt Rd,casual,0.01097796868058722,150,221148,1366373,574,16.18503878516335
New St & Illinois St,Millennium Park,casual,0.010904782222716637,149,221297,1366373,575,16.195943567386063
Lakeview Ave & Fullerton Pkwy,Michigan Ave & Oak St,casual,0.010904782222716637,149,221446,1366373,576,16.206848349608784
Indiana Ave & Roosevelt Rd,Michigan Ave & Oak St,casual,0.010904782222716637,149,221595,1366373,577,16.217753131831497
DuSable Lake Shore Dr & North Blvd,Larrabee St & Webster Ave,casual,0.010904782222716637,149,221744,1366373,578,16.228657914054214
Dearborn St & Erie St,Navy Pier,casual,0.010904782222716637,149,221893,1366373,579,16.239562696276934
Damen Ave & Charleston St,Damen Ave & Pierce Ave,casual,0.010904782222716637,149,222042,1366373,580,16.250467478499647
Chicago Ave & Washington St,Chicago Ave & Washington St,casual,0.010904782222716637,149,222191,1366373,581,16.261372260722364
Sheridan Rd & Noyes St (NU),University Library (NU),casual,0.010831595764846056,148,222339,1366373,582,16.27220385648721
Michigan Ave & Washington St,Michigan Ave & Oak St,casual,0.010831595764846056,148,222487,1366373,583,16.283035452252058
Michigan Ave & Jackson Blvd,Field Museum,casual,0.010831595764846056,148,222635,1366373,584,16.293867048016903
DuSable Lake Shore Dr & North Blvd,Lakeview Ave & Fullerton Pkwy,casual,0.010831595764846056,148,222783,1366373,585,16.304698643781748
DuSable Lake Shore Dr & Monroe St,Wabash Ave & Grand Ave,casual,0.010831595764846056,148,222931,1366373,586,16.315530239546593
Columbus Dr & Randolph St,DuSable Lake Shore Dr & North Blvd,casual,0.010831595764846056,148,223079,1366373,587,16.32636183531144
Clark St & North Ave,Navy Pier,casual,0.010831595764846056,148,223227,1366373,588,16.337193431076287
Ravenswood Ave & Lawrence Ave,Broadway & Berwyn Ave,casual,0.010758409306975475,147,223374,1366373,589,16.347951840383264
Michigan Ave & Washington St,DuSable Lake Shore Dr & Monroe St,casual,0.010758409306975475,147,223521,1366373,590,16.35871024969024
Damen Ave & Cortland St,Damen Ave & Cortland St,casual,0.010758409306975475,147,223668,1366373,591,16.369468658997214
Broadway & Thorndale Ave,Broadway & Thorndale Ave,casual,0.010758409306975475,147,223815,1366373,592,16.38022706830419
Benson Ave & Church St,Chicago Ave & Sheridan Rd,casual,0.010758409306975475,147,223962,1366373,593,16.390985477611164
Woodlawn Ave & 55th St,Ellis Ave & 58th St,casual,0.010685222849104893,146,224108,1366373,594,16.40167070046027
University Library (NU),Benson Ave & Church St,casual,0.010685222849104893,146,224254,1366373,595,16.412355923309374
Theater on the Lake,Sheffield Ave & Fullerton Ave,casual,0.010685222849104893,146,224400,1366373,596,16.42304114615848
Navy Pier,Lakeview Ave & Fullerton Pkwy,casual,0.010685222849104893,146,224546,1366373,597,16.433726369007584
Elizabeth St & Randolph St,Elizabeth St & Randolph St,casual,0.010685222849104893,146,224692,1366373,598,16.44441159185669
Woodlawn Ave & 55th St,Woodlawn Ave & 55th St,casual,0.01061203639123431,145,224837,1366373,599,16.455023628247922
Peoria St & Jackson Blvd,Clinton St & Madison St,casual,0.01061203639123431,145,224982,1366373,600,16.46563566463916
Navy Pier,Pine Grove Ave & Waveland Ave,casual,0.01061203639123431,145,225127,1366373,601,16.476247701030392
Montrose Harbor,Sheridan Rd & Buena Ave,casual,0.01061203639123431,145,225272,1366373,602,16.48685973742163
Millennium Park,Michigan Ave & Washington St,casual,0.01061203639123431,145,225417,1366373,603,16.497471773812862
Michigan Ave & 8th St,Buckingham Fountain,casual,0.01061203639123431,145,225562,1366373,604,16.508083810204095
Kedzie Ave & Milwaukee Ave,Kosciuszko Park,casual,0.01061203639123431,145,225707,1366373,605,16.518695846595328
Ellis Ave & 58th St,Kimbark Ave & 53rd St,casual,0.01061203639123431,145,225852,1366373,606,16.52930788298656
Clark St & Lake St,New St & Illinois St,casual,0.01061203639123431,145,225997,1366373,607,16.539919919377798
Clark St & Grace St,Clark St & Montrose Ave,casual,0.01061203639123431,145,226142,1366373,608,16.55053195576903
Peoria St & Jackson Blvd,Peoria St & Jackson Blvd,casual,0.010538849933363731,144,226286,1366373,609,16.561070805702396
Navy Pier,Clark St & Lake St,casual,0.010538849933363731,144,226430,1366373,610,16.57160965563576
Montrose Harbor,Broadway & Wilson Ave,casual,0.010538849933363731,144,226574,1366373,611,16.582148505569126
Fort Dearborn Dr & 31st St,Fort Dearborn Dr & 31st St,casual,0.010538849933363731,144,226718,1366373,612,16.592687355502488
DuSable Lake Shore Dr & North Blvd,Shedd Aquarium,casual,0.010538849933363731,144,226862,1366373,613,16.60322620543585
Broadway & Belmont Ave,Wilton Ave & Belmont Ave,casual,0.010538849933363731,144,227006,1366373,614,16.613765055369214
Navy Pier,State St & Harrison St,casual,0.010465663475493148,143,227149,1366373,615,16.624230718844707
Navy Pier,Lakefront Trail & Wilson Ave,casual,0.010465663475493148,143,227292,1366373,616,16.6346963823202
Michigan Ave & Oak St,Michigan Ave & Washington St,casual,0.010465663475493148,143,227435,1366373,617,16.645162045795693
Lakefront Trail & Bryn Mawr Ave,Navy Pier,casual,0.010465663475493148,143,227578,1366373,618,16.655627709271187
Wells St & Walton St,Wells St & Concord Ln,casual,0.010392477017622567,142,227720,1366373,619,16.66602018628881
Wells St & Elm St,Dearborn St & Erie St,casual,0.010392477017622567,142,227862,1366373,620,16.676412663306433
Theater on the Lake,McClurg Ct & Ohio St,casual,0.010392477017622567,142,228004,1366373,621,16.686805140324054
Theater on the Lake,Lakefront Trail & Bryn Mawr Ave,casual,0.010392477017622567,142,228146,1366373,622,16.69719761734168
Theater on the Lake,Clark St & Armitage Ave,casual,0.010392477017622567,142,228288,1366373,623,16.7075900943593
Navy Pier,Wells St & Hubbard St,casual,0.010392477017622567,142,228430,1366373,624,16.717982571376922
Millennium Park,Columbus Dr & Randolph St,casual,0.010392477017622567,142,228572,1366373,625,16.728375048394543
Michigan Ave & Oak St,New St & Illinois St,casual,0.010392477017622567,142,228714,1366373,626,16.738767525412168
Michigan Ave & Oak St,Field Museum,casual,0.010392477017622567,142,228856,1366373,627,16.749160002429793
Burnham Harbor,Millennium Park,casual,0.010392477017622567,142,228998,1366373,628,16.75955247944741
University Ave & 59th St,Ellis Ave & 55th St,casual,0.010319290559751986,141,229139,1366373,629,16.769871770007164
Southport Ave & Roscoe St,Southport Ave & Roscoe St,casual,0.010319290559751986,141,229280,1366373,630,16.780191060566917
Michigan Ave & Oak St,Pine Grove Ave & Waveland Ave,casual,0.010319290559751986,141,229421,1366373,631,16.79051035112667
Kingsbury St & Kinzie St,Kingsbury St & Kinzie St,casual,0.010319290559751986,141,229562,1366373,632,16.80082964168642
Desplaines St & Kinzie St,Kingsbury St & Kinzie St 1,casual,0.010319290559751986,141,229703,1366373,633,16.811148932246173
Clinton St & Jackson Blvd,Clinton St & Jackson Blvd,casual,0.010319290559751986,141,229844,1366373,634,16.821468222805926
St. Clair St & Erie St,Navy Pier,casual,0.010246104101881405,140,229984,1366373,635,16.831714326907807
Sheridan Rd & Irving Park Rd,Sheridan Rd & Irving Park Rd,casual,0.010246104101881405,140,230124,1366373,636,16.841960431009685
Sheffield Ave & Fullerton Ave,Sheffield Ave & Fullerton Ave,casual,0.010246104101881405,140,230264,1366373,637,16.85220653511157
Michigan Ave & Lake St,Michigan Ave & Oak St,casual,0.010246104101881405,140,230404,1366373,638,16.86245263921345
Michigan Ave & Lake St,DuSable Lake Shore Dr & Monroe St,casual,0.010246104101881405,140,230544,1366373,639,16.872698743315333
Michigan Ave & Lake St,Cityfront Plaza Dr & Pioneer Ct,casual,0.010246104101881405,140,230684,1366373,640,16.882944847417214
Dearborn St & Van Buren St,Dearborn St & Van Buren St,casual,0.010246104101881405,140,230824,1366373,641,16.893190951519095
Clark St & Montrose Ave,Clark St & Grace St,casual,0.010246104101881405,140,230964,1366373,642,16.903437055620977
Buckingham Fountain,Michigan Ave & 8th St,casual,0.010246104101881405,140,231104,1366373,643,16.913683159722858
Sheridan Rd & Buena Ave,Broadway & Waveland Ave,casual,0.010172917644010822,139,231243,1366373,644,16.92385607736687
Sheffield Ave & Waveland Ave,Sheridan Rd & Buena Ave,casual,0.010172917644010822,139,231382,1366373,645,16.93402899501088
Ravenswood Ave & Irving Park Rd,Ravenswood Ave & Lawrence Ave,casual,0.010172917644010822,139,231521,1366373,646,16.94420191265489
Michigan Ave & 8th St,Michigan Ave & Ida B Wells Dr,casual,0.010172917644010822,139,231660,1366373,647,16.954374830298903
Loomis St & Lexington St,900 W Harrison St,casual,0.010172917644010822,139,231799,1366373,648,16.964547747942913
Indiana Ave & Roosevelt Rd,Michigan Ave & 8th St,casual,0.010172917644010822,139,231938,1366373,649,16.974720665586922
Field Blvd & South Water St,Shedd Aquarium,casual,0.010172917644010822,139,232077,1366373,650,16.984893583230935
Ellis Ave & 60th St,Ellis Ave & 55th St,member,0.12268398948287654,3109,3109,2534153,1,0.12268398948287654
Ellis Ave & 55th St,Ellis Ave & 60th St,member,0.1194481943276511,3027,6136,2534153,2,0.24213218381052762
Ellis Ave & 60th St,University Ave & 57th St,member,0.09107579534463783,2308,8444,2534153,3,0.3332079791551654
University Ave & 57th St,Ellis Ave & 60th St,member,0.08843191393731949,2241,10685,2534153,4,0.4216398930924849
Blackstone Ave & 59th St,University Ave & 57th St,member,0.05938867937334486,1505,12190,2534153,5,0.4810285724658298
University Ave & 57th St,Blackstone Ave & 59th St,member,0.055758275052848034,1413,13603,2534153,6,0.5367868475186779
University Ave & 57th St,Kimbark Ave & 53rd St,member,0.052759245396785434,1337,14940,2534153,7,0.5895460929154632
University Ave & 57th St,Lake Park Ave & 56th St,member,0.04735309983256733,1200,16140,2534153,8,0.6368991927480306
Morgan St & Polk St,Loomis St & Lexington St,member,0.046997951583823076,1191,17331,2534153,9,0.6838971443318537
Kimbark Ave & 53rd St,University Ave & 57th St,member,0.0469190297507688,1189,18520,2534153,10,0.7308161740826224
Loomis St & Lexington St,Morgan St & Polk St,member,0.045853585004536034,1162,19682,2534153,11,0.7766697590871585
Ellis Ave & 55th St,Kimbark Ave & 53rd St,member,0.04431460925997759,1123,20805,2534153,12,0.8209843683471361
Kimbark Ave & 53rd St,Ellis Ave & 55th St,member,0.04167072785265925,1056,21861,2534153,13,0.8626550961997954
Lake Park Ave & 56th St,University Ave & 57th St,member,0.039066307361868044,990,22851,2534153,14,0.9017214035616634
Canal St & Madison St,LaSalle St & Jackson Blvd,member,0.037882479866053864,960,23811,2534153,15,0.9396038834277173
Loomis St & Lexington St,Wolcott Ave & Polk St,member,0.037764097116472446,957,24768,2534153,16,0.9773679805441897
Chicago Ave & Sheridan Rd,Sheridan Rd & Noyes St (NU),member,0.036343504121495424,921,25689,2534153,17,1.0137114846656852
Sheridan Rd & Noyes St (NU),Chicago Ave & Sheridan Rd,member,0.035751590373588334,906,26595,2534153,18,1.0494630750392735
University Ave & 57th St,Ellis Ave & 53rd St,member,0.03559374670747977,902,27497,2534153,19,1.0850568217467533
Wolcott Ave & Polk St,Loomis St & Lexington St,member,0.03440991921166559,872,28369,2534153,20,1.1194667409584187
Benson Ave & Church St,Sheridan Rd & Noyes St (NU),member,0.03405477096292134,863,29232,2534153,21,1.15352151192134
Sheffield Ave & Fullerton Ave,Greenview Ave & Fullerton Ave,member,0.03385746638028564,858,30090,2534153,22,1.1873789783016258
Ellis Ave & 53rd St,University Ave & 57th St,member,0.033226091715851405,842,30932,2534153,23,1.220605070017477
Navy Pier,Navy Pier,member,0.032713099800998596,829,31761,2534153,24,1.2533181698184759
Ellis Ave & 58th St,Ellis Ave & 60th St,member,0.03235795155225434,820,32581,2534153,25,1.2856761213707302
Ravenswood Ave & Lawrence Ave,Clark St & Winnemac Ave,member,0.031963342386982944,810,33391,2534153,26,1.3176394637577131
Clark St & Winnemac Ave,Ravenswood Ave & Lawrence Ave,member,0.031726576887820115,804,34195,2534153,27,1.3493660406455332
Loomis St & Lexington St,Halsted St & Polk St,member,0.030897897640750183,783,34978,2534153,28,1.3802639382862834
Sheffield Ave & Fullerton Ave,Southport Ave & Wrightwood Ave,member,0.030818975807695905,781,35759,2534153,29,1.4110829140939793
Southport Ave & Wrightwood Ave,Sheffield Ave & Fullerton Ave,member,0.030740053974641628,779,36538,2534153,30,1.441822968068621
University Ave & 57th St,Ellis Ave & 55th St,member,0.03054274939200593,774,37312,2534153,31,1.4723657174606268
Halsted St & Polk St,Loomis St & Lexington St,member,0.030108679310207394,763,38075,2534153,32,1.5024743967708343
Sheridan Rd & Noyes St (NU),Benson Ave & Church St,member,0.029398382812718882,745,38820,2534153,33,1.5318727795835532
LaSalle St & Jackson Blvd,Canal St & Madison St,member,0.029280000063137468,742,39562,2534153,34,1.5611527796466906
Ellis Ave & 53rd St,Ellis Ave & 55th St,member,0.029280000063137468,742,40304,2534153,35,1.5904327797098283
Wells St & Concord Ln,Wells St & Elm St,member,0.029122156397028906,738,41042,2534153,36,1.619554936106857
Blackstone Ave & 59th St,University Ave & 59th St,member,0.02900377364744749,735,41777,2534153,37,1.6485587097543046
University Ave & 59th St,Blackstone Ave & 59th St,member,0.02884592998133893,731,42508,2534153,38,1.6774046397356432
Ellis Ave & 60th St,Ellis Ave & 58th St,member,0.028648625398703234,726,43234,2534153,39,1.7060532651343465
Wells St & Elm St,Wells St & Concord Ln,member,0.0282145553169047,715,43949,2534153,40,1.7342678204512514
Canal St & Madison St,Michigan Ave & Washington St,member,0.027938328901214723,708,44657,2534153,41,1.762206149352466
Broadway & Berwyn Ave,Clark St & Berwyn Ave,member,0.027938328901214723,708,45365,2534153,42,1.7901444782536808
Sheridan Rd & Buena Ave,Sheridan Rd & Irving Park Rd,member,0.027859407068160445,706,46071,2534153,43,1.8180038853218412
Clark St & Berwyn Ave,Broadway & Berwyn Ave,member,0.02770156340205189,702,46773,2534153,44,1.845705448723893
Wabash Ave & Roosevelt Rd,Wabash Ave & 16th St,member,0.027662102485524746,701,47474,2534153,45,1.8733675512094177
Michigan Ave & Lake St,Columbus Dr & Randolph St,member,0.02758318065247047,699,48173,2534153,46,1.9009507318618883
Woodlawn Ave & 58th St,Kimbark Ave & 53rd St,member,0.027109649654144797,687,48860,2534153,47,1.928060381516033
Calumet Ave & 33rd St,State St & 33rd St,member,0.026478274989710567,671,49531,2534153,48,1.9545386565057437
Clinton St & Jackson Blvd,Clinton St & Lake St,member,0.026399353156656286,669,50200,2534153,49,1.9809380096624003
Kimbark Ave & 53rd St,Woodlawn Ave & 58th St,member,0.02620204857402059,664,50864,2534153,50,2.0071400582364207
Ellis Ave & 55th St,Ellis Ave & 53rd St,member,0.025767978492222055,653,51517,2534153,51,2.0329080367286427
Broadway & Belmont Ave,Wilton Ave & Belmont Ave,member,0.025649595742640637,650,52167,2534153,52,2.0585576324712833
State St & 33rd St,Calumet Ave & 33rd St,member,0.025254986577369246,640,52807,2534153,53,2.0838126190486523
Broadway & Waveland Ave,Sheridan Rd & Montrose Ave,member,0.024505229163353594,621,53428,2534153,54,2.108317848212006
Ellis Ave & 55th St,Shore Dr & 55th St,member,0.024426307330299317,619,54047,2534153,55,2.1327441555423055
Kingsbury St & Erie St,Kingsbury St & Kinzie St,member,0.024229002747663618,614,54661,2534153,56,2.1569731582899694
Ellis Ave & 55th St,University Ave & 57th St,member,0.02418954183113648,613,55274,2534153,57,2.1811627001211056
Shore Dr & 55th St,University Ave & 57th St,member,0.024150080914609337,612,55886,2534153,58,2.205312781035715
Shore Dr & 55th St,Ellis Ave & 55th St,member,0.0241106199980822,611,56497,2534153,59,2.229423401033797
Southport Ave & Roscoe St,Southport Ave & Waveland Ave,member,0.023716010832810806,601,57098,2534153,60,2.253139411866608
Broadway & Cornelia Ave,Wilton Ave & Belmont Ave,member,0.023637088999756528,599,57697,2534153,61,2.2767765008663643
Ashland Ave & Wrightwood Ave,Sheffield Ave & Fullerton Ave,member,0.023637088999756528,599,58296,2534153,62,2.300413589866121
Broadway & Waveland Ave,Clarendon Ave & Gordon Ter,member,0.02340032350059369,593,58889,2534153,63,2.3238139133667146
Clarendon Ave & Gordon Ter,Clarendon Ave & Gordon Ter,member,0.023124097084903712,586,59475,2534153,64,2.346938010451618
Ellis Ave & 60th St,University Ave & 59th St,member,0.023005714335322294,583,60058,2534153,65,2.3699437247869404
Wilton Ave & Belmont Ave,Broadway & Cornelia Ave,member,0.02284787066921374,579,60637,2534153,66,2.3927915954561545
Ellis Ave & 58th St,Ellis Ave & 55th St,member,0.02272948791963232,576,61213,2534153,67,2.4155210833757867
Clinton St & Jackson Blvd,Clinton St & Madison St,member,0.02272948791963232,576,61789,2534153,68,2.438250571295419
Wells St & Huron St,Wells St & Elm St,member,0.022571644253523763,572,62361,2534153,69,2.460822215548943
Sheridan Rd & Irving Park Rd,Sheridan Rd & Buena Ave,member,0.022571644253523763,572,62933,2534153,70,2.4833938598024665
Southport Ave & Waveland Ave,Southport Ave & Roscoe St,member,0.022492722420469482,570,63503,2534153,71,2.505886582222936
University Ave & 57th St,Shore Dr & 55th St,member,0.022295417837833786,565,64068,2534153,72,2.5281820000607698
Wabash Ave & Adams St,Canal St & Madison St,member,0.022137574171725224,561,64629,2534153,73,2.550319574232495
Michigan Ave & Washington St,Canal St & Madison St,member,0.022137574171725224,561,65190,2534153,74,2.5724571484042205
Clinton St & Lake St,Clinton St & Jackson Blvd,member,0.02201919142214381,558,65748,2534153,75,2.594476339826364
Ellis Ave & 60th St,Blackstone Ave & 59th St,member,0.02197973050561667,557,66305,2534153,76,2.616456070331981
Woodlawn Ave & 55th St,University Ave & 57th St,member,0.02182188683950811,553,66858,2534153,77,2.6382779571714887
Pine Grove Ave & Irving Park Rd,Sheridan Rd & Irving Park Rd,member,0.021466738590763857,544,67402,2534153,78,2.6597446957622526
Clarendon Ave & Junior Ter,Broadway & Waveland Ave,member,0.0213088949246553,540,67942,2534153,79,2.681053590686908
University Ave & 57th St,Woodlawn Ave & 55th St,member,0.020953746675911045,531,68473,2534153,80,2.702007337362819
Franklin St & Jackson Blvd,Canal St & Madison St,member,0.020914285759383904,530,69003,2534153,81,2.7229216231222027
Wells St & Elm St,Wells St & Huron St,member,0.020795903009802486,527,69530,2534153,82,2.7437175261320053
Greenview Ave & Fullerton Ave,Sheffield Ave & Fullerton Ave,member,0.020638059343693928,523,70053,2534153,83,2.7643555854756996
University Ave & 59th St,Ellis Ave & 60th St,member,0.020598598427166787,522,70575,2534153,84,2.784954183902866
State St & Chicago Ave,Wells St & Huron St,member,0.020598598427166787,522,71097,2534153,85,2.8055527823300332
Elston Ave & Cortland St,Sheffield Ave & Kingsbury St,member,0.020598598427166787,522,71619,2534153,86,2.8261513807572
Columbus Dr & Randolph St,State St & Randolph St,member,0.020598598427166787,522,72141,2534153,87,2.8467499791843665
University Ave & 59th St,Ellis Ave & 55th St,member,0.020401293844531092,517,72658,2534153,88,2.8671512730288975
Clinton St & Tilden St,Clinton St & Madison St,member,0.020401293844531092,517,73175,2534153,89,2.8875525668734285
Kingsbury St & Kinzie St,Clinton St & Washington Blvd,member,0.020282911094949674,514,73689,2534153,90,2.907835477968378
Ellis Ave & 58th St,Kimbark Ave & 53rd St,member,0.020164528345368256,511,74200,2534153,91,2.928000006313747
Drexel Ave & 60th St,University Ave & 57th St,member,0.02012506742884112,510,74710,2534153,92,2.9481250737425877
Ellis Ave & 60th St,Woodlawn Ave & 58th St,member,0.020006684679259697,507,75217,2534153,93,2.9681317584218476
Pine Grove Ave & Irving Park Rd,Pine Grove Ave & Waveland Ave,member,0.01973045826356972,500,75717,2534153,94,2.9878622166854174
Kimbark Ave & 53rd St,Ellis Ave & 53rd St,member,0.01973045826356972,500,76217,2534153,95,3.0075926749489867
Federal St & Polk St,Wabash Ave & Roosevelt Rd,member,0.01973045826356972,500,76717,2534153,96,3.027323133212557
Sheridan Rd & Irving Park Rd,Pine Grove Ave & Irving Park Rd,member,0.019651536430515443,498,77215,2534153,97,3.046974669643072
Montrose Harbor,Montrose Harbor,member,0.019651536430515443,498,77713,2534153,98,3.0666262060735874
Woodlawn Ave & 55th St,Kimbark Ave & 53rd St,member,0.019612075513988303,497,78210,2534153,99,3.0862382815875757
Wabash Ave & 16th St,Wabash Ave & Roosevelt Rd,member,0.019533153680934022,495,78705,2534153,100,3.10577143526851
Shore Dr & 55th St,Ellis Ave & 60th St,member,0.019533153680934022,495,79200,2534153,101,3.1253045889494437
Ellis Ave & 55th St,Drexel Ave & 60th St,member,0.019454231847879744,493,79693,2534153,102,3.1447588207973234
State St & Chicago Ave,Clark St & Elm St,member,0.019375310014825467,491,80184,2534153,103,3.164134130812149
Damen Ave & Foster Ave,Ravenswood Ave & Lawrence Ave,member,0.019375310014825467,491,80675,2534153,104,3.1835094408269744
University Ave & 57th St,Drexel Ave & 60th St,member,0.01913854451566263,485,81160,2534153,105,3.2026479853426375
Wabash Ave & Roosevelt Rd,Calumet Ave & 18th St,member,0.018941239933026932,480,81640,2534153,106,3.2215892252756637
Woodlawn Ave & 58th St,Blackstone Ave & 59th St,member,0.018862318099972655,478,82118,2534153,107,3.2404515433756367
Blackstone Ave & 59th St,Ellis Ave & 60th St,member,0.018743935350391237,475,82593,2534153,108,3.2591954787260278
Kingsbury St & Kinzie St,Desplaines St & Kinzie St,member,0.018704474433864096,474,83067,2534153,109,3.277899953159892
University Ave & 57th St,Cornell Ave & Hyde Park Blvd,member,0.018665013517336956,473,83540,2534153,110,3.296564966677229
Clarendon Ave & Gordon Ter,Broadway & Waveland Ave,member,0.018586091684282678,471,84011,2534153,111,3.315151058361512
Wabash Ave & Roosevelt Rd,Michigan Ave & 14th St,member,0.018507169851228397,469,84480,2534153,112,3.33365822821274
Broadway & Waveland Ave,Sheridan Rd & Irving Park Rd,member,0.018507169851228397,469,84949,2534153,113,3.3521653980639687
Kimbark Ave & 53rd St,Woodlawn Ave & 55th St,member,0.01846770893470126,468,85417,2534153,114,3.3706331069986697
Clark St & Wrightwood Ave,Sheffield Ave & Fullerton Ave,member,0.01842824801817412,467,85884,2534153,115,3.389061355016844
Ravenswood Ave & Berteau Ave,Ravenswood Ave & Lawrence Ave,member,0.01827040435206556,463,86347,2534153,116,3.4073317593689096
Navy Pier,Theater on the Lake,member,0.018191482519011284,461,86808,2534153,117,3.4255232418879205
Lake Park Ave & 53rd St,University Ave & 57th St,member,0.018191482519011284,461,87269,2534153,118,3.443714724406932
Kimbark Ave & 53rd St,Ellis Ave & 60th St,member,0.018152021602484143,460,87729,2534153,119,3.461866746009416
Daley Center Plaza,Dearborn Pkwy & Delaware Pl,member,0.018152021602484143,460,88189,2534153,120,3.4800187676119005
Clarendon Ave & Gordon Ter,Sheridan Rd & Irving Park Rd,member,0.018112560685957006,459,88648,2534153,121,3.4981313282978572
Wells St & Elm St,State St & Chicago Ave,member,0.018073099769429862,458,89106,2534153,122,3.516204428067287
Sheridan Rd & Irving Park Rd,Clarendon Ave & Gordon Ter,member,0.018073099769429862,458,89564,2534153,123,3.534277527836717
Navy Pier,Dusable Harbor,member,0.018033638852902725,457,90021,2534153,124,3.55231116668962
State St & Chicago Ave,Wells St & Elm St,member,0.017994177936375585,456,90477,2534153,125,3.570305344625995
Clinton St & Madison St,Clinton St & Jackson Blvd,member,0.017994177936375585,456,90933,2534153,126,3.588299522562371
Kingsbury St & Erie St,Kingsbury St & Kinzie St 2,member,0.017915256103321307,454,91387,2534153,127,3.6062147786656924
Kimbark Ave & 53rd St,Ellis Ave & 58th St,member,0.01783633427026703,452,91839,2534153,128,3.6240511129359594
Wilton Ave & Belmont Ave,Broadway & Waveland Ave,member,0.01775741243721275,450,92289,2534153,129,3.641808525373172
Ellis Ave & 55th St,University Ave & 59th St,member,0.01775741243721275,450,92739,2534153,130,3.659565937810385
Michigan Ave & 14th St,Wabash Ave & Roosevelt Rd,member,0.01771795152068561,449,93188,2534153,131,3.6772838893310706
Broadway & Sheridan Rd,Sheridan Rd & Irving Park Rd,member,0.01771795152068561,449,93637,2534153,132,3.695001840851756
Ellis Ave & 55th St,Lake Park Ave & 53rd St,member,0.017520646938049913,444,94081,2534153,133,3.7125224877898058
Theater on the Lake,Theater on the Lake,member,0.017481186021522772,443,94524,2534153,134,3.730003673811329
Woodlawn Ave & 55th St,Woodlawn Ave & 58th St,member,0.017441725104995632,442,94966,2534153,135,3.7474453989163243
Broadway & Waveland Ave,Clarendon Ave & Junior Ter,member,0.017402264188468495,441,95407,2534153,136,3.764847663104793
Southport Ave & Wellington Ave,Sheffield Ave & Wellington Ave,member,0.017362803271941354,440,95847,2534153,137,3.782210466376734
Ellis Ave & 55th St,Ellis Ave & 58th St,member,0.017362803271941354,440,96287,2534153,138,3.7995732696486755
Woodlawn Ave & 58th St,Ellis Ave & 60th St,member,0.017323342355414217,439,96726,2534153,139,3.81689661200409
Pine Grove Ave & Waveland Ave,Pine Grove Ave & Irving Park Rd,member,0.017323342355414217,439,97165,2534153,140,3.834219954359504
Clinton St & Jackson Blvd,Aberdeen St & Jackson Blvd,member,0.017323342355414217,439,97604,2534153,141,3.8515432967149184
Lake Park Ave & 53rd St,Ellis Ave & 55th St,member,0.017283881438887077,438,98042,2534153,142,3.868827178153805
Clark St & Armitage Ave,Wells St & Concord Ln,member,0.017244420522359936,437,98479,2534153,143,3.886071598676165
Drexel Ave & 60th St,Ellis Ave & 55th St,member,0.017204959605832796,436,98915,2534153,144,3.9032765582819975
Clinton St & Madison St,Clinton St & Tilden St,member,0.017204959605832796,436,99351,2534153,145,3.9204815178878305
Kingsbury St & Kinzie St,Kingsbury St & Erie St,member,0.017165498689305655,435,99786,2534153,146,3.9376470165771367
Desplaines St & Kinzie St,Kingsbury St & Kinzie St,member,0.017165498689305655,435,100221,2534153,147,3.954812515266442
Indiana Ave & Roosevelt Rd,Michigan Ave & 8th St,member,0.01712603777277852,434,100655,2534153,148,3.9719385530392204
Federal St & Polk St,Daley Center Plaza,member,0.017086576856251378,433,101088,2534153,149,3.9890251298954715
Ellis Ave & 55th St,Woodlawn Ave & 55th St,member,0.017086576856251378,433,101521,2534153,150,4.006111706751724
Clinton St & Lake St,Canal St & Jackson Blvd,member,0.01704711593972424,432,101953,2534153,151,4.023158822691448
Sheffield Ave & Wrightwood Ave,Sheffield Ave & Fullerton Ave,member,0.0170076550231971,431,102384,2534153,152,4.040166477714645
Woodlawn Ave & 58th St,Woodlawn Ave & 55th St,member,0.01696819410666996,430,102814,2534153,153,4.057134671821315
University Ave & 57th St,Harper Ave & 55th St,member,0.01696819410666996,430,103244,2534153,154,4.074102865927984
Sheffield Ave & Kingsbury St,Elston Ave & Cortland St,member,0.01692873319014282,429,103673,2534153,155,4.091031599118127
Michigan Ave & Lake St,Cityfront Plaza Dr & Pioneer Ct,member,0.01692873319014282,429,104102,2534153,156,4.107960332308271
McClurg Ct & Ohio St,State St & Chicago Ave,member,0.01692873319014282,429,104531,2534153,157,4.124889065498413
Halsted St & Maxwell St,Halsted St & Polk St,member,0.01688927227361568,428,104959,2534153,158,4.1417783377720285
Ellis Ave & 58th St,Blackstone Ave & 59th St,member,0.016849811357088542,427,105386,2534153,159,4.158628149129117
Sheffield Ave & Fullerton Ave,Ashland Ave & Wrightwood Ave,member,0.0168103504405614,426,105812,2534153,160,4.175438499569679
Mies van der Rohe Way & Chestnut St,State St & Chicago Ave,member,0.0168103504405614,426,106238,2534153,161,4.19224885001024
Desplaines St & Kinzie St,Kingsbury St & Kinzie St 1,member,0.0168103504405614,426,106664,2534153,162,4.209059200450802
Clark St & Elm St,State St & Chicago Ave,member,0.016691967690979984,423,107087,2534153,163,4.225751168141781
May St & Taylor St,Morgan St & Polk St,member,0.016652506774452847,422,107509,2534153,164,4.242403674916234
State St & Chicago Ave,Mies van der Rohe Way & Chestnut St,member,0.016573584941398566,420,107929,2534153,165,4.258977259857633
Loomis St & Lexington St,Loomis St & Lexington St,member,0.016534124024871425,419,108348,2534153,166,4.275511383882504
Sheridan Rd & Montrose Ave,Broadway & Waveland Ave,member,0.01637628035876287,415,108763,2534153,167,4.291887664241267
Ashland Ave & 13th St,Loomis St & Lexington St,member,0.01633681944223573,414,109177,2534153,168,4.308224483683503
Wells St & Concord Ln,Clark St & Armitage Ave,member,0.01625789760918145,412,109589,2534153,169,4.324482381292684
Broadway & Waveland Ave,Pine Grove Ave & Irving Park Rd,member,0.01625789760918145,412,110001,2534153,170,4.340740278901866
Halsted St & Polk St,Halsted St & Maxwell St,member,0.01617897577612717,410,110411,2534153,171,4.356919254677994
Blackstone Ave & 59th St,Ellis Ave & 58th St,member,0.016139514859600034,409,110820,2534153,172,4.373058769537593
Emerald Ave & 31st St,Shields Ave & 31st St,member,0.015981671193491472,405,111225,2534153,173,4.389040440731085
Cityfront Plaza Dr & Pioneer Ct,Michigan Ave & Lake St,member,0.015981671193491472,405,111630,2534153,174,4.405022111924576
Kingsbury St & Kinzie St 2,Desplaines St & Kinzie St,member,0.015942210276964335,404,112034,2534153,175,4.420964322201541
Woodlawn Ave & 55th St,Shore Dr & 55th St,member,0.015863288443910058,402,112436,2534153,176,4.436827610645451
Daley Center Plaza,Federal St & Polk St,member,0.015863288443910058,402,112838,2534153,177,4.452690899089361
May St & Taylor St,Wood St & Taylor St (Temp),member,0.015823827527382917,401,113239,2534153,178,4.4685147266167435
Wells St & Huron St,State St & Chicago Ave,member,0.015705444777801496,398,113637,2534153,179,4.484220171394545
Halsted St & Polk St,May St & Taylor St,member,0.015705444777801496,398,114035,2534153,180,4.499925616172346
Canal St & Monroe St,Michigan Ave & Washington St,member,0.015705444777801496,398,114433,2534153,181,4.515631060950147
University Ave & 57th St,University Ave & 57th St,member,0.01566598386127436,397,114830,2534153,182,4.5312970448114225
University Ave & 57th St,Lake Park Ave & 53rd St,member,0.01566598386127436,397,115227,2534153,183,4.546963028672697
DuSable Lake Shore Dr & Monroe St,DuSable Lake Shore Dr & Monroe St,member,0.01566598386127436,397,115624,2534153,184,4.5626290125339715
Wolcott Ave & Polk St,Morgan St & Polk St,member,0.01562652294474722,396,116020,2534153,185,4.578255535478718
Ravenswood Ave & Lawrence Ave,Damen Ave & Foster Ave,member,0.01558706202822008,395,116415,2534153,186,4.593842597506939
Theater on the Lake,Navy Pier,member,0.01554760111169294,394,116809,2534153,187,4.609390198618631
Wabash Ave & Roosevelt Rd,Michigan Ave & 18th St,member,0.01546867927863866,392,117201,2534153,188,4.62485887789727
Shore Dr & 55th St,Woodlawn Ave & 55th St,member,0.015429218362111521,391,117592,2534153,189,4.640288096259381
Sheridan Rd & Irving Park Rd,Broadway & Waveland Ave,member,0.015429218362111521,391,117983,2534153,190,4.6557173146214925
Morgan St & Polk St,Wolcott Ave & Polk St,member,0.015429218362111521,391,118374,2534153,191,4.671146532983604
Morgan St & Polk St,May St & Taylor St,member,0.015429218362111521,391,118765,2534153,192,4.686575751345716
DuSable Lake Shore Dr & North Blvd,DuSable Lake Shore Dr & North Blvd,member,0.015429218362111521,391,119156,2534153,193,4.702004969707827
Woodlawn Ave & 58th St,Ellis Ave & 55th St,member,0.015389757445584382,390,119546,2534153,194,4.717394727153412
Marine Dr & Ainslie St,Marine Dr & Ainslie St,member,0.015389757445584382,390,119936,2534153,195,4.732784484598996
May St & Taylor St,Halsted St & Polk St,member,0.015350296529057244,389,120325,2534153,196,4.748134781128053
Ellis Ave & 53rd St,Kimbark Ave & 53rd St,member,0.015310835612530105,388,120713,2534153,197,4.763445616740584
Navy Pier,DuSable Lake Shore Dr & North Blvd,member,0.015192452862948683,385,121098,2534153,198,4.778638069603533
Peterson/Ridge Metra,Western Ave & Granville Ave,member,0.015152991946421545,384,121482,2534153,199,4.793791061549954
Clark St & Elm St,Wells St & Concord Ln,member,0.015074070113367267,382,121864,2534153,200,4.808865131663321
Halsted St & Roscoe St,Wilton Ave & Belmont Ave,member,0.014995148280312988,380,122244,2534153,201,4.823860279943634
Wells St & Elm St,Wells St & Hubbard St,member,0.01495568736378585,379,122623,2534153,202,4.83881596730742
Racine Ave & Belmont Ave,Wilton Ave & Belmont Ave,member,0.01491622644725871,378,123001,2534153,203,4.853732193754679
Wells St & Huron St,Wells St & Concord Ln,member,0.014876765530731568,377,123378,2534153,204,4.86860895928541
Southport Ave & Waveland Ave,Southport Ave & Irving Park Rd,member,0.014876765530731568,377,123755,2534153,205,4.883485724816142
Ellis Ave & 60th St,Shore Dr & 55th St,member,0.014876765530731568,377,124132,2534153,206,4.898362490346873
Wilton Ave & Belmont Ave,Halsted St & Roscoe St,member,0.01479784369767729,375,124507,2534153,207,4.913160334044551
Blackstone Ave & 59th St,Ellis Ave & 55th St,member,0.014758382781150152,374,124881,2534153,208,4.927918716825701
Shore Dr & 55th St,Shore Dr & 55th St,member,0.014718921864623013,373,125254,2534153,209,4.942637638690324
Ravenswood Ave & Lawrence Ave,Ravenswood Ave & Berteau Ave,member,0.014718921864623013,373,125627,2534153,210,4.957356560554946
Clark St & Armitage Ave,Clark St & Elm St,member,0.014718921864623013,373,126000,2534153,211,4.972075482419569
Michigan Ave & Oak St,Michigan Ave & Oak St,member,0.014679460948095873,372,126372,2534153,212,4.986754943367665
Ravenswood Ave & Lawrence Ave,Paulina St & Montrose Ave,member,0.014600539115041593,370,126742,2534153,213,5.001355482482707
Millennium Park,Indiana Ave & Roosevelt Rd,member,0.014561078198514453,369,127111,2534153,214,5.015916560681221
LaSalle St & Illinois St,Dearborn Pkwy & Delaware Pl,member,0.014561078198514453,369,127480,2534153,215,5.030477638879736
DuSable Lake Shore Dr & North Blvd,Navy Pier,member,0.014561078198514453,369,127849,2534153,216,5.045038717078251
Canal St & Jackson Blvd,Clinton St & Lake St,member,0.014561078198514453,369,128218,2534153,217,5.059599795276766
Canal St & Madison St,State St & Chicago Ave,member,0.014521617281987314,368,128586,2534153,218,5.074121412558752
Western Ave & Granville Ave,Peterson/Ridge Metra,member,0.014442695448933037,366,128952,2534153,219,5.088564108007685
Wells St & Concord Ln,Wells St & Huron St,member,0.014442695448933037,366,129318,2534153,220,5.103006803456618
Michigan Ave & 8th St,Indiana Ave & Roosevelt Rd,member,0.014442695448933037,366,129684,2534153,221,5.117449498905551
Sedgwick St & Webster Ave,Sedgwick St & North Ave,member,0.014403234532405898,365,130049,2534153,222,5.131852733437958
Wood St & Taylor St (Temp),May St & Taylor St,member,0.014363773615878758,364,130413,2534153,223,5.146216507053836
Wabash Ave & Roosevelt Rd,Federal St & Polk St,member,0.014363773615878758,364,130777,2534153,224,5.1605802806697145
Michigan Ave & 8th St,Michigan Ave & Jackson Blvd,member,0.014363773615878758,364,131141,2534153,225,5.174944054285594
Lake Park Ave & 53rd St,Woodlawn Ave & 58th St,member,0.014324312699351617,363,131504,2534153,226,5.189268366984946
DuSable Lake Shore Dr & Belmont Ave,DuSable Lake Shore Dr & Belmont Ave,member,0.014324312699351617,363,131867,2534153,227,5.203592679684297
Dearborn Pkwy & Delaware Pl,Clark St & Elm St,member,0.014284851782824477,362,132229,2534153,228,5.2178775314671215
Broadway & Cornelia Ave,Pine Grove Ave & Irving Park Rd,member,0.014245390866297338,361,132590,2534153,229,5.232122922333419
Damen Ave & Foster Ave,Damen Ave & Leland Ave,member,0.014205929949770199,360,132950,2534153,230,5.246328852283188
Aberdeen St & Jackson Blvd,Desplaines St & Jackson Blvd,member,0.01416646903324306,359,133309,2534153,231,5.260495321316432
Southport Ave & Irving Park Rd,Southport Ave & Roscoe St,member,0.014127008116715922,358,133667,2534153,232,5.274622329433147
McClurg Ct & Ohio St,Wabash Ave & Grand Ave,member,0.014087547200188781,357,134024,2534153,233,5.2887098766333365
Clinton St & Jackson Blvd,Clark St & Lake St,member,0.014087547200188781,357,134381,2534153,234,5.302797423833526
Canal St & Madison St,Wabash Ave & Adams St,member,0.014087547200188781,357,134738,2534153,235,5.316884971033714
Clark St & Armitage Ave,Lincoln Ave & Fullerton Ave,member,0.014048086283661642,356,135094,2534153,236,5.330933057317376
Peoria St & Jackson Blvd,Clinton St & Madison St,member,0.014008625367134502,355,135449,2534153,237,5.34494168268451
Ellis Ave & 58th St,Lake Park Ave & 56th St,member,0.014008625367134502,355,135804,2534153,238,5.358950308051645
Michigan Ave & Oak St,Theater on the Lake,member,0.013969164450607361,354,136158,2534153,239,5.372919472502252
Clark St & Schiller St,Clark St & Elm St,member,0.013969164450607361,354,136512,2534153,240,5.386888636952859
Ellis Ave & 55th St,Harper Ave & 55th St,member,0.013929703534080223,353,136865,2534153,241,5.400818340486939
University Ave & 59th St,University Ave & 57th St,member,0.013890242617553084,352,137217,2534153,242,5.414708583104493
Federal St & Polk St,Wabash Ave & 16th St,member,0.013890242617553084,352,137569,2534153,243,5.428598825722046
DuSable Lake Shore Dr & Monroe St,Navy Pier,member,0.013890242617553084,352,137921,2534153,244,5.442489068339599
Clinton St & Lake St,Canal St & Adams St,member,0.013850781701025945,351,138272,2534153,245,5.456339850040625
Woodlawn Ave & 55th St,Ellis Ave & 60th St,member,0.013811320784498806,350,138622,2534153,246,5.470151170825123
Kimbark Ave & 53rd St,Lake Park Ave & 53rd St,member,0.013811320784498806,350,138972,2534153,247,5.483962491609622
Wells St & Concord Ln,Clark St & Elm St,member,0.013771859867971666,349,139321,2534153,248,5.497734351477594
State St & Kinzie St,Clinton St & Washington Blvd,member,0.013771859867971666,349,139670,2534153,249,5.511506211345566
Montrose Harbor,Lakefront Trail & Bryn Mawr Ave,member,0.013771859867971666,349,140019,2534153,250,5.525278071213537
Racine Ave & Wrightwood Ave,Sheffield Ave & Fullerton Ave,member,0.013732398951444525,348,140367,2534153,251,5.539010470164983
Loomis St & Lexington St,Racine Ave & Congress Pkwy,member,0.013692938034917387,347,140714,2534153,252,5.5527034081999
Clarendon Ave & Gordon Ter,Broadway & Sheridan Rd,member,0.013692938034917387,347,141061,2534153,253,5.566396346234817
Theater on the Lake,Michigan Ave & Oak St,member,0.013653477118390246,346,141407,2534153,254,5.580049823353208
Clark St & Elm St,Clark St & Armitage Ave,member,0.013653477118390246,346,141753,2534153,255,5.5937033004715975
McClurg Ct & Ohio St,McClurg Ct & Ohio St,member,0.013614016201863107,345,142098,2534153,256,5.60731731667346
Indiana Ave & Roosevelt Rd,Franklin St & Monroe St,member,0.013614016201863107,345,142443,2534153,257,5.620931332875323
Halsted St & Polk St,Clinton St & Jackson Blvd,member,0.013614016201863107,345,142788,2534153,258,5.634545349077187
Sheffield Ave & Fullerton Ave,Clark St & Wrightwood Ave,member,0.013574555285335969,344,143132,2534153,259,5.648119904362522
Kedzie Ave & Palmer Ct,California Ave & Milwaukee Ave,member,0.013574555285335969,344,143476,2534153,260,5.661694459647858
Ellis Ave & 60th St,Kimbark Ave & 53rd St,member,0.013574555285335969,344,143820,2534153,261,5.675269014933194
Dearborn Pkwy & Delaware Pl,LaSalle St & Illinois St,member,0.013574555285335969,344,144164,2534153,262,5.6888435702185305
Wilton Ave & Belmont Ave,Broadway & Belmont Ave,member,0.01353509436880883,343,144507,2534153,263,5.702378664587339
State St & Chicago Ave,Kingsbury St & Erie St,member,0.01353509436880883,343,144850,2534153,264,5.715913758956148
Morgan St & Polk St,Clinton St & Madison St,member,0.01353509436880883,343,145193,2534153,265,5.729448853324957
Clark St & Newport St,Wilton Ave & Belmont Ave,member,0.013495633452281691,342,145535,2534153,266,5.742944486777239
Pine Grove Ave & Waveland Ave,Pine Grove Ave & Waveland Ave,member,0.013456172535754549,341,145876,2534153,267,5.756400659312994
Clark St & Leland Ave,Ravenswood Ave & Lawrence Ave,member,0.01341671161922741,340,146216,2534153,268,5.769817370932221
Aberdeen St & Jackson Blvd,Loomis St & Lexington St,member,0.01337725070270027,339,146555,2534153,269,5.783194621634921
State St & Chicago Ave,Ritchie Ct & Banks St,member,0.013298328869645992,337,146892,2534153,270,5.796492950504567
Sheridan Rd & Noyes St (NU),Sheridan Rd & Noyes St (NU),member,0.013298328869645992,337,147229,2534153,271,5.809791279374213
Blackstone Ave & 59th St,Woodlawn Ave & 58th St,member,0.013258867953118854,336,147565,2534153,272,5.823050147327332
Pine Grove Ave & Irving Park Rd,Pine Grove Ave & Irving Park Rd,member,0.013219407036591715,335,147900,2534153,273,5.836269554363923
Clark St & Lake St,Canal St & Madison St,member,0.013219407036591715,335,148235,2534153,274,5.849488961400516
Broadway & Waveland Ave,Wilton Ave & Belmont Ave,member,0.013219407036591715,335,148570,2534153,275,5.862708368437107
Broadway & Barry Ave,Broadway & Cornelia Ave,member,0.013219407036591715,335,148905,2534153,276,5.8759277754736985
Pine Grove Ave & Waveland Ave,Wilton Ave & Addison St,member,0.013179946120064574,334,149239,2534153,277,5.8891077215937635
Hampden Ct & Diversey Pkwy,Wilton Ave & Diversey Pkwy,member,0.013179946120064574,334,149573,2534153,278,5.902287667713828
Wells St & Hubbard St,Wells St & Elm St,member,0.013140485203537434,333,149906,2534153,279,5.915428152917365
Canal St & Madison St,Wells St & Huron St,member,0.013140485203537434,333,150239,2534153,280,5.928568638120903
Harper Ave & 55th St,University Ave & 57th St,member,0.013061563370483155,331,150570,2534153,281,5.941630201491386
Kingsbury St & Kinzie St,Clinton St & Jackson Blvd,member,0.013022102453956016,330,150900,2534153,282,5.954652303945342
Sheffield Ave & Fullerton Ave,Racine Ave & Wrightwood Ave,member,0.012982641537428877,329,151229,2534153,283,5.967634945482771
Pine Grove Ave & Irving Park Rd,Broadway & Waveland Ave,member,0.012982641537428877,329,151558,2534153,284,5.9806175870202
Morgan St & Polk St,900 W Harrison St,member,0.012982641537428877,329,151887,2534153,285,5.993600228557629
Larrabee St & Kingsbury St,Clinton St & Washington Blvd,member,0.012982641537428877,329,152216,2534153,286,6.006582870095058
Desplaines St & Kinzie St,Wells St & Hubbard St,member,0.012982641537428877,329,152545,2534153,287,6.019565511632486
Wells St & Elm St,Wells St & Walton St,member,0.012943180620901738,328,152873,2534153,288,6.032508692253388
Sheffield Ave & Wellington Ave,Broadway & Barry Ave,member,0.012943180620901738,328,153201,2534153,289,6.04545187287429
Damen Ave & Pierce Ave,Damen Ave & Chicago Ave,member,0.012943180620901738,328,153529,2534153,290,6.058395053495191
California Ave & Milwaukee Ave,Kedzie Ave & Palmer Ct,member,0.012943180620901738,328,153857,2534153,291,6.071338234116093
Halsted St & Roosevelt Rd,Clinton St & Jackson Blvd,member,0.0129037197043746,327,154184,2534153,292,6.0842419538204675
Green St & Madison St,Aberdeen St & Randolph St,member,0.0129037197043746,327,154511,2534153,293,6.097145673524842
Clinton St & Jackson Blvd,Halsted St & Polk St,member,0.0129037197043746,327,154838,2534153,294,6.110049393229217
Wabash Ave & 16th St,Federal St & Polk St,member,0.012864258787847457,326,155164,2534153,295,6.122913652017065
Shields Ave & 31st St,Emerald Ave & 31st St,member,0.012864258787847457,326,155490,2534153,296,6.1357779108049115
Sheridan Rd & Montrose Ave,Clarendon Ave & Gordon Ter,member,0.012864258787847457,326,155816,2534153,297,6.148642169592759
Canal St & Adams St,Clark St & Lake St,member,0.012864258787847457,326,156142,2534153,298,6.161506428380607
Wacker Dr & Washington St,Michigan Ave & Washington St,member,0.012824797871320319,325,156467,2534153,299,6.174331226251927
State St & Randolph St,Canal St & Madison St,member,0.012824797871320319,325,156792,2534153,300,6.187156024123248
Sheffield Ave & Webster Ave,Larrabee St & Webster Ave,member,0.012824797871320319,325,157117,2534153,301,6.199980821994568
Kingsbury St & Kinzie St 2,Clinton St & Washington Blvd 2,member,0.012824797871320319,325,157442,2534153,302,6.212805619865888
Indiana Ave & Roosevelt Rd,Michigan Ave & Jackson Blvd,member,0.012824797871320319,325,157767,2534153,303,6.225630417737209
Clark St & Lake St,Clinton St & Washington Blvd,member,0.012824797871320319,325,158092,2534153,304,6.2384552156085284
State St & Chicago Ave,State St & Chicago Ave,member,0.01278533695479318,324,158416,2534153,305,6.251240552563322
Indiana Ave & Roosevelt Rd,Federal St & Polk St,member,0.01274587603826604,323,158739,2534153,306,6.263986428601588
Cornell Ave & Hyde Park Blvd,University Ave & 57th St,member,0.01274587603826604,323,159062,2534153,307,6.276732304639854
University Ave & 57th St,University Ave & 59th St,member,0.0127064151217389,322,159384,2534153,308,6.289438719761593
State St & Kinzie St,New St & Illinois St,member,0.0127064151217389,322,159706,2534153,309,6.3021451348833315
Indiana Ave & Roosevelt Rd,Indiana Ave & Roosevelt Rd,member,0.0127064151217389,322,160028,2534153,310,6.314851550005071
Sheridan Rd & Argyle St,Sheridan Rd & Argyle St,member,0.012666954205211762,321,160349,2534153,311,6.327518504210282
Damen Ave & Pierce Ave,Damen Ave & Division St,member,0.012666954205211762,321,160670,2534153,312,6.340185458415494
Ritchie Ct & Banks St,Clark St & Elm St,member,0.012627493288684623,320,160990,2534153,313,6.352812951704179
Fairbanks Ct & Grand Ave,Wabash Ave & Grand Ave,member,0.012627493288684623,320,161310,2534153,314,6.365440444992863
Clark St & Bryn Mawr Ave,Broadway & Ridge Ave,member,0.012627493288684623,320,161630,2534153,315,6.378067938281548
Sedgwick St & North Ave,Sedgwick St & Webster Ave,member,0.012588032372157481,319,161949,2534153,316,6.390655970653706
Navy Pier,DuSable Lake Shore Dr & Monroe St,member,0.012588032372157481,319,162268,2534153,317,6.403244003025862
Kingsbury St & Erie St,Clinton St & Lake St,member,0.012548571455630342,318,162586,2534153,318,6.415792574481493
New St & Illinois St,State St & Kinzie St,member,0.012509110539103203,317,162903,2534153,319,6.428301685020596
Sheridan Rd & Irving Park Rd,Sheridan Rd & Montrose Ave,member,0.012430188706048924,315,163218,2534153,320,6.440731873726646
Ravenswood Ave & Lawrence Ave,Clark St & Leland Ave,member,0.012390727789521785,314,163532,2534153,321,6.453122601516167
Ravenswood Ave & Lawrence Ave,Campbell Ave & Montrose Ave,member,0.012390727789521785,314,163846,2534153,322,6.465513329305689
Kimbark Ave & 53rd St,University Ave & 59th St,member,0.012390727789521785,314,164160,2534153,323,6.477904057095212
Broadway & Cornelia Ave,Wilton Ave & Addison St,member,0.012390727789521785,314,164474,2534153,324,6.490294784884733
Broadway & Cornelia Ave,Broadway & Barry Ave,member,0.012390727789521785,314,164788,2534153,325,6.502685512674254
Elston Ave & Cortland St,Cherry Ave & Blackhawk St,member,0.012351266872994647,313,165101,2534153,326,6.515036779547249
DuSable Lake Shore Dr & Diversey Pkwy,DuSable Lake Shore Dr & Diversey Pkwy,member,0.012351266872994647,313,165414,2534153,327,6.527388046420243
Kingsbury St & Kinzie St 2,Clinton St & Jackson Blvd,member,0.012272345039940366,311,165725,2534153,328,6.539660391460184
Franklin St & Jackson Blvd,Wells St & Polk St,member,0.012272345039940366,311,166036,2534153,329,6.551932736500124
Damen Ave & Pierce Ave,Damen Ave & Thomas St (Augusta Blvd),member,0.012272345039940366,311,166347,2534153,330,6.564205081540065
Loomis St & Lexington St,Ashland Ave & 13th St,member,0.012232884123413227,310,166657,2534153,331,6.576437965663478
Larrabee St & Kingsbury St 1,Kingsbury St & Kinzie St 2,member,0.012232884123413227,310,166967,2534153,332,6.588670849786891
Ellis Ave & 55th St,Blackstone Ave & 59th St,member,0.012232884123413227,310,167277,2534153,333,6.600903733910305
Delano Ct & Roosevelt Rd,Wabash Ave & Roosevelt Rd,member,0.012232884123413227,310,167587,2534153,334,6.613136618033717
Clark St & Elm St,Clark St & Elm St,member,0.012232884123413227,310,167897,2534153,335,6.625369502157132
Ada St & Washington Blvd,Clinton St & Washington Blvd,member,0.012232884123413227,310,168207,2534153,336,6.637602386280545
Wabash Ave & Roosevelt Rd,Wabash Ave & 9th St,member,0.012193423206886088,309,168516,2534153,337,6.64979580948743
Michigan Ave & 8th St,Millennium Park,member,0.012193423206886088,309,168825,2534153,338,6.661989232694316
Michigan Ave & 18th St,Wabash Ave & Roosevelt Rd,member,0.012193423206886088,309,169134,2534153,339,6.674182655901202
Clark St & Armitage Ave,Clark St & Armitage Ave,member,0.012193423206886088,309,169443,2534153,340,6.686376079108089
Peoria St & Jackson Blvd,Clinton St & Jackson Blvd,member,0.012153962290358948,308,169751,2534153,341,6.698530041398447
Clark St & Elm St,Clark St & Chicago Ave,member,0.012153962290358948,308,170059,2534153,342,6.710684003688806
Ashland Ave & Wellington Ave,Sheffield Ave & Wellington Ave,member,0.012153962290358948,308,170367,2534153,343,6.722837965979165
Paulina St & Montrose Ave,Ravenswood Ave & Lawrence Ave,member,0.012114501373831809,307,170674,2534153,344,6.734952467352998
Lakefront Trail & Bryn Mawr Ave,Lakefront Trail & Bryn Mawr Ave,member,0.012114501373831809,307,170981,2534153,345,6.74706696872683
Columbus Dr & Randolph St,Daley Center Plaza,member,0.012114501373831809,307,171288,2534153,346,6.759181470100661
Clark St & Elm St,Wells St & Huron St,member,0.012114501373831809,307,171595,2534153,347,6.771295971474493
Sheridan Rd & Montrose Ave,Pine Grove Ave & Irving Park Rd,member,0.012075040457304669,306,171901,2534153,348,6.783371011931798
Aberdeen St & Jackson Blvd,Clinton St & Jackson Blvd,member,0.012075040457304669,306,172207,2534153,349,6.795446052389102
Wells St & Huron St,Kingsbury St & Kinzie St,member,0.01203557954077753,305,172512,2534153,350,6.807481631929879
Wells St & Concord Ln,Clark St & Lincoln Ave,member,0.01203557954077753,305,172817,2534153,351,6.819517211470657
Morgan St & Polk St,Halsted St & Maxwell St,member,0.01203557954077753,305,173122,2534153,352,6.831552791011434
Halsted St & Maxwell St,Morgan St & Polk St,member,0.01203557954077753,305,173427,2534153,353,6.843588370552212
Aberdeen St & Monroe St,Jefferson St & Monroe St,member,0.01203557954077753,305,173732,2534153,354,6.85562395009299
State St & Chicago Ave,Clark St & Schiller St,member,0.011996118624250391,304,174036,2534153,355,6.8676200687172395
Clark St & Drummond Pl,Clark St & Armitage Ave,member,0.011996118624250391,304,174340,2534153,356,6.87961618734149
Broadway & Sunnyside Ave,Clarendon Ave & Gordon Ter,member,0.011996118624250391,304,174644,2534153,357,6.891612305965741
Wells St & Elm St,Kingsbury St & Kinzie St 2,member,0.011956657707723252,303,174947,2534153,358,6.903568963673464
Desplaines St & Kinzie St,Kingsbury St & Erie St,member,0.011956657707723252,303,175250,2534153,359,6.915525621381187
Wolcott Ave & Polk St,Hermitage Ave & Polk St,member,0.011917196791196112,302,175552,2534153,360,6.927442818172383
Clifton Ave & Armitage Ave,Elston Ave & Cortland St,member,0.011917196791196112,302,175854,2534153,361,6.939360014963579
Clarendon Ave & Junior Ter,Broadway & Sheridan Rd,member,0.011877735874668973,301,176155,2534153,362,6.951237750838249
Larrabee St & Kingsbury St 2,Clinton St & Jackson Blvd,member,0.011838274958141833,300,176455,2534153,363,6.96307602579639
Federal St & Polk St,Federal St & Polk St,member,0.011838274958141833,300,176755,2534153,364,6.9749143007545324
Burnham Harbor,Burnham Harbor,member,0.011838274958141833,300,177055,2534153,365,6.986752575712673
Wells St & Concord Ln,Wells St & Evergreen Ave,member,0.011798814041614692,299,177354,2534153,366,6.998551389754288
Pine Grove Ave & Irving Park Rd,Sheridan Rd & Montrose Ave,member,0.011798814041614692,299,177653,2534153,367,7.010350203795904
Larrabee St & Kingsbury St 2,Clinton St & Washington Blvd 2,member,0.011798814041614692,299,177952,2534153,368,7.022149017837519
Kingsbury St & Kinzie St,Clinton St & Madison St,member,0.011798814041614692,299,178251,2534153,369,7.033947831879132
Clinton St & Madison St,Franklin St & Jackson Blvd,member,0.011798814041614692,299,178550,2534153,370,7.045746645920747
Rush St & Superior St,Wells St & Huron St,member,0.011759353125087553,298,178848,2534153,371,7.057505999045835
McClurg Ct & Ohio St,Mies van der Rohe Way & Chestnut St,member,0.011759353125087553,298,179146,2534153,372,7.069265352170922
Indiana Ave & Roosevelt Rd,Millennium Park,member,0.011759353125087553,298,179444,2534153,373,7.08102470529601
Damen Ave & Thomas St (Augusta Blvd),Damen Ave & Wicker Park Ave,member,0.011759353125087553,298,179742,2534153,374,7.092784058421097
Michigan Ave & Jackson Blvd,Indiana Ave & Roosevelt Rd,member,0.011719892208560415,297,180039,2534153,375,7.104503950629658
Wells St & Walton St,Wells St & Huron St,member,0.011680431292033276,296,180335,2534153,376,7.116184381921692
Franklin St & Monroe St,State St & Chicago Ave,member,0.011680431292033276,296,180631,2534153,377,7.127864813213725
Clinton St & Washington Blvd,Kingsbury St & Kinzie St,member,0.011680431292033276,296,180927,2534153,378,7.139545244505759
Southport Ave & Roscoe St,Southport Ave & Irving Park Rd,member,0.011601509458978997,294,181221,2534153,379,7.151146753964737
Morgan St & Polk St,Morgan St & Polk St,member,0.011601509458978997,294,181515,2534153,380,7.162748263423715
LaSalle St & Jackson Blvd,Columbus Dr & Randolph St,member,0.011601509458978997,294,181809,2534153,381,7.174349772882695
Federal St & Polk St,Franklin St & Jackson Blvd,member,0.011601509458978997,294,182103,2534153,382,7.185951282341674
Ellis Ave & 53rd St,Ellis Ave & 58th St,member,0.011601509458978997,294,182397,2534153,383,7.1975527918006525
Cherry Ave & Blackhawk St,Elston Ave & Cortland St,member,0.011601509458978997,294,182691,2534153,384,7.209154301259632
Canal St & Monroe St,LaSalle St & Jackson Blvd,member,0.011601509458978997,294,182985,2534153,385,7.220755810718611
Campbell Ave & Montrose Ave,Ravenswood Ave & Lawrence Ave,member,0.011601509458978997,294,183279,2534153,386,7.232357320177591
Theater on the Lake,Montrose Harbor,member,0.011562048542451856,293,183572,2534153,387,7.243919368720042
Pine Grove Ave & Waveland Ave,Sheridan Rd & Irving Park Rd,member,0.011562048542451856,293,183865,2534153,388,7.2554814172624935
Michigan Ave & Oak St,DuSable Lake Shore Dr & Diversey Pkwy,member,0.011562048542451856,293,184158,2534153,389,7.267043465804946
McClurg Ct & Ohio St,LaSalle St & Jackson Blvd,member,0.011562048542451856,293,184451,2534153,390,7.278605514347397
Clinton St & Washington Blvd,Desplaines St & Kinzie St,member,0.011562048542451856,293,184744,2534153,391,7.290167562889849
Clarendon Ave & Gordon Ter,Sheridan Rd & Montrose Ave,member,0.011562048542451856,293,185037,2534153,392,7.3017296114323
Broadway & Ridge Ave,Clark St & Bryn Mawr Ave,member,0.011562048542451856,293,185330,2534153,393,7.3132916599747535
May St & Taylor St,Loomis St & Lexington St,member,0.011522587625924717,292,185622,2534153,394,7.324814247600678
Daley Center Plaza,Canal St & Madison St,member,0.011522587625924717,292,185914,2534153,395,7.336336835226602
Aberdeen St & Jackson Blvd,Peoria St & Jackson Blvd,member,0.011522587625924717,292,186206,2534153,396,7.347859422852528
Rhodes Ave & 32nd St,State St & 33rd St,member,0.011483126709397577,291,186497,2534153,397,7.359342549561925
Clark St & Elm St,Clark St & Schiller St,member,0.011483126709397577,291,186788,2534153,398,7.3708256762713225
Burling St & Diversey Pkwy,Wilton Ave & Diversey Pkwy,member,0.011483126709397577,291,187079,2534153,399,7.382308802980719
Wabash Ave & Grand Ave,McClurg Ct & Ohio St,member,0.011443665792870438,290,187369,2534153,400,7.39375246877359
Montrose Harbor,Theater on the Lake,member,0.011443665792870438,290,187659,2534153,401,7.405196134566461
McClurg Ct & Ohio St,Fairbanks Ct & Grand Ave,member,0.011443665792870438,290,187949,2534153,402,7.416639800359332
Ellis Ave & 55th St,Woodlawn Ave & 58th St,member,0.011443665792870438,290,188239,2534153,403,7.428083466152202
Clark St & Lake St,Clinton St & Jackson Blvd,member,0.011443665792870438,290,188529,2534153,404,7.439527131945072
Claremont Ave & Hirsch St,Damen Ave & Pierce Ave,member,0.011443665792870438,290,188819,2534153,405,7.450970797737942
Sheffield Ave & Fullerton Ave,Elston Ave & Cortland St,member,0.0114042048763433,289,189108,2534153,406,7.462375002614285
DuSable Lake Shore Dr & Monroe St,Dusable Harbor,member,0.0114042048763433,289,189397,2534153,407,7.473779207490629
Canal St & Madison St,Columbus Dr & Randolph St,member,0.0114042048763433,289,189686,2534153,408,7.485183412366972
Southport Ave & Irving Park Rd,Southport Ave & Waveland Ave,member,0.01136474395981616,288,189974,2534153,409,7.4965481563267895
Kingsbury St & Erie St,Orleans St & Merchandise Mart Plaza,member,0.01136474395981616,288,190262,2534153,410,7.5079129002866045
DuSable Lake Shore Dr & North Blvd,Clark St & Elm St,member,0.01136474395981616,288,190550,2534153,411,7.51927764424642
Clarendon Ave & Junior Ter,Clarendon Ave & Gordon Ter,member,0.01136474395981616,288,190838,2534153,412,7.530642388206236
Calumet Ave & 33rd St,State St & 35th St,member,0.01136474395981616,288,191126,2534153,413,7.542007132166054
Sedgwick St & Huron St,Kingsbury St & Kinzie St 2,member,0.01132528304328902,287,191413,2534153,414,7.553332415209342
Mies van der Rohe Way & Chestnut St,Clark St & Elm St,member,0.01132528304328902,287,191700,2534153,415,7.564657698252632
DuSable Lake Shore Dr & Wellington Ave,DuSable Lake Shore Dr & Wellington Ave,member,0.01132528304328902,287,191987,2534153,416,7.57598298129592
Dorchester Ave & 53rd St,University Ave & 57th St,member,0.01132528304328902,287,192274,2534153,417,7.58730826433921
Columbus Dr & Randolph St,LaSalle St & Jackson Blvd,member,0.01132528304328902,287,192561,2534153,418,7.598633547382498
Clinton St & Washington Blvd,Larrabee St & Kingsbury St,member,0.01132528304328902,287,192848,2534153,419,7.6099588304257875
Sheridan Rd & Montrose Ave,Sheridan Rd & Irving Park Rd,member,0.011285822126761881,286,193134,2534153,420,7.621244652552549
Lake Park Ave & 56th St,Ellis Ave & 58th St,member,0.011285822126761881,286,193420,2534153,421,7.632530474679311
Dusable Harbor,Dusable Harbor,member,0.011285822126761881,286,193706,2534153,422,7.643816296806073
Wells St & Walton St,Wells St & Hubbard St,member,0.011246361210234741,285,193991,2534153,423,7.655062658016308
Morgan Ave & 14th Pl,Morgan St & Polk St,member,0.011246361210234741,285,194276,2534153,424,7.666309019226543
Elston Ave & Cortland St,Sheffield Ave & Fullerton Ave,member,0.011246361210234741,285,194561,2534153,425,7.677555380436778
Clinton St & Washington Blvd 2,Kingsbury St & Kinzie St 1,member,0.011246361210234741,285,194846,2534153,426,7.688801741647013
Clark St & Lake St,Canal St & Adams St,member,0.011246361210234741,285,195131,2534153,427,7.700048102857246
Woodlawn Ave & 58th St,University Ave & 57th St,member,0.0112069002937076,284,195415,2534153,428,7.711255003150955
Navy Pier,Michigan Ave & Oak St,member,0.0112069002937076,284,195699,2534153,429,7.722461903444662
Cornell Ave & Hyde Park Blvd,Ellis Ave & 58th St,member,0.0112069002937076,284,195983,2534153,430,7.73366880373837
Clinton St & Washington Blvd,Rush St & Hubbard St,member,0.0112069002937076,284,196267,2534153,431,7.744875704032077
Sedgwick St & Huron St,Kingsbury St & Kinzie St,member,0.011167439377180462,283,196550,2534153,432,7.756043143409258
DuSable Lake Shore Dr & Monroe St,Indiana Ave & Roosevelt Rd,member,0.011167439377180462,283,196833,2534153,433,7.767210582786438
Clark St & Winnemac Ave,Broadway & Argyle St,member,0.011167439377180462,283,197116,2534153,434,7.778378022163618
Shields Ave & 31st St,Wentworth Ave & 33rd St,member,0.011127978460653323,282,197398,2534153,435,7.789506000624272
Loomis St & Lexington St,May St & Taylor St,member,0.011127978460653323,282,197680,2534153,436,7.8006339790849255
Fairbanks Ct & Grand Ave,LaSalle St & Jackson Blvd,member,0.011127978460653323,282,197962,2534153,437,7.811761957545578
Clark St & Winnemac Ave,Clark St & Bryn Mawr Ave,member,0.011127978460653323,282,198244,2534153,438,7.822889936006232
Wells St & Huron St,Clinton St & Washington Blvd,member,0.011088517544126184,281,198525,2534153,439,7.833978453550358
State St & Chicago Ave,Sedgwick St & Huron St,member,0.011088517544126184,281,198806,2534153,440,7.845066971094485
Michigan Ave & Oak St,DuSable Lake Shore Dr & Belmont Ave,member,0.011088517544126184,281,199087,2534153,441,7.856155488638611
Kingsbury St & Erie St,Kingsbury St & Erie St,member,0.011088517544126184,281,199368,2534153,442,7.867244006182736
Ellis Ave & 55th St,Cornell Ave & Hyde Park Blvd,member,0.011088517544126184,281,199649,2534153,443,7.878332523726862
Clark St & Lincoln Ave,Lincoln Ave & Fullerton Ave,member,0.011088517544126184,281,199930,2534153,444,7.889421041270989
Shore Dr & 55th St,Woodlawn Ave & 58th St,member,0.011049056627599044,280,200210,2534153,445,7.900470097898587
Sheridan Rd & Irving Park Rd,Southport Ave & Irving Park Rd,member,0.011049056627599044,280,200490,2534153,446,7.911519154526187
Griffin Museum of Science and Industry,University Ave & 57th St,member,0.011049056627599044,280,200770,2534153,447,7.922568211153785
Ellis Ave & 60th St,Woodlawn Ave & 55th St,member,0.011049056627599044,280,201050,2534153,448,7.9336172677813845
DuSable Lake Shore Dr & Wellington Ave,DuSable Lake Shore Dr & Diversey Pkwy,member,0.011049056627599044,280,201330,2534153,449,7.944666324408985
Aberdeen St & Monroe St,Franklin St & Monroe St,member,0.011049056627599044,280,201610,2534153,450,7.955715381036583
Kingsbury St & Kinzie St,Dearborn Pkwy & Delaware Pl,member,0.011009595711071905,279,201889,2534153,451,7.966724976747655
Kedzie Ave & Palmer Ct,Kedzie Ave & Milwaukee Ave,member,0.011009595711071905,279,202168,2534153,452,7.9777345724587265
Wabash Ave & Roosevelt Rd,Wells St & Polk St,member,0.010970134794544766,278,202446,2534153,453,7.988704707253272
University Ave & 59th St,Kimbark Ave & 53rd St,member,0.010970134794544766,278,202724,2534153,454,7.999674842047816
Larrabee St & Kingsbury St,Kingsbury St & Kinzie St,member,0.010970134794544766,278,203002,2534153,455,8.01064497684236
Clinton St & Jackson Blvd,Larrabee St & Kingsbury St 2,member,0.010970134794544766,278,203280,2534153,456,8.021615111636905
Southport Ave & Irving Park Rd,Sheridan Rd & Irving Park Rd,member,0.010930673878017626,277,203557,2534153,457,8.032545785514923
Clybourn Ave & Division St,Sedgwick St & North Ave,member,0.010930673878017626,277,203834,2534153,458,8.043476459392942
Woodlawn Ave & 55th St,University Ave & 59th St,member,0.010891212961490485,276,204110,2534153,459,8.05436767235443
Michigan Ave & Washington St,Columbus Dr & Randolph St,member,0.010891212961490485,276,204386,2534153,460,8.065258885315922
Michigan Ave & Oak St,DuSable Lake Shore Dr & North Blvd,member,0.010891212961490485,276,204662,2534153,461,8.076150098277413
Lake Park Ave & 56th St,Woodlawn Ave & 58th St,member,0.010891212961490485,276,204938,2534153,462,8.087041311238902
Ellis Ave & 53rd St,Lake Park Ave & 53rd St,member,0.010891212961490485,276,205214,2534153,463,8.097932524200393
Wells St & Polk St,Franklin St & Jackson Blvd,member,0.010851752044963347,275,205489,2534153,464,8.108784276245357
Larrabee St & Kingsbury St,State St & Chicago Ave,member,0.010851752044963347,275,205764,2534153,465,8.11963602829032
Harper Ave & 55th St,Ellis Ave & 55th St,member,0.010851752044963347,275,206039,2534153,466,8.130487780335285
Damen Ave & Leland Ave,Ravenswood Ave & Lawrence Ave,member,0.010851752044963347,275,206314,2534153,467,8.141339532380247
Clarendon Ave & Gordon Ter,Broadway & Sunnyside Ave,member,0.010851752044963347,275,206589,2534153,468,8.15219128442521
Calumet Ave & 18th St,Wabash Ave & Roosevelt Rd,member,0.010851752044963347,275,206864,2534153,469,8.163043036470173
Broadway & Waveland Ave,Broadway & Cornelia Ave,member,0.010851752044963347,275,207139,2534153,470,8.173894788515138
Sheridan Rd & Montrose Ave,Pine Grove Ave & Waveland Ave,member,0.010812291128436208,274,207413,2534153,471,8.184707079643573
Rush St & Superior St,Canal St & Adams St,member,0.010812291128436208,274,207687,2534153,472,8.19551937077201
Ellis Ave & 58th St,Ellis Ave & 53rd St,member,0.010812291128436208,274,207961,2534153,473,8.206331661900446
Broadway & Granville Ave,Glenwood Ave & Morse Ave,member,0.010812291128436208,274,208235,2534153,474,8.21714395302888
Benson Ave & Church St,Chicago Ave & Washington St,member,0.010812291128436208,274,208509,2534153,475,8.227956244157317
St. Louis Ave & Fullerton Ave,Kedzie Ave & Milwaukee Ave,member,0.010772830211909067,273,208782,2534153,476,8.238729074369228
Federal St & Polk St,Indiana Ave & Roosevelt Rd,member,0.010772830211909067,273,209055,2534153,477,8.249501904581136
State St & Chicago Ave,Wells St & Walton St,member,0.010733369295381929,272,209327,2534153,478,8.260235273876518
State St & 33rd St,Rhodes Ave & 32nd St,member,0.010733369295381929,272,209599,2534153,479,8.2709686431719
Sheridan Rd & Columbia Ave,Sheridan Rd & Loyola Ave,member,0.010733369295381929,272,209871,2534153,480,8.281702012467282
Morgan St & Polk St,Halsted St & Roosevelt Rd,member,0.010733369295381929,272,210143,2534153,481,8.292435381762663
Damen Ave & Pierce Ave,Claremont Ave & Hirsch St,member,0.010733369295381929,272,210415,2534153,482,8.303168751058045
Aberdeen St & Randolph St,Green St & Madison St,member,0.010733369295381929,272,210687,2534153,483,8.313902120353427
Wells St & Walton St,State St & Chicago Ave,member,0.01069390837885479,271,210958,2534153,484,8.324596028732282
Wells St & Evergreen Ave,Wells St & Randolph St,member,0.01069390837885479,271,211229,2534153,485,8.335289937111137
Sheffield Ave & Fullerton Ave,Sheffield Ave & Wrightwood Ave,member,0.01069390837885479,271,211500,2534153,486,8.345983845489991
Ravenswood Ave & Lawrence Ave,Broadway & Wilson Ave,member,0.01069390837885479,271,211771,2534153,487,8.356677753868846
Michigan Ave & Washington St,Franklin St & Monroe St,member,0.01069390837885479,271,212042,2534153,488,8.367371662247702
Ellis Ave & 58th St,Harper Ave & 59th St,member,0.01069390837885479,271,212313,2534153,489,8.378065570626557
DuSable Lake Shore Dr & Diversey Pkwy,Michigan Ave & Oak St,member,0.01069390837885479,271,212584,2534153,490,8.388759479005412
Cornell Ave & Hyde Park Blvd,Woodlawn Ave & 55th St,member,0.01069390837885479,271,212855,2534153,491,8.399453387384266
Cornell Ave & Hyde Park Blvd,Cornell Ave & Hyde Park Blvd,member,0.01069390837885479,271,213126,2534153,492,8.410147295763121
Broadway & Barry Ave,Broadway & Waveland Ave,member,0.01069390837885479,271,213397,2534153,493,8.420841204141976
Wolcott Ave & Polk St,May St & Taylor St,member,0.01065444746232765,270,213667,2534153,494,8.431495651604305
Sheridan Rd & Irving Park Rd,Pine Grove Ave & Waveland Ave,member,0.01065444746232765,270,213937,2534153,495,8.44215009906663
Racine Ave & Belmont Ave,Broadway & Waveland Ave,member,0.01065444746232765,270,214207,2534153,496,8.452804546528958
Ellis Ave & 55th St,Lake Park Ave & 56th St,member,0.01065444746232765,270,214477,2534153,497,8.463458993991287
Dearborn Pkwy & Delaware Pl,Clinton St & Lake St,member,0.01065444746232765,270,214747,2534153,498,8.474113441453614
Wilton Ave & Diversey Pkwy,Hampden Ct & Diversey Pkwy,member,0.010614986545800509,269,215016,2534153,499,8.484728427999414
Wilton Ave & Belmont Ave,Southport Ave & Belmont Ave,member,0.010614986545800509,269,215285,2534153,500,8.495343414545214
Wells St & Huron St,Wells St & Walton St,member,0.010614986545800509,269,215554,2534153,501,8.505958401091016
Pine Grove Ave & Irving Park Rd,Halsted St & Roscoe St,member,0.010614986545800509,269,215823,2534153,502,8.516573387636816
Harper Ave & 55th St,Woodlawn Ave & 55th St,member,0.010614986545800509,269,216092,2534153,503,8.527188374182616
Halsted St & Polk St,Aberdeen St & Jackson Blvd,member,0.010614986545800509,269,216361,2534153,504,8.537803360728418
Financial Pl & Ida B Wells Dr,Clinton St & Jackson Blvd,member,0.010614986545800509,269,216630,2534153,505,8.548418347274216
Canal St & Adams St,Clinton St & Lake St,member,0.010614986545800509,269,216899,2534153,506,8.559033333820018
Benson Ave & Church St,University Library (NU),member,0.010614986545800509,269,217168,2534153,507,8.569648320365818
Clark St & Wrightwood Ave,Wilton Ave & Diversey Pkwy,member,0.01057552562927337,268,217436,2534153,508,8.580223845995091
Canal St & Harrison St,Clinton St & Madison St,member,0.01057552562927337,268,217704,2534153,509,8.590799371624366
Burnham Harbor,DuSable Lake Shore Dr & Monroe St,member,0.01057552562927337,268,217972,2534153,510,8.601374897253638
Broadway & Waveland Ave,Broadway & Sunnyside Ave,member,0.01057552562927337,268,218240,2534153,511,8.611950422882913
Ravenswood Ave & Lawrence Ave,Washtenaw Ave & Lawrence Ave,member,0.010536064712746231,267,218507,2534153,512,8.622486487595658
Pine Grove Ave & Irving Park Rd,Broadway & Cornelia Ave,member,0.010536064712746231,267,218774,2534153,513,8.633022552308404
Cornell Ave & Hyde Park Blvd,Ellis Ave & 55th St,member,0.010536064712746231,267,219041,2534153,514,8.643558617021151
Canal St & Madison St,Daley Center Plaza,member,0.010536064712746231,267,219308,2534153,515,8.654094681733897
Woodlawn Ave & 58th St,Lake Park Ave & 56th St,member,0.010496603796219093,266,219574,2534153,516,8.664591285530115
Wells St & Huron St,Clark St & Elm St,member,0.010496603796219093,266,219840,2534153,517,8.675087889326335
Wells St & Concord Ln,Larrabee St & Webster Ave,member,0.010496603796219093,266,220106,2534153,518,8.685584493122555
DuSable Lake Shore Dr & Wellington Ave,Michigan Ave & Oak St,member,0.010496603796219093,266,220372,2534153,519,8.696081096918773
Wilton Ave & Belmont Ave,Clark St & Newport St,member,0.010457142879691952,265,220637,2534153,520,8.706538239798466
Wells St & Walton St,Wells St & Concord Ln,member,0.010457142879691952,265,220902,2534153,521,8.716995382678157
Sheffield Ave & Wellington Ave,Ashland Ave & Wellington Ave,member,0.010457142879691952,265,221167,2534153,522,8.72745252555785
Wilton Ave & Belmont Ave,Racine Ave & Belmont Ave,member,0.010417681963164813,264,221431,2534153,523,8.737870207521013
Wells St & Huron St,Wells St & Hubbard St,member,0.010417681963164813,264,221695,2534153,524,8.748287889484178
Mies van der Rohe Way & Chestnut St,Michigan Ave & Pearson St,member,0.010417681963164813,264,221959,2534153,525,8.758705571447344
Lincoln Ave & Winona St,Ravenswood Ave & Lawrence Ave,member,0.010417681963164813,264,222223,2534153,526,8.769123253410509
Lake Park Ave & 56th St,Ellis Ave & 55th St,member,0.010417681963164813,264,222487,2534153,527,8.779540935373673
Desplaines St & Kinzie St,Clinton St & Lake St,member,0.010417681963164813,264,222751,2534153,528,8.789958617336838
Broadway & Waveland Ave,Broadway & Barry Ave,member,0.010417681963164813,264,223015,2534153,529,8.800376299300003
Broadway & Cornelia Ave,Broadway & Waveland Ave,member,0.010417681963164813,264,223279,2534153,530,8.810793981263169
Woodlawn Ave & 58th St,Lake Park Ave & 53rd St,member,0.010378221046637675,263,223542,2534153,531,8.821172202309805
Woodlawn Ave & 55th St,Ellis Ave & 55th St,member,0.010378221046637675,263,223805,2534153,532,8.831550423356443
State St & 35th St,Calumet Ave & 33rd St,member,0.010378221046637675,263,224068,2534153,533,8.841928644403081
New St & Illinois St,New St & Illinois St,member,0.010378221046637675,263,224331,2534153,534,8.85230686544972
Leavitt St & Armitage Ave,Leavitt St & North Ave,member,0.010378221046637675,263,224594,2534153,535,8.862685086496356
Dearborn Pkwy & Delaware Pl,Clark St & Chicago Ave,member,0.010378221046637675,263,224857,2534153,536,8.873063307542994
Clinton St & Washington Blvd,Michigan Ave & Washington St,member,0.010378221046637675,263,225120,2534153,537,8.88344152858963
Canal St & Madison St,Wells St & Elm St,member,0.010378221046637675,263,225383,2534153,538,8.893819749636268
Sedgwick St & Huron St,State St & Chicago Ave,member,0.010338760130110534,262,225645,2534153,539,8.90415850976638
Pine Grove Ave & Waveland Ave,Broadway & Belmont Ave,member,0.010338760130110534,262,225907,2534153,540,8.91449726989649
Pine Grove Ave & Irving Park Rd,Broadway & Sheridan Rd,member,0.010338760130110534,262,226169,2534153,541,8.9248360300266
Leavitt St & Lawrence Ave,Ravenswood Ave & Lawrence Ave,member,0.010338760130110534,262,226431,2534153,542,8.935174790156712
Woodlawn Ave & 58th St,Shore Dr & 55th St,member,0.010299299213583394,261,226692,2534153,543,8.945474089370295
State St & Harrison St,Daley Center Plaza,member,0.010299299213583394,261,226953,2534153,544,8.955773388583879
Kingsbury St & Erie St,Clinton St & Washington Blvd,member,0.010299299213583394,261,227214,2534153,545,8.966072687797462
Hermitage Ave & Polk St,Wolcott Ave & Polk St,member,0.010299299213583394,261,227475,2534153,546,8.976371987011046
Hermitage Ave & Polk St,Loomis St & Lexington St,member,0.010299299213583394,261,227736,2534153,547,8.986671286224627
Financial Pl & Ida B Wells Dr,Clinton St & Madison St,member,0.010299299213583394,261,227997,2534153,548,8.996970585438211
Clinton St & Lake St,Desplaines St & Kinzie St,member,0.010299299213583394,261,228258,2534153,549,9.007269884651794
Clark St & Schiller St,State St & Chicago Ave,member,0.010299299213583394,261,228519,2534153,550,9.017569183865378
Clark St & Lake St,State St & Pearson St,member,0.010299299213583394,261,228780,2534153,551,9.027868483078962
Clark St & Elm St,Mies van der Rohe Way & Chestnut St,member,0.010299299213583394,261,229041,2534153,552,9.038167782292545
Clark St & Drummond Pl,Lakeview Ave & Fullerton Pkwy,member,0.010299299213583394,261,229302,2534153,553,9.048467081506129
Clark St & Bryn Mawr Ave,Clark St & Winnemac Ave,member,0.010299299213583394,261,229563,2534153,554,9.058766380719712
Broadway & Thorndale Ave,Peterson/Ridge Metra,member,0.010299299213583394,261,229824,2534153,555,9.069065679933296
Wells St & Elm St,Kingsbury St & Kinzie St,member,0.010259838297056255,260,230084,2534153,556,9.07932551823035
Ravenswood Ave & Lawrence Ave,Ravenswood Ave & Irving Park Rd,member,0.010259838297056255,260,230344,2534153,557,9.089585356527408
Peoria St & Jackson Blvd,Canal St & Jackson Blvd,member,0.010259838297056255,260,230604,2534153,558,9.099845194824464
DuSable Lake Shore Dr & Monroe St,Theater on the Lake,member,0.010259838297056255,260,230864,2534153,559,9.11010503312152
Clinton St & Jackson Blvd,Peoria St & Jackson Blvd,member,0.010259838297056255,260,231124,2534153,560,9.120364871418577
Kingsbury St & Erie St,State St & Chicago Ave,member,0.010220377380529116,259,231383,2534153,561,9.130585248799106
Francisco Ave & Foster Ave,Rockwell St & Eastwood Ave,member,0.010220377380529116,259,231642,2534153,562,9.140805626179635
DuSable Lake Shore Dr & Belmont Ave,Michigan Ave & Oak St,member,0.010220377380529116,259,231901,2534153,563,9.151026003560164
University Ave & 57th St,Blackstone Ave & Hyde Park Blvd,member,0.010180916464001976,258,232159,2534153,564,9.161206920024165
State St & Kinzie St,Rush St & Hubbard St,member,0.010180916464001976,258,232417,2534153,565,9.171387836488169
Mies van der Rohe Way & Chestnut St,Wabash Ave & Grand Ave,member,0.010141455547474837,257,232674,2534153,566,9.181529292035643
May St & Taylor St,Wolcott Ave & Polk St,member,0.010141455547474837,257,232931,2534153,567,9.191670747583117
State St & Chicago Ave,McClurg Ct & Ohio St,member,0.010101994630947698,256,233187,2534153,568,9.201772742214064
Ravenswood Ave & Lawrence Ave,Winthrop Ave & Lawrence Ave,member,0.010101994630947698,256,233443,2534153,569,9.211874736845013
Milwaukee Ave & The 606,Leavitt St & Armitage Ave,member,0.010101994630947698,256,233699,2534153,570,9.22197673147596
Ellis Ave & 58th St,Drexel Ave & 60th St,member,0.010101994630947698,256,233955,2534153,571,9.23207872610691
Damen Ave & Chicago Ave,Damen Ave & Wicker Park Ave,member,0.010101994630947698,256,234211,2534153,572,9.242180720737855
Canal St & Jackson Blvd,Kingsbury St & Erie St,member,0.010101994630947698,256,234467,2534153,573,9.252282715368803
Shore Dr & 55th St,Ellis Ave & 58th St,member,0.01006253371442056,255,234722,2534153,574,9.262345249083225
Paulina St & 18th St,Racine Ave & 18th St,member,0.01006253371442056,255,234977,2534153,575,9.272407782797645
Harper Ave & 59th St,University Ave & 57th St,member,0.01006253371442056,255,235232,2534153,576,9.282470316512065
Clinton St & Madison St,Kingsbury St & Kinzie St,member,0.01006253371442056,255,235487,2534153,577,9.292532850226486
Paulina St & Flournoy St,Aberdeen St & Jackson Blvd,member,0.010023072797893419,254,235741,2534153,578,9.302555923024379
Loomis St & Lexington St,Halsted St & Roosevelt Rd,member,0.010023072797893419,254,235995,2534153,579,9.312578995822273
Damen Ave & Leland Ave,Damen Ave & Foster Ave,member,0.010023072797893419,254,236249,2534153,580,9.322602068620165
Wells St & Evergreen Ave,Wells St & Concord Ln,member,0.009983611881366278,253,236502,2534153,581,9.332585680501532
Ravenswood Ave & Lawrence Ave,Lincoln Ave & Sunnyside Ave,member,0.009983611881366278,253,236755,2534153,582,9.3425692923829
Loomis St & Jackson Blvd,Clinton St & Madison St,member,0.009983611881366278,253,237008,2534153,583,9.352552904264265
Kingsbury St & Erie St,Sedgwick St & Huron St,member,0.009983611881366278,253,237261,2534153,584,9.362536516145632
Kingsbury St & Erie St,Clinton St & Jackson Blvd,member,0.009983611881366278,253,237514,2534153,585,9.372520128026999
Franklin St & Lake St,Canal St & Madison St,member,0.009983611881366278,253,237767,2534153,586,9.382503739908364
Clinton St & Madison St,Peoria St & Jackson Blvd,member,0.009983611881366278,253,238020,2534153,587,9.39248735178973
Broadway & Argyle St,Clark St & Winnemac Ave,member,0.009983611881366278,253,238273,2534153,588,9.402470963671096
Theater on the Lake,DuSable Lake Shore Dr & Monroe St,member,0.00994415096483914,252,238525,2534153,589,9.412415114635936
Orleans St & Merchandise Mart Plaza,Kingsbury St & Erie St,member,0.00994415096483914,252,238777,2534153,590,9.422359265600774
Loomis St & Lexington St,Clinton St & Madison St,member,0.00994415096483914,252,239029,2534153,591,9.432303416565615
Clinton St & Madison St,Financial Pl & Ida B Wells Dr,member,0.00994415096483914,252,239281,2534153,592,9.442247567530453
Clark St & Wrightwood Ave,Lincoln Ave & Fullerton Ave,member,0.00994415096483914,252,239533,2534153,593,9.452191718495293
Clark St & Schiller St,Clark St & Schiller St,member,0.00994415096483914,252,239785,2534153,594,9.46213586946013
Clarendon Ave & Junior Ter,Pine Grove Ave & Waveland Ave,member,0.00994415096483914,252,240037,2534153,595,9.47208002042497
Wells St & Concord Ln,Wells St & Hubbard St,member,0.009904690048312,251,240288,2534153,596,9.481984710473283
Sheridan Rd & Montrose Ave,Sheffield Ave & Waveland Ave,member,0.009904690048312,251,240539,2534153,597,9.491889400521595
Kimbark Ave & 53rd St,Shore Dr & 55th St,member,0.009904690048312,251,240790,2534153,598,9.501794090569907
Sheridan Rd & Irving Park Rd,Sheffield Ave & Waveland Ave,member,0.00986522913178486,250,241040,2534153,599,9.51165931970169
Sedgwick St & North Ave,Clybourn Ave & Division St,member,0.00986522913178486,250,241290,2534153,600,9.521524548833476
Orleans St & Merchandise Mart Plaza,Wells St & Elm St,member,0.00986522913178486,250,241540,2534153,601,9.531389777965261
Loomis St & Lexington St,900 W Harrison St,member,0.00986522913178486,250,241790,2534153,602,9.541255007097046
Lakefront Trail & Wilson Ave,Lakefront Trail & Wilson Ave,member,0.00986522913178486,250,242040,2534153,603,9.551120236228831
Humboldt Blvd & Armitage Ave,California Ave & Milwaukee Ave,member,0.00986522913178486,250,242290,2534153,604,9.560985465360615
Desplaines St & Kinzie St,Canal St & Madison St,member,0.00986522913178486,250,242540,2534153,605,9.5708506944924
Clark St & Elm St,LaSalle St & Illinois St,member,0.00986522913178486,250,242790,2534153,606,9.580715923624185
Canal St & Taylor St,Clinton St & Madison St,member,0.00986522913178486,250,243040,2534153,607,9.59058115275597
Canal St & Adams St,Larrabee St & Kingsbury St,member,0.00986522913178486,250,243290,2534153,608,9.600446381887755
Wells St & Concord Ln,Stockton Dr & Wrightwood Ave,member,0.009825768215257722,249,243539,2534153,609,9.610272150103013
Southport Ave & Belmont Ave,Wilton Ave & Belmont Ave,member,0.009825768215257722,249,243788,2534153,610,9.62009791831827
Sheridan Rd & Argyle St,Marine Dr & Ainslie St,member,0.009825768215257722,249,244037,2534153,611,9.629923686533528
Mies van der Rohe Way & Chicago Ave,State St & Chicago Ave,member,0.009825768215257722,249,244286,2534153,612,9.639749454748786
MLK Jr Dr & 29th St,State St & 33rd St,member,0.009825768215257722,249,244535,2534153,613,9.649575222964044
Kingsbury St & Kinzie St 2,Kingsbury St & Erie St,member,0.009825768215257722,249,244784,2534153,614,9.6594009911793
Field Blvd & South Water St,Dusable Harbor,member,0.009825768215257722,249,245033,2534153,615,9.669226759394558
Ellis Ave & 58th St,University Ave & 57th St,member,0.009825768215257722,249,245282,2534153,616,9.679052527609818
Cornell Ave & Hyde Park Blvd,Woodlawn Ave & 58th St,member,0.009825768215257722,249,245531,2534153,617,9.688878295825075
Clinton St & Madison St,Canal St & Harrison St,member,0.009825768215257722,249,245780,2534153,618,9.698704064040333
Canal St & Adams St,Aberdeen St & Jackson Blvd,member,0.009825768215257722,249,246029,2534153,619,9.70852983225559
Broadway & Barry Ave,DuSable Lake Shore Dr & Diversey Pkwy,member,0.009825768215257722,249,246278,2534153,620,9.718355600470847
Pine Grove Ave & Waveland Ave,Broadway & Cornelia Ave,member,0.009786307298730583,248,246526,2534153,621,9.72814190776958
Kimbark Ave & 53rd St,Cornell Ave & Hyde Park Blvd,member,0.009786307298730583,248,246774,2534153,622,9.737928215068308
Clark St & Wellington Ave,Broadway & Waveland Ave,member,0.009786307298730583,248,247022,2534153,623,9.747714522367039
Wilton Ave & Belmont Ave,Southport Ave & Roscoe St,member,0.009746846382203442,247,247269,2534153,624,9.757461368749244
University Library (NU),Benson Ave & Church St,member,0.009746846382203442,247,247516,2534153,625,9.767208215131447
Kingsbury St & Erie St,Dearborn St & Erie St,member,0.009746846382203442,247,247763,2534153,626,9.77695506151365
Clark St & Lincoln Ave,Larrabee St & Webster Ave,member,0.009746846382203442,247,248010,2534153,627,9.786701907895853
Broadway & Sheridan Rd,Broadway & Waveland Ave,member,0.009746846382203442,247,248257,2534153,628,9.796448754278057
Wells St & Huron St,Michigan Ave & Pearson St,member,0.009707385465676302,246,248503,2534153,629,9.806156139743733
Orleans St & Merchandise Mart Plaza,McClurg Ct & Ohio St,member,0.009707385465676302,246,248749,2534153,630,9.815863525209409
Michigan Ave & 14th St,Calumet Ave & 18th St,member,0.009707385465676302,246,248995,2534153,631,9.825570910675086
Kingsbury St & Erie St,LaSalle St & Jackson Blvd,member,0.009707385465676302,246,249241,2534153,632,9.835278296140762
Clinton St & Washington Blvd,State St & Kinzie St,member,0.009707385465676302,246,249487,2534153,633,9.844985681606438
Clinton St & Jackson Blvd,New St & Illinois St,member,0.009707385465676302,246,249733,2534153,634,9.854693067072114
Clark St & Ida B Wells Dr,Michigan Ave & 14th St,member,0.009707385465676302,246,249979,2534153,635,9.86440045253779
Wabash Ave & Roosevelt Rd,Shedd Aquarium,member,0.009667924549149163,245,250224,2534153,636,9.87406837708694
Sheridan Rd & Irving Park Rd,Broadway & Sheridan Rd,member,0.009667924549149163,245,250469,2534153,637,9.88373630163609
Halsted St & Roscoe St,Broadway & Waveland Ave,member,0.009667924549149163,245,250714,2534153,638,9.893404226185238
Ellis Ave & 60th St,Ellis Ave & 60th St,member,0.009667924549149163,245,250959,2534153,639,9.903072150734388
Desplaines St & Kinzie St,Clinton St & Washington Blvd,member,0.009667924549149163,245,251204,2534153,640,9.912740075283537
Burnham Harbor,Lake Park Ave & 47th St,member,0.009667924549149163,245,251449,2534153,641,9.922407999832686
Broadway & Wilson Ave,Clark St & Leland Ave,member,0.009667924549149163,245,251694,2534153,642,9.932075924381834
Broadway & Granville Ave,Peterson/Ridge Metra,member,0.009667924549149163,245,251939,2534153,643,9.941743848930983
Wells St & Hubbard St,Desplaines St & Kinzie St,member,0.009628463632622025,244,252183,2534153,644,9.951372312563606
State St & Chicago Ave,Wells St & Concord Ln,member,0.009628463632622025,244,252427,2534153,645,9.96100077619623
New St & Illinois St,Canal St & Madison St,member,0.009628463632622025,244,252671,2534153,646,9.97062923982885
Lincoln Ave & Sunnyside Ave,Ravenswood Ave & Lawrence Ave,member,0.009628463632622025,244,252915,2534153,647,9.980257703461472
Ellis Ave & 58th St,Shore Dr & 55th St,member,0.009628463632622025,244,253159,2534153,648,9.989886167094095
Clinton St & Jackson Blvd,Sangamon St & Lake St,member,0.009628463632622025,244,253403,2534153,649,9.999514630726717
Clarendon Ave & Gordon Ter,Clarendon Ave & Junior Ter,member,0.009628463632622025,244,253647,2534153,650,10.009143094359338
