end_station_name,end_lat,end_lng,member_stops,percent_of_member_stops
Canal St & Madison St,41.88240899999957,-87.6397669999952,23987,0.7289917594482188
State St & Chicago Ave,41.89661720040856,-87.62857854366302,23415,0.7116080396664879
Clinton St & Madison St,41.88238470425123,-87.64117673954031,22354,0.6793630629384868
Wells St & Concord Ln,41.91213300000176,-87.63465600000264,21421,0.6510081493784257
Clark St & Elm St,41.902972273887926,-87.63131098981458,21233,0.6452946191005141
Wells St & Elm St,41.90322199999832,-87.63432400000217,21146,0.642650591791055
Clinton St & Washington Blvd,41.88324889514062,-87.64117694195382,21030,0.6391252220451096
Kingsbury St & Kinzie St,41.889170546423124,-87.63849660600508,20348,0.6183984792284303
Clinton St & Jackson Blvd,41.87831661956803,-87.64098109028036,20282,0.6163926654074613
Wells St & Huron St,41.89479530000106,-87.6343743000004,19203,0.5836006485464688
Wells St & Hubbard St,41.889905999998135,-87.63426600000196,17916,0.5444872790375741
Daley Center Plaza,41.88424088150584,-87.62963351053034,17639,0.5360689392132043
Franklin St & Monroe St,41.88031622457702,-87.63518444612588,17142,0.520964553318938
Clark St & Armitage Ave,41.91830579135678,-87.63628186217433,17133,0.5206910332524424
Kingsbury St & Erie St,41.89391390000087,-87.64173579999995,17004,0.516770578966003
University Ave & 57th St,41.79147800282579,-87.59986052955223,16681,0.5069542476906549
Canal St & Adams St,41.87925509174526,-87.63990406072325,16678,0.5068630743351563
Desplaines St & Kinzie St,41.88871603600103,-87.64444785329734,16503,0.5015446285977385
Clark St & Lincoln Ave,41.915688999999276,-87.63459999999667,16370,0.49750260983730116
DuSable Lake Shore Dr & North Blvd,41.91172200134296,-87.62680400103369,16077,0.48859801211693893
Dearborn Pkwy & Delaware Pl,41.8989690000012,-87.62991199999927,16026,0.48704806507346293
Orleans St & Merchandise Mart Plaza,41.888242999999434,-87.63638999999972,15981,0.48568046474098414
Clinton St & Lake St,41.88563699999953,-87.64182300000206,15485,0.4706064699652173
McClurg Ct & Ohio St,41.8925921084532,-87.61728912217842,15484,0.47057607884671787
Wilton Ave & Belmont Ave,41.94023191810849,-87.65294373035431,15447,0.46945160746223524
Broadway & Waveland Ave,41.94907399999979,-87.64863599999892,15431,0.4689653495662428
Broadway & Cornelia Ave,41.94552900000007,-87.64643900000065,15202,0.4620057834298505
Ravenswood Ave & Lawrence Ave,41.968445000000756,-87.67422600000062,15140,0.46012153408287965
Michigan Ave & Oak St,41.900960389997934,-87.62377663999699,14664,0.44565536167710346
Columbus Dr & Randolph St,41.8847280000007,-87.61952099999867,14557,0.4424035119976538
New St & Illinois St,41.89084704062288,-87.61861681938171,14424,0.4383614932372164
Clark St & Lake St,41.8860207426327,-87.63087543554286,14274,0.4338028254622869
Halsted St & Clybourn Ave,41.90966799999963,-87.64812799999812,14026,0.42626582807440355
Green St & Madison St,41.88185932803947,-87.64926373958588,14016,0.42596191688940827
Ellis Ave & 55th St,41.794300620539815,-87.60144977340259,13972,0.4246247076754289
Wabash Ave & Grand Ave,41.89146605361784,-87.62676097865118,13834,0.4204307333224938
Dearborn St & Erie St,41.89391647130029,-87.62961805771248,13764,0.41830335502752675
Wabash Ave & Roosevelt Rd,41.867226999999716,-87.6259610000014,13713,0.4167534079840507
LaSalle St & Jackson Blvd,41.87816599999986,-87.6319289999988,13618,0.41386625172659547
Broadway & Barry Ave,41.93758231600691,-87.6440978050232,13582,0.41277217146061235
Pine Grove Ave & Waveland Ave,41.94947274088377,-87.64645278453827,13381,0.4066635566422069
LaSalle St & Illinois St,41.89076199999954,-87.6316970000019,13362,0.4060861253907158
Theater on the Lake,41.92627700000025,-87.63083400000491,13217,0.401679413208284
Federal St & Polk St,41.87207763284993,-87.62954377289887,13122,0.39879225695082865
Southport Ave & Waveland Ave,41.94822599999987,-87.6640711999991,13081,0.397546221092348
Clark St & Wrightwood Ave,41.929545999999526,-87.64311800000355,12999,0.3950541493753865
Lincoln Ave & Fullerton Ave,41.92416102906772,-87.64638036489487,12939,0.3932306822654148
DuSable Lake Shore Dr & Diversey Pkwy,41.9325879999993,-87.63642699999735,12750,0.38748676086900363
Ellis Ave & 60th St,41.78509714636027,-87.60107276059871,12575,0.38216831513158595
Michigan Ave & Lake St,41.88602200000022,-87.62439800000244,12562,0.3817732305910921
Franklin St & Jackson Blvd,41.87770795589973,-87.63532114080056,12539,0.3810742348656029
Michigan Ave & Washington St,41.88398406451224,-87.62468397213563,12430,0.3777616029491541
Navy Pier,41.892278000005604,-87.61204299999666,12357,0.3755430512986885
Indiana Ave & Roosevelt Rd,41.86788800971204,-87.6230410029618,12320,0.37441857991420585
Sheffield Ave & Fullerton Ave,41.92561629999936,-87.65365739999874,12280,0.3732029351742247
Clark St & Drummond Pl,41.931247999999776,-87.6443359999985,11773,0.35779463809496315
Southport Ave & Roscoe St,41.94373899999951,-87.66401999999799,11410,0.34676266207963385
Larrabee St & Webster Ave,41.92182199999991,-87.64413999999839,11340,0.3446352837846668
Clark St & Schiller St,41.90799300000052,-87.6315009999991,11243,0.3416873452902124
Loomis St & Lexington St,41.87222873224017,-87.66136385500431,11194,0.34019818048373546
Clarendon Ave & Gordon Ter,41.957866524152514,-87.64950513839722,11137,0.33846588672926226
Canal St & Jackson Blvd,41.878128111128746,-87.63996968169992,11114,0.33776689100377305
Sheridan Rd & Irving Park Rd,41.95424500000062,-87.65440599999859,11082,0.3367943752117881
McClurg Ct & Erie St,41.89450300000092,-87.61785399999869,10913,0.3316582761853676
Pine Grove Ave & Irving Park Rd,41.95436431676891,-87.64792842264606,10891,0.3309896715783779
Wells St & Walton St,41.89993000999863,-87.63443007000019,10881,0.33068576039338266
Broadway & Sheridan Rd,41.952833000000886,-87.64999299999921,10798,0.3281632975579217
Sedgwick St & Huron St,41.894665999999276,-87.6384369999992,10780,0.3276162574249301
DuSable Lake Shore Dr & Monroe St,41.88095800358651,-87.61674300022901,10675,0.3244251899824795
Sheffield Ave & Kingsbury St,41.91052199999962,-87.65310600000016,10555,0.320778255762536
Wilton Ave & Diversey Pkwy,41.93241799194666,-87.65270499668631,10523,0.319805739970551
Clark St & Winnemac Ave,41.9733476404739,-87.6678554713726,10482,0.3185597041120703
Lakeview Ave & Fullerton Pkwy,41.92585801357997,-87.63897300175452,10464,0.3180126639790788
Aberdeen St & Jackson Blvd,41.87772612999919,-87.65478742999984,10440,0.31728327713509
DuSable Lake Shore Dr & Belmont Ave,41.94077499999913,-87.6391920000001,10439,0.3172528860165905
Wells St & Evergreen Ave,41.90672448882653,-87.63482999972624,10436,0.3171617126610919
Franklin St & Lake St,41.8858370000007,-87.63550000000026,10421,0.316705845883599
Halsted St & Roscoe St,41.94366999999972,-87.64895000000142,10418,0.3166146725281004
Clark St & Newport St,41.94453999999869,-87.65467800000053,10415,0.3165234991726018
Halsted St & Wrightwood Ave,41.9291430000007,-87.64907699999922,10394,0.31588528568411167
DuSable Lake Shore Dr & Wellington Ave,41.93668844949954,-87.63682901859283,10283,0.31251187153066384
Franklin St & Illinois St,41.891023311660696,-87.63547987248363,10255,0.31166092021267705
Kingsbury St & Kinzie St 2,41.889188000000594,-87.638387000001,10242,0.3112658356721832
Peoria St & Jackson Blvd,41.87764082642975,-87.6496175835714,10166,0.30895611066621886
Desplaines St & Jackson Blvd,41.878118900911964,-87.64394760131836,9979,0.3032729715068069
Mies van der Rohe Way & Chestnut St,41.898586651399356,-87.62191522580136,9965,0.30284749584781345
Broadway & Belmont Ave,41.94010600363877,-87.64545100451721,9948,0.30233084683332145
Clark St & Wellington Ave,41.936496821900725,-87.64753865820111,9902,0.30093285538234305
Rush St & Cedar St,41.902308701218764,-87.62769052799796,9900,0.30087207314534403
Fairbanks Ct & Grand Ave,41.89184737211136,-87.62058019638062,9838,0.2989878237983732
Kimbark Ave & 53rd St,41.79945489999961,-87.59477789999927,9681,0.294216418193947
State St & Kinzie St,41.88937546663262,-87.62707650661469,9664,0.293699769179455
Rush St & Superior St,41.89576474564036,-87.62590803269998,9631,0.2926968622689705
Franklin St & Chicago Ave,41.89678999999954,-87.63563999999842,9619,0.29233216884697616
Sheffield Ave & Wellington Ave,41.93625348404127,-87.65266209706002,9614,0.2921802132544785
Morgan St & Polk St,41.87173700000028,-87.65102999999988,9587,0.29135965305499123
Sheffield Ave & Webster Ave,41.921540000000626,-87.65381800000146,9513,0.28911071028602603
Milwaukee Ave & Grand Ave,41.891578000000024,-87.64838400000004,9482,0.2881685856125406
Sheffield Ave & Wrightwood Ave,41.928711999999706,-87.65383299999893,9482,0.2881685856125406
Damen Ave & Pierce Ave,41.90930279513432,-87.67770096419564,9422,0.28634511850256883
Stockton Dr & Wrightwood Ave,41.93132000000125,-87.63874200000063,9416,0.2861627717915716
Clinton St & Washington Blvd 2,41.883378747252195,-87.6411700659348,9413,0.28607159843607305
Sedgwick St & Webster Ave,41.9221669999995,-87.6388880000009,9408,0.2859196428435754
Montrose Harbor,41.963982000000655,-87.63818099999811,9356,0.28433930468159985
Sheridan Rd & Montrose Ave,41.96166999999976,-87.65463999999864,9345,0.284005002378105
Sedgwick St & North Ave,41.910983000000265,-87.63852499999977,9331,0.2835795267191116
Mies van der Rohe Way & Chicago Ave,41.896944626370434,-87.62175768613815,9221,0.2802365036841633
Burling St & Diversey Pkwy,41.93314000000028,-87.647760000001,9146,0.2779571697966986
Clarendon Ave & Junior Ter,41.96100399999949,-87.64960299999917,9123,0.2772581740712094
Damen Ave & Chicago Ave,41.89568737053386,-87.67713508286394,9095,0.2764072227532226
Larrabee St & Kingsbury St,41.89776399999914,-87.6428839999981,9024,0.274249453339756
Dayton St & North Ave,41.910578034899096,-87.64942192879973,9022,0.2741886711027569
Wabash Ave & 9th St,41.8707690000004,-87.62573400000076,8925,0.27124073260830256
Field Blvd & South Water St,41.88634906269062,-87.61751654710106,8886,0.2700554789868209
Wells St & Randolph St,41.88429500000034,-87.63396300000021,8800,0.26744184279586136
Milwaukee Ave & The 606,41.913754000000004,-87.6826658000013,8796,0.2673202783218632
Clark St & Berwyn Ave,41.978023737146195,-87.66817962068433,8699,0.2643723398274088
Elston Ave & Cortland St,41.91643342912697,-87.66674637794495,8685,0.2639468641684154
St. Clair St & Erie St,41.8943477849261,-87.62280135667531,8658,0.2631263039689281
Clark St & Chicago Ave,41.896749999999905,-87.6308900000003,8547,0.25975288981548034
Millennium Park,41.88103170000153,-87.62408432000173,8546,0.2597224986969808
Wells St & Polk St,41.87273154226331,-87.63351649045944,8543,0.2596313253414822
Canal St & Monroe St,41.882905600000065,-87.63974089999955,8530,0.25923624080098834
Ritchie Ct & Banks St,41.90686599999959,-87.62621699999886,8519,0.2589019384974935
Sheffield Ave & Waveland Ave,41.949398999999445,-87.65452900000157,8441,0.25653143125453015
Wacker Dr & Washington St,41.88314336439042,-87.63724207878113,8422,0.2559540000030391
Southport Ave & Wellington Ave,41.93577461766398,-87.66360014677048,8320,0.2528541059160871
Clifton Ave & Armitage Ave,41.91821599999936,-87.65693599999992,8206,0.2493895184071407
Michigan Ave & 14th St,41.86405899999962,-87.6237269999988,8184,0.24872091380015107
Lincoln Ave & Melrose St,41.94060000000073,-87.66943500000076,8156,0.2478699624821642
Lincoln Ave & Diversey Pkwy,41.93222500053776,-87.65861701292455,8037,0.24425341938072018
Aberdeen St & Randolph St,41.884114155229575,-87.65426401895202,8028,0.24397989931422442
Dusable Harbor,41.886975994992625,-87.61281299956454,8003,0.24322012135173615
California Ave & Milwaukee Ave,41.92269500000034,-87.69715300000057,7964,0.24203486773025448
Sangamon St & Lake St,41.885779252404646,-87.65102460980414,7963,0.24200447661175498
Kingsbury St & Kinzie St 1,41.88907000000017,-87.63834999999786,7933,0.24109274305676912
Larrabee St & Division St,41.903486073068024,-87.64335349142937,7920,0.2406976585162752
State St & Randolph St,41.88462107257954,-87.62783423066139,7786,0.23662524863733822
Ogden Ave & Chicago Ave,41.896362457999885,-87.65406127289945,7778,0.23638211968934197
Halsted St & Polk St,41.871840000000034,-87.64664000000053,7776,0.23632133745234296
Lakefront Trail & Bryn Mawr Ave,41.984044115191686,-87.65228122472763,7680,0.23340379007638806
Racine Ave & Belmont Ave,41.939743000000234,-87.65886500000026,7673,0.23319105224689135
Shore Dr & 55th St,41.79521199999956,-87.58071499999949,7659,0.23276557658789798
Halsted St & Dickens Ave,41.91993599999935,-87.6488300000001,7570,0.23006076704143982
Larrabee St & Kingsbury St 1,41.89776630169368,-87.64288410398724,7565,0.22990881144894218
Kedzie Ave & Milwaukee Ave,41.92932968711864,-87.70801076540252,7507,0.22814612657596944
Honore St & Division St,41.90311899999999,-87.67393499999928,7505,0.22808534433897037
Elizabeth St & Randolph St,41.884335999999905,-87.65890199999988,7462,0.2267785262434906
Damen Ave & Cortland St,41.91598299999971,-87.67733500000008,7428,0.2257452282145066
Cityfront Plaza Dr & Pioneer Ct,41.89057299999979,-87.62207199999885,7383,0.22437762788202775
Racine Ave & Fullerton Ave,41.925566000000046,-87.65841600000033,7338,0.22301002754954893
Sheridan Rd & Buena Ave,41.95848631297982,-87.65502310357748,7330,0.2227668986015527
LaSalle Dr & Huron St,41.8948769999996,-87.63232600000056,7307,0.2220679028760635
Sheffield Ave & Willow St,41.91368800000032,-87.65285499999874,7293,0.22164242721707006
Southport Ave & Belmont Ave,41.93947775040553,-87.6637476682663,7283,0.2213385160320748
Wolcott Ave & Polk St,41.871262000000314,-87.67368800000004,7260,0.22063952030658562
Blackstone Ave & 59th St,41.78787700000024,-87.59046100000016,7164,0.21772197293063072
Dearborn St & Monroe St,41.881319815000246,-87.62952091930046,7086,0.21535146568766741
Franklin St & Adams St ,41.87943409140065,-87.63550400733948,7068,0.2148044255546759
May St & Taylor St,41.86939043256801,-87.65539649442462,7056,0.21443973213268155
Clark St & Arlington Pl,41.926939885883534,-87.64147991324266,6944,0.21103592686073422
Halsted St & Fulton St,41.88682194974492,-87.64782945593458,6924,0.21042810449074362
Halsted St & Willow St,41.91386500000007,-87.64875500000056,6917,0.2102153666612469
Broadway & Wilson Ave,41.96522099999976,-87.65813899999971,6904,0.20982028212075304
Woodlawn Ave & 55th St,41.795264000000245,-87.59647099999907,6895,0.2095467620542573
Orleans St & Hubbard St,41.89002800000035,-87.63661799999946,6884,0.20921245975076244
Lincoln Park Conservatory,41.923931311365465,-87.63582453131676,6856,0.20836150843277562
Michigan Ave & 8th St,41.872772970698634,-87.62398098946312,6844,0.20799681501078127
Damen Ave & Division St,41.90326600000048,-87.67843499999972,6817,0.20717625481129395
Fulton Market,41.88687100000028,-87.64808899999902,6796,0.20653804132280382
Southport Ave & Wrightwood Ave,41.92877299999973,-87.66391299999889,6730,0.2045322275018349
Clark St & North Ave,41.911974000000136,-87.6319420000015,6716,0.20410675184284144
Woodlawn Ave & 58th St,41.78938099999997,-87.59647899999985,6650,0.20210093802187248
Rush St & Hubbard St,41.89017299999981,-87.62618500000055,6606,0.20076372880789317
Clark St & Grace St,41.95077999999949,-87.6591719999997,6586,0.2001559064379026
Ashland Ave & Division St,41.90317395710727,-87.66927108239388,6565,0.19951769294941243
Financial Pl & Ida B Wells Dr,41.87502362803285,-87.6330940425396,6548,0.19900104393492046
Ellis Ave & 58th St,41.788746130082515,-87.60133399440247,6520,0.19815009261693362
Dearborn St & Maple St,41.90191999999929,-87.63026000000117,6485,0.19708640346945008
Paulina St & Flournoy St,41.87306108789843,-87.66913488507271,6466,0.19650897221795902
Paulina St & Division St,41.903552891163635,-87.67042920730803,6379,0.19386494490849995
Carpenter St & Huron St,41.89455599999958,-87.65344900000042,6369,0.19356103372350464
Dearborn St & Division St,41.90429999999989,-87.62991000000137,6350,0.19298360247201357
Stetson Ave & South Water St,41.88683499999962,-87.62231999999915,6308,0.19170717549503333
Aberdeen St & Monroe St,41.880280709246605,-87.65511304972313,6288,0.19109935312504275
Sangamon St & Washington Blvd,41.88316499999965,-87.65110000000045,6252,0.19000527285905966
Aberdeen St & Carroll Ave,41.88819000000006,-87.65458999999976,6224,0.18915432154107284
Clark St & Leland Ave,41.96708784118361,-87.66729088701048,6215,0.18888080147457706
Hampden Ct & Diversey Pkwy,41.9324699999998,-87.6424199999998,6202,0.1884857169340832
Greenview Ave & Fullerton Ave,41.92532999999937,-87.66580000000073,6138,0.18654068535011328
Noble St & Milwaukee Ave,41.90069999999953,-87.6626069999996,6094,0.18520347613613397
Wood St & Chicago Ave,41.89563400000031,-87.67206900000016,6083,0.18486917383263915
Wells St & Institute Pl,41.897379860723255,-87.63442039489746,6081,0.18480839159564008
Clark St & Ida B Wells Dr,41.875932665500294,-87.63058453549955,6053,0.18395744027765326
Calumet Ave & 18th St,41.8576175529378,-87.61941075325012,6039,0.18353196461865984
Morgan St & Lake St*,41.88549170626987,-87.65228927135468,5987,0.1819516264566843
Wabash Ave & 16th St,41.860383999999705,-87.62581300000006,5984,0.1818604531011857
Franklin St & Washington St,41.88318000000005,-87.6351100000008,5983,0.1818300619826862
Ashland Ave & Blackhawk St,41.90706599999984,-87.66725199999962,5938,0.18046246165020735
Wabash Ave & Adams St,41.87947235235012,-87.62568860589889,5918,0.17985463928021675
Broadway & Berwyn Ave,41.978361000000376,-87.65978899999935,5907,0.17952033697672193
Sheridan Rd & Argyle St,41.973286820259695,-87.65475958585739,5891,0.17903407908072946
900 W Harrison St,41.87475399999983,-87.64980699999984,5857,0.17800078105174544
Elizabeth St & Fulton St,41.88674360684871,-87.6594303445308,5821,0.17690670078576237
Ashland Ave & Chicago Ave,41.8959543573434,-87.6677280664444,5819,0.1768459185487633
Damen Ave & Thomas St (Augusta Blvd),41.901314999999954,-87.67740900000021,5819,0.1768459185487633
Halsted St & Maxwell St,41.86488299999984,-87.64707099999961,5780,0.17566066492728163
Dearborn St & Adams St,41.8793755545332,-87.6297615007639,5763,0.17514401591278966
Bissell St & Armitage Ave*,41.918295562936095,-87.65218332409859,5735,0.17429306459480282
State St & Pearson St,41.89744800000015,-87.6287219999999,5696,0.17310781097332115
Clark St & Bryn Mawr Ave,41.9835929999998,-87.66915400000094,5661,0.17204412182583761
Michigan Ave & 18th St,41.857925999999935,-87.62433599999972,5598,0.17012948136036724
Eckhart Park,41.896373370000184,-87.66098385999949,5580,0.1695824412273757
Wood St & Beach Ave,41.90765500000034,-87.6725520000014,5566,0.1691569655683823
Clark St & Montrose Ave,41.961587999999466,-87.66603599999955,5554,0.16879227214638795
Ashland Ave & Augusta Blvd,41.899619999999956,-87.66840999999913,5504,0.16727271622141146
Larrabee St & Oak St,41.9003178342788,-87.64238663675506,5503,0.16724232510291193
Damen Ave & Leland Ave,41.96708100000005,-87.67907600000032,5484,0.16666489385142086
Damen Ave & Wicker Park Ave,41.90881519999979,-87.67719370000049,5468,0.1661786359554284
Larrabee St & Kingsbury St 2,41.897580000000126,-87.64290000000013,5416,0.16459829779345284
Orleans St & Chestnut St (NEXT Apts),41.89820299999989,-87.63753599999941,5404,0.16423360437145848
Larrabee St & Armitage Ave,41.91808400000006,-87.64374900000016,5372,0.16326108857947352
Broadway & Granville Ave,41.9947796884004,-87.66028453489922,5359,0.16286600403897963
Ellis Ave & 53rd St,41.799336262610225,-87.60095811449942,5323,0.16177192377299657
Wabash Ave & Washington St,41.88319999999978,-87.62661999999987,5321,0.16171114153599753
Broadway & Argyle St,41.97422999999984,-87.65977350000044,5279,0.16043471455901726
Ogden Ave & Race Ave,41.89179499999992,-87.6587510000003,5278,0.16040432344051775
Ada St & Washington Blvd,41.882829999999935,-87.66120600000005,5277,0.16037393232201821
Western Ave & Winnebago Ave,41.91551999999978,-87.68702199999895,5276,0.16034354120351868
Desplaines St & Randolph St,41.88370299999985,-87.64423800000039,5256,0.1597357188335281
Wood St & Augusta Blvd,41.89918100000032,-87.67220000000067,5255,0.15970532771502854
Shedd Aquarium,41.86722596134789,-87.61535540232548,5203,0.158124989553053
Marine Dr & Ainslie St,41.97159999999984,-87.65015400000131,5167,0.15703090928706995
Michigan Ave & Jackson Blvd,41.878549103438885,-87.62414615751572,5155,0.1566662158650756
Sheffield Ave & Addison St ,41.947016999999406,-87.65441800000094,5153,0.15660543362807652
Paulina Ave & North Ave,41.909854652167844,-87.66993016004562,5098,0.1549339221106024
Clarendon Ave & Leland Ave,41.96796799999976,-87.65000100000121,5069,0.15405257967411604
University Ave & 59th St,41.78787799999994,-87.59890599999949,5062,0.15383984184461932
Broadway & Thorndale Ave,41.989742511439644,-87.66014062089977,5057,0.15368788625212168
Burnham Harbor,41.85741178707396,-87.61379152536392,5052,0.15353593065962404
Southport Ave & Irving Park Rd,41.95417699999973,-87.66435800000097,5036,0.15304967276363154
Lake Park Ave & 56th St,41.79161000000019,-87.58748000000031,5006,0.15213793920864566
Ashland Ave & Wellington Ave,41.93608300000025,-87.66980699999908,4986,0.15153011683865508
Clinton St & Tilden St,41.875885000000316,-87.64079499999953,4907,0.14912921847719224
State St & Harrison St,41.87405299999966,-87.6277160000009,4873,0.1480959204482082
Broadway & Oakdale Ave,41.93558041926892,-87.64404982696941,4871,0.14803513821120914
Leavitt St & North Ave,41.91019243265284,-87.68233923469396,4864,0.14782240038171246
Hermitage Ave & Polk St,41.87151399999983,-87.66988600000063,4800,0.14587736879774255
Lake Park Ave & 53rd St,41.79949429372968,-87.58644989589962,4789,0.14554306649424772
Green St & Washington Blvd,41.883181305772645,-87.6487246167462,4779,0.1452391553092524
State St & Van Buren St,41.877181000000014,-87.62784400000055,4776,0.14514798195375384
Lincoln Ave & Sunnyside Ave,41.96300400000006,-87.6847810000008,4771,0.1449960263612562
Wood St & Milwaukee Ave,41.907084807796146,-87.67211673239915,4769,0.14493524412425712
Cornell Ave & Hyde Park Blvd,41.80240599999998,-87.58692400000074,4766,0.14484407076875855
Fairbanks St & Superior St,41.89574800000007,-87.62010400000058,4752,0.14441859510976512
Racine Ave & Wrightwood Ave,41.92888699999971,-87.65897099999951,4733,0.14384116385827406
Wood St & Taylor St (Temp),41.869265218438464,-87.67373085021973,4715,0.14329412372528252
Michigan Ave & Madison St,41.882133999999816,-87.6251249999995,4679,0.14220004345929946
Clybourn Ave & Division St,41.904612999999834,-87.64055199999966,4677,0.1421392612223004
Jefferson St & Monroe St,41.880329633634524,-87.64274597167967,4670,0.1419265233928037
Lincoln Ave & Roscoe St*,41.9433502470172,-87.67066776752472,4665,0.14177456780030603
Michigan Ave & Pearson St,41.89766000000022,-87.62351000000065,4607,0.1400118829273333
Southport Ave & Clybourn Ave,41.920971011346204,-87.66443744023181,4550,0.13827958917286012
Dearborn St & Van Buren St,41.876267999999996,-87.62915500000027,4537,0.13788450463236623
Larrabee St & North Ave,41.910209999999466,-87.64349999999916,4537,0.13788450463236623
Adler Planetarium,41.866095000000165,-87.607267000001,4524,0.13748942009187234
Ashland Ave & Wrightwood Ave,41.92882999890201,-87.66850677987051,4512,0.137124726669878
Larrabee St & Menomonee St,41.91468000000043,-87.6433200000006,4511,0.13709433555137845
Wolcott (Ravenswood) Ave & Montrose Ave,41.96140599999988,-87.67616899999926,4503,0.1368512066033822
Green St & Lake St ,41.88557999999976,-87.64841000000042,4435,0.1347846105454142
Campbell Ave & North Ave,41.910535000000245,-87.68955599999933,4419,0.13429835264942175
Peoria St & Kinzie St,41.88896000000019,-87.64972999999964,4411,0.13405522370142547
Racine Ave & Congress Pkwy,41.87464000000021,-87.65702999999993,4392,0.13347779244993443
Western Ave & Leland Ave,41.96572042264764,-87.68845572169076,4383,0.13320427238343865
Halsted St & Armitage Ave,41.918230000000015,-87.64879000000035,4350,0.1322013654729542
Leavitt St & Chicago Ave,41.895501000000024,-87.68201699999945,4308,0.13092493849597395
Damen Ave & Charleston St,41.92008199999986,-87.677855000001,4290,0.13037789836298241
Green St & Randolph St*,41.88360159920308,-87.64862672860889,4287,0.1302867250074838
Broadway & Sunnyside Ave,41.96341899999982,-87.65606899999976,4278,0.13001320494098806
St. Clair St & Erie St 2,41.8944499999998,-87.62268000000034,4224,0.12837208454201343
Benson Ave & Church St,42.04821399999984,-87.68348500000067,4213,0.1280377822385186
Wacker Dr & Randolph St,41.88453999999963,-87.63732000000063,4198,0.12758191546102568
Wells St & Madison St,41.88198980326447,-87.63417978937983,4197,0.12755152434252615
Orleans St & Elm St,41.9029240000005,-87.63771499999979,4185,0.1271868309205318
Delano Ct & Roosevelt Rd,41.86749100000048,-87.63218999999914,4183,0.12712604868353272
Leavitt St & Armitage Ave,41.917804999999866,-87.68243700000018,4180,0.12703487532803415
Throop St & Taylor St,41.86896800000005,-87.65914099999917,4147,0.12603196841754966
LaSalle St & Washington St,41.88301623238673,-87.63227200874199,4138,0.12575844835105388
Racine Ave & 18th St,41.85839960000039,-87.6564225999998,4106,0.12478593255906895
Western Ave & Walton St,41.89841768944985,-87.68659601639958,4104,0.12472515032206988
Winthrop Ave & Lawrence Ave,41.96881199999958,-87.65765899999982,4095,0.12445163025557411
Halsted St & Roosevelt Rd,41.86732399999986,-87.64862500000076,4093,0.12439084801857504
Sheridan Rd & Noyes St (NU),42.05823900000019,-87.67743199999909,4084,0.12411732795207929
Ravenswood Ave & Irving Park Rd,41.954689999999715,-87.67393000000017,4052,0.12314481216009433
Glenwood Ave & Morse Ave,42.007971922870205,-87.66550239439982,4042,0.12284090097509903
Artesian Ave & Hubbard St,41.88949999999993,-87.68825700000062,4015,0.12202034077561173
Sheridan Rd & Lawrence Ave,41.96951700000015,-87.65469100000074,4011,0.12189877630161361
Damen Ave & Foster Ave,41.975810975574866,-87.67950989857954,4009,0.12183799406461455
Blue Island Ave & 18th St,41.85755600000015,-87.66153500000007,4003,0.12165564735361738
Dearborn St & Madison St,41.88206000000015,-87.6296399999994,3974,0.12077430491713101
Wilton Ave & Addison St,41.94745900000014,-87.65321599999959,3938,0.11968022465114794
Seeley Ave & Roscoe St,41.94340299999993,-87.67961799999956,3917,0.11904201116265782
Racine Ave & Washington Blvd,41.883073000000316,-87.65695199999989,3916,0.1190116200441583
Walsh Park,41.914609999999854,-87.66796800000051,3909,0.11879888221466159
Ravenswood Ave & Berteau Ave,41.95792100000002,-87.67356699999999,3908,0.11876849109616207
Paulina St & Montrose Ave,41.96150699999999,-87.67138700000002,3865,0.11746167300068229
Clinton St & Roosevelt Rd,41.867117782500344,-87.64108795930031,3864,0.11743128188218274
Broadway & Ridge Ave,41.98404461070007,-87.66027382949925,3838,0.11664111280119498
Lincoln Ave & Waveland Ave,41.94879699999979,-87.67527800000002,3825,0.11624602826070109
Lincoln Ave & Belle Plaine Ave,41.956003550785645,-87.68016144633293,3816,0.11597250819420533
Loomis St & Jackson Blvd,41.877945000000146,-87.66200699999968,3802,0.11554703253521192
Canal St & Taylor St,41.87025699999986,-87.6394740000003,3792,0.11524312135021662
Clark St & Eddy St ,41.94628,-87.65626999999995,3774,0.11469608121722508
LaSalle St & Adams St,41.879344373460185,-87.63198522129903,3761,0.1143009966767312
California Ave & Cortez St,41.90036300000034,-87.69670400000099,3724,0.1131765252922486
Morgan Ave & 14th Pl,41.86237799999994,-87.65106200000028,3648,0.11086680028628433
LaSalle St & Calhoun Pl ,41.88266400000017,-87.63253,3613,0.1098031111388008
Drexel Ave & 60th St,41.785861000000104,-87.60455299999967,3592,0.10916489765031066
Damen Ave & Wellington Ave,41.935880000000054,-87.67841999999902,3588,0.10904333317631254
Lakefront Trail & Wilson Ave,41.966855899999274,-87.64309260000077,3582,0.10886098646531536
Ashland Ave & Lake St,41.88592000000023,-87.6671700000004,3562,0.10825316409532477
Wabash Ave & Wacker Pl,41.88687499999934,-87.62602999999956,3562,0.10825316409532477
Damen Ave & Clybourn Ave,41.93203401182315,-87.67812700601534,3562,0.10825316409532477
Ashland Ave & Grace St,41.950772074054676,-87.66872860415515,3561,0.10822277297682525
Lincoln Ave & Byron St,41.95237199999983,-87.6772960000005,3557,0.10810120850282715
Morgan St & 18th St,41.85808600000015,-87.65107300000065,3491,0.10609539468185818
Wentworth Ave & Cermak Rd*,41.85321441851952,-87.63187229633331,3426,0.10411997197938876
Logan Blvd & Elston Ave,41.92946500816754,-87.68415800529588,3419,0.10390723414989203
Hudson Ave & Armitage Ave,41.91818000000024,-87.6399999999996,3391,0.10305628283190521
Leavitt St & Belmont Ave,41.9393539999998,-87.6832819999998,3390,0.10302589171340566
Lincoln Ave & Dickens Ave,41.920119999999905,-87.64160000000076,3382,0.10278276276540943
Canal St & Lake St,41.88596999999983,-87.63999000000035,3377,0.1026308071729118
Spaulding Ave & Armitage Ave,41.91710803478917,-87.71022096276283,3343,0.10159750914392777
Chicago Ave & Sheridan Rd,42.050491000000534,-87.6778209999999,3320,0.1008985134184386
Broadway & Roscoe Ave,41.94359999999966,-87.64532000000001,3307,0.10050342887794471
Wood St & Hubbard St,41.88971499999992,-87.67196600000058,3297,0.10019951769294942
Ashland Ave & Grand Ave,41.89107199999978,-87.66661100000006,3289,0.09995638874495318
Harper Ave & 55th St,41.795300000000154,-87.58832999999939,3268,0.09931817525646305
Wells St & Washington St,41.88300000000018,-87.63395999999983,3262,0.09913582854546588
Buckingham Fountain,41.87001149787569,-87.62374941776814,3225,0.09801135716098328
Paulina St & 18th St,41.857900999999835,-87.66874500000046,3221,0.09788979268698515
Damen Ave & Sunnyside Ave,41.96325000000015,-87.6792579999998,3196,0.09713001472449692
Peterson/Ridge Metra,41.99179999999984,-87.67489000000013,3141,0.09545850320702277
Humboldt Blvd & Armitage Ave,41.91751339398984,-87.70180895549953,3137,0.09533693873302465
Sedgwick St & Schiller St,41.90762600000014,-87.63856600000022,3124,0.09494185419253078
Lincoln Ave & Addison St,41.94617600000008,-87.67330799999976,3084,0.09372620945254959
Damen Ave & Lake St,41.88496590000014,-87.67683540000039,3074,0.09342229826755429
Kimball Ave & Belmont Ave,41.939393953443066,-87.71206766366959,3065,0.09314877820105852
Riverside Plaza & Adams St,41.87925999627838,-87.63879000292681,3064,0.093118387082559
Bissell St & Armitage Ave,41.918295562935974,-87.65218332409859,3059,0.09296643149006134
Blackstone Ave & Hyde Park Blvd,41.80256200000019,-87.59036799999991,3045,0.09254095583106792
Michigan Ave & Ida B Wells Dr,41.87620299999984,-87.62446399999976,3039,0.09235860912007075
State St & 33rd St,41.83473400000001,-87.62581299999962,3035,0.09223704464607263
Streeter Dr & Grand Ave,41.89227800480956,-87.61204300265346,3031,0.09211548017207451
Campbell Ave & Montrose Ave,41.96152400000012,-87.69117700000034,3023,0.09187235122407827
MLK Jr Dr & 29th St,41.842051999999974,-87.61699999999949,3009,0.09144687556508486
Kedzie Ave & Palmer Ct,41.92152500000019,-87.70732200000009,3006,0.09135570220958628
Western Ave & Division St,41.902892999999956,-87.68727499999953,3004,0.09129491997258722
California Ave & Francis Pl,41.91849116184234,-87.6974228268954,2998,0.09111257326159003
Halsted St & 18th St,41.85750568031695,-87.64599144458771,2996,0.09105179102459098
Noble St & Ohio St,41.89242000000006,-87.66206000000027,2995,0.09102139990609144
Halsted St & Belden St,41.92365000000026,-87.64893999999939,2984,0.09068709760259662
Green St & Chicago Ave,41.89386254784254,-87.65045029643596,2980,0.0905655331285985
Damen Ave & Melrose Ave,41.940600000000074,-87.67850000000067,2979,0.09053514201009896
Racine Ave & Randolph St,41.88408122484671,-87.65692072930251,2970,0.09026162194360321
St Clair St & Ohio St,41.89237999999965,-87.62264000000076,2969,0.09023123082510368
Morgan St & Lake St,41.885491706269654,-87.65228927135468,2959,0.08992731964010837
Emerald Ave & 31st St,41.838197996776124,-87.64514299057568,2924,0.08886363049262484
Albany Ave & Bloomingdale Ave,41.91402671272995,-87.70512646199991,2919,0.08871167490012719
Field Museum,41.865312000000955,-87.61786699999831,2899,0.08810385253013658
Racine Ave & Broadway,41.96823500000015,-87.65965480000058,2896,0.088012679174638
Clark St & Lunt Ave,42.00901118058069,-87.67411172389984,2894,0.08795189693763894
Stave St & Armitage Ave,41.917741000000035,-87.69139200000025,2885,0.08767837687114317
Sheridan Rd & Loyola Ave,42.00104377979004,-87.66119824329986,2850,0.08661468772365963
Greenview Ave & Diversey Pkwy,41.932592213230876,-87.6658459580064,2844,0.08643234101266245
Clark St & 9th St (AMLI),41.87081599999992,-87.63124599999989,2828,0.08594608311666999
Calumet Ave & 21st St,41.85418424947006,-87.61915374149983,2822,0.08576373640567281
Ashland Ave & 13th St,41.86523400000022,-87.66650700000055,2816,0.08558138969467563
Rockwell St & Eastwood Ave,41.96590013975992,-87.69363849349995,2811,0.08542943410217799
Milwaukee Ave & Fullerton Ave,41.924690100434766,-87.70059497825618,2791,0.08482161173218739
Southport Ave & Clark St,41.95708100000005,-87.66419899999975,2775,0.0843353538361949
Sangamon St & Adams St,41.87909000000002,-87.65127999999943,2772,0.08424418048069632
Carpenter St & Fulton St,41.88667999999977,-87.65314999999927,2756,0.08375792258470384
Talman Ave & Addison St,41.946635830600115,-87.69461475799986,2750,0.08357557587370666
Leavitt St & Lawrence Ave,41.96888500000004,-87.68400100000032,2730,0.08296775350371607
Leavitt St & Division St,41.90299699999996,-87.68382500000004,2729,0.08293736238521654
Lincoln Ave & Roscoe St,41.94335024701709,-87.67066776752472,2724,0.0827854067927189
Morgan St & 31st St,41.83779999999998,-87.6511400000007,2707,0.08226875777822688
Milwaukee Ave & Rockwell St,41.92033000000034,-87.69309000000042,2695,0.08190406435623253
Lincoln Ave & Montana St,41.92656999999977,-87.65060000000055,2659,0.08080998409024946
Griffin Museum of Science and Industry,41.7917282095298,-87.5839450089994,2654,0.08065802849775182
Damen Ave & Wabansia Ave,41.9122568098119,-87.67724199590953,2641,0.08026294395725793
Dearborn St & Adams St 1,41.879356358699944,-87.62979103629971,2601,0.07904729921727674
May St & Hubbard St,41.89007999999992,-87.65596999999981,2569,0.0780747834252918
Wilton Ave & Diversey Pkwy*,41.93241800000018,-87.65270500000031,2551,0.07752774329230025
California Ave & Division St,41.90302899999981,-87.69747400000023,2540,0.07719344098880543
Sheridan Rd & Columbia Ave,42.00458300000005,-87.66140599999966,2533,0.07698070315930873
Pine Grove Ave & Wellington Ave,41.93650999999974,-87.64118999999977,2527,0.07679835644831155
Calumet Ave & 33rd St,41.834721581424525,-87.61796964857201,2518,0.07652483638181577
Canal St & Harrison St,41.87425500000007,-87.63957300000024,2517,0.07649444526331624
California Ave & Altgeld St,41.92669000000007,-87.69766800000029,2486,0.07555232058983083
California Ave & North Ave,41.910044000000156,-87.69716699999955,2482,0.0754307561158327
California Ave & Montrose Ave,41.961068000000104,-87.69543899999987,2481,0.07540036499733319
Clinton St & 18th St,41.85794999999993,-87.64082600000005,2457,0.07467097815334446
Wood St & Webster Ave,41.92105672992738,-87.67279744148254,2446,0.07433667584984964
Rhodes Ave & 32nd St,41.836208000000155,-87.61353300000026,2441,0.074184720257352
Washtenaw Ave & Lawrence Ave,41.968729699999976,-87.6962602999997,2440,0.07415432913885246
Shields Ave & 31st St,41.83846400000017,-87.63540600000026,2428,0.0737896357168581
Rush St & Illinois St,41.8908699999997,-87.6258400000004,2394,0.0727563376878741
Winchester Ave & Elston Ave,41.92409085037993,-87.67646007469996,2386,0.07251320873987786
Wabash Ave & Jackson Blvd,41.87801000000021,-87.62599000000036,2365,0.07187499525138773
Western Ave & Roscoe St,41.94303399999992,-87.68728799999995,2322,0.07056817715590795
Milwaukee Ave & Armitage Ave,41.91770999999996,-87.68864000000022,2305,0.07005152814141595
St. Clair St & Erie St 1,41.89439999999996,-87.62286000000014,2304,0.07002113702291643
Clark St & Schreiber Ave,41.99924500000015,-87.67124899999999,2272,0.06904862123093147
Halsted St & Melrose St,41.94111999999989,-87.64906999999972,2269,0.06895744787543288
Campbell Ave & Augusta Blvd,41.89957799999995,-87.68949699999972,2231,0.06780258537245075
Racine Ave & 15th St,41.86126700000016,-87.656625,2205,0.06701241629146298
Greenview Ave & Jarvis Ave,42.015961999999966,-87.6685700000004,2204,0.06698202517296345
Sheffield Ave & Addison St,41.94701699999946,-87.65441800000005,2194,0.06667811398796816
Central Park Ave & Elbridge Ave,41.93533728262992,-87.71688929350029,2185,0.0664045939214724
May St & Cullerton St,41.85513600000008,-87.65412700000023,2179,0.0662222472104752
Lincoln Ave & Winona St,41.9749112967699,-87.69250255939953,2139,0.06500660247049403
Cannon Dr & Fullerton Ave,41.92675598750036,-87.63442878479962,2133,0.06482425575949684
Damen Ave & Cullerton St,41.85496651875402,-87.67569959163664,2131,0.06476347352249778
Clark St & Elmdale Ave,41.99086044903823,-87.6697236321464,2131,0.06476347352249778
St. Louis Ave & Fullerton Ave,41.92481559681193,-87.71449506282805,2131,0.06476347352249778
Avers Ave & Belmont Ave,41.939408000000135,-87.72357399999977,2107,0.06403408667850907
California Ave & Fletcher St,41.93842879147998,-87.69800775600012,2103,0.06391252220451095
Avondale Ave & Irving Park Rd,41.95339299999985,-87.73200200000021,2100,0.06382134884901236
Francisco Ave & Foster Ave,41.97563272521005,-87.70141943890012,2084,0.06333509095301988
Sheridan Rd & Berwyn Ave,41.97827999999985,-87.6552900000002,2047,0.062210619568537295
Dorchester Ave & 53rd St,41.7994299999998,-87.59227000000006,2040,0.06199788173904059
California Ave & Byron St,41.952162193259994,-87.69805111299993,2030,0.06169397055404528
The Salt Shed,41.90689,-87.65978000000061,2025,0.06154201496154763
Halsted St & 35th St,41.83066101599809,-87.647171967283,2019,0.06135966825055046
Damen Ave & Grand Ave,41.89239445296296,-87.67688512802124,2016,0.06126849489505187
Elston Ave & Wabansia Ave,41.912918999999995,-87.66416900000009,2004,0.06090380147305752
Malden St & Wilson Ave,41.96526000000021,-87.66275000000009,2001,0.06081262811755893
Chicago Ave & Washington St,42.03256200000016,-87.67910100000032,1990,0.06047832581406409
Western Ave & Fillmore St,41.868563000000016,-87.68623400000023,1985,0.06032637022156644
Ogden Ave & Congress Pkwy,41.87500999999994,-87.6732800000001,1974,0.05999206791807162
Halsted St & Lake St,41.88575999999987,-87.64711000000028,1957,0.05947541890357962
Milwaukee Ave & Wabansia Ave,41.91261599999991,-87.68146899999981,1957,0.05947541890357962
W Armitage Ave & N Sheffield Ave,41.91780499999984,-87.65344900000008,1946,0.059141116600084795
Dearborn St & Adams St 2,41.879629999999864,-87.62937000000012,1935,0.05880681429658996
Troy St & Elston Ave,41.945243568479874,-87.70664990090003,1925,0.058502903111594666
Damen Ave & St Paul Ave,41.913010000000156,-87.67778000000013,1924,0.05847251199309514
Laflin St & Cullerton St,41.854914575765775,-87.66355991363525,1921,0.05838133863759655
Ashland Ave & Belle Plaine Ave,41.95581270767714,-87.66912949311033,1917,0.058259774163598434
Leavitt St & Addison St,41.946654999999886,-87.68335899999992,1913,0.05813820968960031
State St & 19th St,41.85659400000014,-87.62754199999965,1910,0.05804703633410172
Green St & Randolph St,41.88360165727503,-87.64862671494483,1907,0.05795586297860313
McCormick Place,41.85137517289999,-87.61883464890039,1893,0.057530387319609716
Richmond St & Diversey Ave,41.93190196885978,-87.70119513009968,1890,0.05743921396411113
Harper Ave & 59th St,41.787942812870085,-87.58831517020006,1880,0.057135302779115826
Wabash Ave & Cermak Rd,41.85261899999984,-87.62648800000039,1877,0.05704412942361724
Paulina St & Cortland St,41.91625999999999,-87.67019000000025,1864,0.056649044883123355
Oakley Ave & Irving Park Rd,41.95434085218998,-87.68607962430028,1856,0.05640591593512712
Indiana Ave & 26th St,41.84568700000018,-87.6224809999998,1847,0.05613239586863135
Racine Ave & Webster Ave,41.921601707670064,-87.65849437047699,1832,0.055676529091138405
Albany Ave & Montrose Ave,41.961040999999874,-87.70586599999982,1820,0.05531183566914405
Cherry Ave & Blackhawk St,41.907221000000035,-87.65561800000008,1805,0.054855968891651105
N Carpenter St & W Lake St,41.88558600000012,-87.65318929999968,1804,0.05482557777315158
N Green St & W Lake St,41.88557900000023,-87.64848399999958,1804,0.05482557777315158
Clark St & Columbia Ave,42.004450629339935,-87.67240240469988,1787,0.054308928758659565
Central Park Ave & Bloomingdale Ave,41.91416599999994,-87.71675500000022,1779,0.05406579981066333
Dearborn St & Washington St,41.882990000000014,-87.62930000000026,1753,0.05327563072967557
Fort Dearborn Dr & 31st St*,41.83867628853803,-87.60883197573139,1752,0.05324523961117603
State St & 35th St,41.83103631401601,-87.62679755687714,1751,0.05321484849267649
Claremont Ave & Hirsch St,41.907780999999986,-87.68585399999995,1748,0.0531236751371779
Monticello Ave & Irving Park Rd,41.95400483876003,-87.7191281797,1740,0.05288054618918167
Clark St & Fletcher St,41.93894000000001,-87.65031000000015,1738,0.05281976395218261
Sheridan Rd & Greenleaf Ave,42.01058656283992,-87.66241209480017,1720,0.05227272381919108
Kenwood Ave & 57th St,41.791549566433545,-87.59292102097875,1717,0.052181550463692494
Halsted St & 21st St,41.853779810727474,-87.6466029882431,1705,0.05181685704169814
Larrabee St & Clybourn Ave,41.90660000000006,-87.64322000000017,1682,0.05111786131620895
Damen Ave & Ohio St,41.892394452962826,-87.67688512802124,1681,0.05108747019770942
Winchester (Ravenswood) Ave & Balmoral Ave,41.9797620000001,-87.67753000000035,1680,0.051057079079209894
University Library (NU),42.05293899999996,-87.67344699999998,1671,0.05078355901271413
Kedzie Ave & Armitage Ave,41.91758999999988,-87.70684999999989,1647,0.05005417216872541
Halsted St & Archer Ave,41.84720299999987,-87.64679500000028,1638,0.04978065210222964
Michigan Ave & 11th St,41.86958999999992,-87.62396099999984,1618,0.049172829732239055
Sheffield Ave & Fletcher St,41.93901000000002,-87.65321000000019,1610,0.048929700784242816
Francisco Ave & Chicago Ave,41.895744999999906,-87.69865299999982,1599,0.04859539848074799
Smith Park,41.89204799999992,-87.68939699999969,1582,0.04807874946625598
Noble St & Potomac Ave,41.90542279757865,-87.66272480145251,1562,0.04747092709626539
Leavitt St & Augusta Blvd,41.89962000000009,-87.68193999999991,1559,0.0473797537407668
Paulina St & Howard St,42.01915900000001,-87.673573,1553,0.04719740702976962
Hoyne Ave & Balmoral Ave,41.97985100000004,-87.68193199999986,1551,0.04713662479277056
Christiana Ave & Lawrence Ave,41.96835449363003,-87.71183066750014,1546,0.04698466920027291
Southport Ave & Grace St,41.95154999999989,-87.66403999999993,1544,0.04692388696327385
Sedgwick St & Chicago Ave,41.8967699999999,-87.63859999999974,1539,0.046771931370776204
Western Ave & Berteau Ave,41.957739999999916,-87.6882729999999,1533,0.046589584659779026
Lake Park Ave & 47th St,41.809443000000066,-87.59187499999996,1517,0.04610332676378655
Malcolm X College,41.8776180000001,-87.67389499999994,1486,0.04516120209030113
Campbell Ave & Fullerton Ave,41.924632471649815,-87.68930700630033,1455,0.04421907741681571
Blackstone Ave & 53rd St,41.7996199999999,-87.59013000000003,1431,0.043489690572827
Rockwell St & Fletcher St,41.938819552381084,-87.69298659591816,1430,0.04345929945432747
Seminary Ave & Belden Ave,41.92338999999995,-87.65598999999983,1424,0.04327695274333029
Wacker Dr & Washington St Corral,41.883159999999975,-87.63736000000029,1419,0.04312499715083264
Shields Ave & 28th Pl,41.84273300000004,-87.63549100000036,1417,0.04306421491383358
Kosciuszko Park,41.93058537138001,-87.72377736349996,1416,0.043033823795334054
Western Ave & Lunt Ave,42.008594397199936,-87.69049223890019,1415,0.04300343267683452
Drake Ave & Addison St,41.94732600000007,-87.717582,1409,0.04282108596583734
Southport Ave & Diversey Pkwy,41.932659999999835,-87.66346999999972,1408,0.042790694847337815
Greenwood Ave & 47th St,41.809835000000014,-87.59938300000023,1402,0.04260834813634063
Damen Ave & Madison St,41.88136999999983,-87.6749300000001,1385,0.04209169912184863
Spaulding Ave & Division St,41.90270659437995,-87.70921957099974,1374,0.041757396818353804
Kedzie Ave & Leland Ave,41.96668636204987,-87.70805198060026,1374,0.041757396818353804
Broadway & Cuyler Ave,41.95541699999996,-87.65149999999997,1368,0.041575050107356626
Ogden Ave & Roosevelt Rd,41.866501483160114,-87.68469706999998,1367,0.0415446589888571
Clark St & Washington St,41.883009999999814,-87.63100000000018,1333,0.04051136095987309
Western Ave & Grace St,41.9503572859367,-87.68810805085619,1329,0.040389796485874964
Franklin St & Madison St,41.88138999999996,-87.63541999999991,1323,0.040207449774877786
Emerald Ave & 28th St,41.843580000000074,-87.64536800000015,1323,0.040207449774877786
Archer Ave & Wentworth Ave,41.854686799999946,-87.63085309999984,1322,0.04017705865637826
Franklin St & Adams St Corral,41.87941999999995,-87.63557999999972,1310,0.039812365234383904
Manor Ave & Leland Ave,41.96587499999995,-87.70082499999994,1309,0.039781974115884376
Kedzie Ave & George St,41.93388599999995,-87.70726199999991,1299,0.039478062930889075
Milwaukee Ave & Ainslie St,41.96860999999993,-87.76108000000005,1298,0.03944767181238955
Wentworth Ave & 33rd St,41.83452988563002,-87.63182298139992,1286,0.03908297839039519
Western Ave & Congress Pkwy,41.874748850790134,-87.68644527569997,1280,0.03890063167939801
Troy St & North Ave,41.909769301690105,-87.70528048709963,1265,0.03844476490190507
Wentworth Ave & 35th St,41.830776999999934,-87.63250400000003,1260,0.03829280930940742
Spaulding Ave & Milwaukee Ave,41.93088999999981,-87.71071999999967,1260,0.03829280930940742
Sheffield/Newport Corral,41.94461319999998,-87.65420179999991,1245,0.037836942531914476
Wood St & Cortland St,41.91589000000012,-87.67280999999998,1237,0.03759381358391824
Western Ave & Granville Ave,41.99416136902,-87.68943828199974,1231,0.03741146687292106
Inner Lake Shore Dr & Aldine Ave,41.94232000000014,-87.63989000000115,1208,0.036712471147431876
Sawyer Ave & Irving Park Rd,41.95359999999994,-87.70931000000009,1196,0.03634777772543752
Elston Ave & George St,41.93400300000007,-87.69082300000028,1194,0.03628699548843846
N Southport Ave & W Newport Ave,41.94401883606548,-87.6639750263465,1176,0.035739955355446926
Glenwood Ave & Touhy Ave,42.01270099999993,-87.66605800000002,1160,0.03525369745945445
Wells St & Ohio St,41.892810000000225,-87.63420999999892,1151,0.03498017739295868
Indiana Ave & 31st St,41.83884200000003,-87.62185699999992,1148,0.03488900403746009
California Ave & Granville Ave,41.99418030000005,-87.6995596,1125,0.03419000831197091
Western Ave & Wabansia Ave,41.912080000000046,-87.68751999999994,1110,0.033734141534477964
Sheffield Ave & Armitage Ave Public Rack,41.91780499999989,-87.65344900000001,1108,0.0336733592974789
Oakley Ave & Lyndale St,41.92261000000001,-87.68513000000003,1105,0.033582185941980314
Damen Ave & Evergreen Ave,41.9060499999999,-87.67757999999975,1089,0.033095928045987835
Clark St & Jarvis Ave,42.01596299999993,-87.67500499999994,1089,0.033095928045987835
Morgan St & Hubbard St,41.89012000000002,-87.65250999999991,1087,0.03303514580898878
Sacramento Ave & Linden Pl,41.925750000000086,-87.70257999999991,1044,0.03172832771350901
Wentworth Ave & 24th St,41.850083693475774,-87.6321405172348,1042,0.03166754547650994
Waveland/Racine Corral,41.94882139999992,-87.65928229999972,1031,0.03133324317301512
Eastlake Ter & Howard St,42.0192025019322,-87.66430288553238,1028,0.03124206981751653
Lake Park Ave & 35th St,41.83127423549006,-87.60879919460014,1014,0.03081659415852311
St. Louis Ave & Balmoral Ave,41.98039423474994,-87.71611496150008,1013,0.030786203040023583
Sheffield Ave & School St,41.942359999999894,-87.6542699999994,1000,0.0303911184995297
Warren Park West,42.00178500000002,-87.68882900000003,990,0.0300872073145344
Racine Ave & 13th St,41.86505399999996,-87.65695899999993,989,0.03005681619603487
Prairie Ave & Garfield Blvd,41.79485300000004,-87.61869099999983,961,0.02920586487804804
Francisco Ave & Montrose Ave,41.96105167601346,-87.70091838175671,957,0.029084300404049922
Western Ave & Monroe St,41.881425355368165,-87.68663156883547,940,0.028567651389557913
Keystone Ave & Fullerton Ave,41.924589999999995,-87.72784999999989,932,0.028324522441561677
Evanston Civic Center,42.05704400000003,-87.68655399999992,928,0.02820295796756356
Paulina St & Adams St,41.878620000000055,-87.66913000000017,922,0.02802061125656638
Drake Ave & Montrose Ave,41.96115407568996,-87.71656907330019,916,0.027838264545569202
Leavitt St & Hirsch St,41.906890000000104,-87.68232999999981,914,0.027777482308570144
N Paulina St & Lincoln Ave,41.94383799999995,-87.6714690000002,905,0.027503962242074378
Hampden Ct & Diversey Ave,41.93255929999982,-87.64238469999981,899,0.027321615531077197
Rockwell St & Division St,41.90275,-87.69202000000001,894,0.02716965993857955
Western Ave & Lyndale St,41.922599999999946,-87.68772000000004,889,0.0270177043460819
Western Ave & Howard St,42.018900999999985,-87.6900480000001,887,0.02695692210908284
Eddy/Seminary Corral,41.946127899999986,-87.65667210000011,876,0.026622619805588017
McCormick Blvd & Devon Ave,41.99719999999989,-87.71105000000006,851,0.02586284184309977
Marshfield Ave & Diversey Pkwy,41.93203999999995,-87.66970000000019,850,0.02583245072460024
Western Ave & 21st St,41.85410899999995,-87.68583799999998,846,0.02571088625060212
Monticello Ave & Lawrence Ave,41.96841827094465,-87.71870974148844,846,0.02571088625060212
Francisco Ave & Bloomingdale Ave,41.91395988675492,-87.69939637615896,839,0.025498148421105416
Dorchester Ave & 49th St,41.80577199999997,-87.59246399999994,831,0.02525501947310918
MLK Jr Dr & Pershing Rd,41.82459999999994,-87.61678000000009,828,0.02516384611761059
Western Ave & Gunnison St,41.969659884297556,-87.68952868842972,828,0.02516384611761059
Addison/Racine Corral,41.94706829999997,-87.65935349999981,825,0.025072672762112
Clark/Newport Corral,41.94494109999991,-87.65461100000007,825,0.025072672762112
Wells St & 19th St,41.85680200000005,-87.63387900000038,815,0.024768761577116702
Sacramento Ave & Lyndale St,41.92234999999994,-87.70240999999993,809,0.024586414866119528
Paulina St & Lincoln Ave Public Rack,41.943837999999836,-87.67146900000043,809,0.024586414866119528
Wallace St & 35th St,41.830707051440825,-87.64125533401966,807,0.02452563262912047
Granville Ave & Clark St,41.99439999999995,-87.66983000000008,805,0.024464850392121408
Southport Ave & Newport Ave Public Rack,41.94401899999997,-87.66397499999985,795,0.024160939207126107
Clinton St & Polk St,41.87146651779,-87.64094913270002,791,0.02403937473312799
LaSalle St & Jackson Blvd Corral,41.87816000000008,-87.63204000000016,786,0.023887419140630344
Leavitt St/North Ave,41.9100770000002,-87.68230599999987,785,0.02385702802213081
Keystone Ave & Montrose Ave,41.961108016230014,-87.72897010119989,782,0.023765854666632225
South Shore Dr & 71st St,41.766409456699954,-87.5656875718998,779,0.023674681311133636
Karlov Ave & Armitage Ave,41.91748000000003,-87.72895199999999,771,0.023431552363137396
Elmwood Ave & Austin St,42.02578400000002,-87.68410699999988,759,0.02306685894114304
Lincoln Ave & Balmoral Ave,41.97946099999994,-87.69301300000002,750,0.022793338874647275
Bernard St & Elston Ave,41.94992300000004,-87.71394900000007,741,0.022519818808151508
Normal Ave & Archer Ave,41.849527,-87.64059100000003,740,0.022489427689651977
Rockwell Ave & Logan Blvd,41.928109999999926,-87.69268000000007,740,0.022489427689651977
California Ave & 21st St,41.85379579347331,-87.69582286477088,737,0.022398254334153385
Calumet Ave & 35th St,41.83137900000007,-87.61803399999994,727,0.02209434314915809
Kedzie Ave & Foster Ave,41.975671999999946,-87.70926099999998,724,0.0220031697936595
Racine/Eddy Corral,41.94634039999992,-87.65910240000017,715,0.021729649727163736
Central St Metra,42.063598,-87.69873000000005,699,0.021243391831171257
Clark St & Touhy Ave,42.01256011541,-87.67436711519994,695,0.02112182735717314
Central Park Ave & North Ave,41.909656875630034,-87.71663195160001,683,0.020757133935178782
Wells St & Randolph St Corral,41.88438000000002,-87.63395999999999,680,0.020665960579680197
Halsted St & Court Pl,41.88370000000006,-87.64721999999998,679,0.020635569461180666
Cottage Grove Ave & 63rd St,41.780530940708836,-87.6059702038765,655,0.019906182617191952
Fort Dearborn Dr & 31st St,41.83855600000001,-87.60821800000004,649,0.019723835906194774
Central St & Girard Ave,42.064312999999956,-87.68615200000016,648,0.019693444787695243
Ridge Blvd & Touhy Ave,42.012132277419994,-87.68291264430003,646,0.019632662550696185
Museum Campus Metra Station,41.86935000000038,-87.62178000000054,642,0.019511098076698066
St Louis Ave & Foster Ave,41.975983700000036,-87.71598439999991,642,0.019511098076698066
Kedzie Ave & Bryn Mawr Ave,41.982229806917914,-87.7088865869814,640,0.019450315839699004
2112 W Peterson Ave,41.9911780000001,-87.68359299999993,632,0.01920718689170277
Elston Ave & Henderson St,41.94151517181265,-87.70099227555177,623,0.018933666825207
N Damen Ave & W Chicago Ave,41.89580900000001,-87.67851899999991,614,0.018660146758711235
Bosworth Ave & Howard St,42.01953700000002,-87.66956300000005,609,0.018508191166213585
Cottage Grove Ave & 51st St,41.803038,-87.60661499999995,604,0.018356235573715938
Loomis St & Archer Ave,41.84163253965006,-87.65743495330005,604,0.018356235573715938
N Shore Channel Trail & Argyle St,41.97219638396113,-87.70278100607544,600,0.018234671099717818
Woodlawn Ave & Lake Park Ave,41.81409271047997,-87.5970051478999,599,0.018204279981218287
Leavitt St & Archer Ave,41.82879201994,-87.68060445939979,596,0.018113106625719702
Marshfield Ave & Wabansia Ave,41.912179999999985,-87.66887999999997,595,0.01808271550722017
Albany Ave & Belmont Ave,41.93964586403508,-87.70526192763155,580,0.017626848729727224
Warren Park East,42.004549621939994,-87.68066614509998,579,0.017596457611227693
Shore Dr & 53rd St,41.79945000000009,-87.58237000000005,578,0.017566066492728166
Burling St & Armitage Ave,41.918079999999804,-87.64727999999931,574,0.017444502018730046
Lincoln Ave & Peterson Ave,41.99026700000002,-87.70856999999992,572,0.017383719781730988
Wood St & 35th St,41.830104654160046,-87.67029830889996,563,0.01711019971523522
Ashland Ave & Archer Ave,41.83920868403,-87.66560985889998,559,0.0169886352412371
Knox Ave & Montrose Ave,41.96063099999997,-87.74535899999995,554,0.01683667964873945
Streeter Dr/Grand Ave,41.89240099999968,-87.61238799999941,554,0.01683667964873945
Campbell Ave & Irving Park Rd,41.95362864429533,-87.69078506040265,549,0.016684724056241804
Halsted St & 37th St,41.82705900000005,-87.64572000000013,544,0.016532768463744154
Troy St & Grace St,41.95024306745566,-87.70643794319537,541,0.016441595108245565
Halsted St & North Branch St,41.8995277305304,-87.64880871280033,533,0.01619846616024933
Lock St & 31st St,41.83796199988172,-87.65904890294753,532,0.0161680750417498
Kilbourn Ave & Irving Park Rd,41.95373299999998,-87.74056899999994,530,0.01610729280475074
Racine Ave & 35th St,41.830688564721015,-87.65621066093445,529,0.01607690168625121
Grace/Sheffield Corral,41.951158599999985,-87.65461150000006,527,0.01601611944925215
Sacramento Blvd & Addison St,41.946089999999984,-87.70298561607144,526,0.01598572833075262
Budlong Woods Library,41.983664708859976,-87.69642256109994,522,0.015864163856754505
Dodge Ave & Main St,42.03463185161585,-87.69918769598006,521,0.01583377273825497
Dodge Ave & Church St,42.048307999999984,-87.698224,519,0.015772990501255912
Kedzie Ave & Chicago Ave,41.89546530304999,-87.70612788370016,519,0.015772990501255912
Pulaski Rd & Eddy St,41.94626400000002,-87.73102300000006,519,0.015772990501255912
Sheffield/Cornelia Corral,41.945287500000006,-87.65422249999999,516,0.015681817145757324
Cottage Grove Ave & Oakwood Blvd,41.82298499999989,-87.60709999999989,510,0.015499470434760148
Michigan Ave & 9th St,41.87093999999996,-87.62439000000035,508,0.015438688197761086
Western Ave & 24th St,41.84846999999995,-87.68510900000001,494,0.01501321253876767
Kenneth Ave & Lawrence Ave,41.96791646984133,-87.73998234761912,491,0.014922039183269082
DuSable Museum,41.79156801057998,-87.60785217740002,482,0.014648519116773314
Sawyer Ave & Fullerton Ave,41.924479999999924,-87.70920000000005,479,0.014557345761274725
Wolcott Ave & Fargo Ave,42.01697700000005,-87.6777249999999,476,0.014466172405776138
Lakewood Ave & Addison St,41.94719999999994,-87.66085000000017,474,0.014405390168777078
LaSalle St & Calhoun Pl Corral,41.882880000000085,-87.63250999999988,469,0.014253434576279428
W Washington Blvd & N Peoria St,41.883042999999965,-87.64993099999994,465,0.01413187010228131
Maplewood Ave & Peterson Ave,41.99023602867004,-87.69336964020009,464,0.01410147898378178
Kilbourn Ave & Belden Ave,41.92236899999995,-87.7390240000001,460,0.01397991450978366
Dorchester Ave & 63rd St,41.78040564569997,-87.5914159893,455,0.013827958917286012
Lockwood Ave & Wrightwood Ave,41.927765999999984,-87.75854400000001,454,0.013797567798786483
63rd St Beach,41.780910964247944,-87.57632374763489,454,0.013797567798786483
Ridge Blvd & Howard St,42.01927599999999,-87.68452,453,0.013767176680286954
North Boundary Park,42.01303000000002,-87.70891,452,0.013736785561787423
California Ave & Lake St,41.88445395656995,-87.69629813679991,447,0.013584829969289775
Public Rack - Washtenaw Ave & Superior St,41.89473799999998,-87.69520399999998,446,0.013554438850790244
Prairie Ave & 43rd St,41.81665889301996,-87.61941246189993,438,0.013311309902794008
Addison/Sheffield SW Corral,41.94695390000003,-87.6544123000001,438,0.013311309902794008
Central Park Ave & Ardmore Ave,41.986608100000005,-87.71876740000003,434,0.013189745428795889
LaSalle St & Adams St Corral,41.87937993353255,-87.63207982317412,432,0.013128963191796829
Carpenter St & Lake St Public Rack,41.885586000000025,-87.65318929999992,428,0.013007398717798711
Valli Produce - Evanston Plaza,42.03974199999997,-87.69941300000008,426,0.012946616480799653
Wood St & Walnut St,41.885344281431195,-87.67168731317524,425,0.01291622536230012
Cottage Grove Ave & 43rd St,41.81649899999997,-87.60658200000003,413,0.012551531940305763
Franklin St & Randolph St,41.88439000000003,-87.63516999999987,412,0.012521140821806234
Parnell Ave & 31st St,41.83791100000002,-87.64027900000005,410,0.012460358584807176
Whipple/Irving Park,41.954189000000035,-87.70444800000006,408,0.012399576347808116
Kimball Ave & Wrightwood Ave,41.92836999999994,-87.71243999999983,407,0.012369185229308587
Wabansia & Milwaukee,41.91375400000004,-87.68266579999936,407,0.012369185229308587
Kedzie Ave & 21st St,41.85353363213003,-87.7050730318,403,0.01224762075531047
Stony Island Ave & 63rd St,41.78050600000003,-87.58685300000002,400,0.012156447399811879
Clark/Racine Corral,41.950436000000046,-87.65932119999991,394,0.011974100688814701
South Shore Dr & 67th St,41.77364300000005,-87.56751400000006,390,0.011852536214816582
Public Rack - Wells St & Scott St,41.90478242999985,-87.63458456000032,387,0.011761362859317994
University Ave & 65th St,41.77694,-87.59841999999998,385,0.011700580622318933
Kildare Ave & Montrose Ave,41.96108000000003,-87.73569000000009,381,0.011579016148320815
Oakley Ave & Touhy Ave,42.01234200000001,-87.68824299999996,378,0.011487842792822226
Milwaukee Ave & Cuyler Ave,41.954467999999956,-87.74959399999993,377,0.011457451674322695
MLK Jr Dr & 47th St,41.809851,-87.61627899999993,373,0.011335887200324577
Kilbourn Ave & Milwaukee Ave,41.948413662879645,-87.74002792418591,369,0.01121432272632646
Wallace St & 28th St,41.843511000000014,-87.64189999999995,365,0.01109275825232834
Damen Ave & Chicago Ave Public Rack,41.89580899999998,-87.6785189999999,362,0.01100158489682975
Cottage Grove Ave & 67th St,41.773720952050034,-87.60563485999991,356,0.010819238185832572
Karlov Ave & Lawrence Ave,41.96794700000004,-87.73040899999992,354,0.010758455948833514
Winthrop Ave & Bryn Mawr Ave,41.98383999999998,-87.65806,353,0.010728064830333983
Drake Ave & Armitage Ave,41.91748999999994,-87.71523999999981,351,0.010667282593334925
Jeffery Blvd & 71st St,41.76663823695,-87.57645011410006,349,0.010606500356335865
Pulaski Rd & 51st St,41.80043400000004,-87.7247496,348,0.010576109237836334
Public Rack - Rush St & Oak St,41.90069175999997,-87.62768427999985,348,0.010576109237836334
Kostner Ave & Wrightwood Ave,41.92795699999999,-87.73595200000001,347,0.010545718119336805
Western Blvd & 48th Pl,41.80566100000001,-87.68339199999994,344,0.010454544763838216
Hastings LWS,41.86351640000005,-87.67974849999996,343,0.010424153645338686
California Ave & Winona St,41.97471121900825,-87.69785512396699,343,0.010424153645338686
Public Rack - Jonathan Y Scammon Public School,41.94161200000002,-87.73237199999998,342,0.010393762526839156
Milwaukee Ave & Wolfram St,41.93301000000003,-87.71428000000004,340,0.010332980289840098
Public Rack - Racine Ave & Nelson St,41.93725999999997,-87.65898100000001,336,0.010211415815841979
Hoyne Ave & 47th St,41.80822700000003,-87.67718,327,0.009937895749346212
California Ave & 23rd Pl,41.849109691760034,-87.69513980680001,323,0.009816331275348093
Central Park & Augusta Blvd,41.898910799999996,-87.71649010000003,322,0.009785940156848564
Western Ave & Lake St,41.88478218181819,-87.68656722727266,321,0.009755549038349033
State St & 29th St,41.84171007370304,-87.62691273059032,321,0.009755549038349033
Rockwell St & Archer Ave,41.82272,-87.68981999999994,321,0.009755549038349033
Central Park Ave & Ogden Ave,41.85406350387445,-87.71511733531952,320,0.009725157919849502
Public Rack - Hyde Park Blvd & 55th St,41.79500000000001,-87.58411299999996,317,0.009633984564350915
Fairfield Ave & Pratt Blvd,42.00444819999999,-87.69859730000002,315,0.009573202327351855
Riley O'Neil Memorial Station at City Hall,41.88323510000008,-87.63211170000035,313,0.009512420090352795
Public Rack - Hamlin Ave & Montrose Ave,41.96121599999999,-87.722416,313,0.009512420090352795
Dearborn St & Adams St Corral,41.87939000000004,-87.62988000000009,310,0.009421246734854206
Milwaukee Ave & Agatite Ave,41.96149999999997,-87.75489000000006,307,0.009330073379355618
Rockwell/Irving Park Hub,41.954212000000034,-87.6931699999999,307,0.009330073379355618
Edgebrook Metra,41.99751,-87.76538999999995,307,0.009330073379355618
Bernard St & Peterson Ave,41.9904393,-87.715236,306,0.009299682260856087
Dodge Ave & Mulford St,42.023463000000014,-87.69959500000002,305,0.009269291142356558
Public Rack - Spaulding Ave & Evergreen Ave,41.90531699999998,-87.70952099999995,301,0.009147726668358438
Calumet Ave & 51st St,41.80229465087998,-87.61805358019993,299,0.00908694443135938
Central Park Blvd & 5th Ave,41.87567900000001,-87.71547000000002,298,0.009056553312859851
Public Rack - Kingsbury Ave & Blackhawk St,41.90822033000007,-87.65166628999992,298,0.009056553312859851
Public Rack - Woodlawn Ave & 63rd St N,41.78062099999996,-87.59603299999996,296,0.00899577107586079
LaSalle St & Washington St Corral,41.88288000000004,-87.63250999999987,296,0.00899577107586079
Western Ave & Ardmore Ave,41.98671451380041,-87.6898113715499,294,0.008934988838861731
Pine Grove Ave & Belmont Ave,41.94002,-87.64166000000007,293,0.008904597720362202
Addison/Wilton Corral,41.947382700000034,-87.65317160000002,291,0.008843815483363143
Kedzie Ave & 48th Pl,41.804758123768416,-87.7042193687937,291,0.008843815483363143
Cicero Ave & Wrightwood Ave,41.927905699999975,-87.7467295,288,0.008752642127864554
Damen Ave/Coulter St,41.84920000000005,-87.67564000000004,288,0.008752642127864554
Midway Orange Line,41.786919999999995,-87.7389199999999,285,0.008661468772365965
Ashland Ave & Pershing Rd,41.823464999999956,-87.66557700000001,283,0.008600686535366903
Public Rack - Washtenaw Ave & Devon Ave,41.99776399999999,-87.69722099999997,281,0.008539904298367845
Archer (Damen) Ave & 37th St,41.82671200000002,-87.68314400000003,277,0.008418339824369726
Fairfield Ave & Roosevelt Rd,41.866624,-87.69452099999994,275,0.008357557587370668
Kedzie Ave & Lake St,41.88460328501001,-87.70630374360002,275,0.008357557587370668
Addison/Sheffield SE Corral,41.947028099999955,-87.65425200000001,273,0.008296775350371608
Washtenaw Ave & Ogden Ave,41.86193049278258,-87.69345045089722,273,0.008296775350371608
Public Rack - Milwaukee Ave & Diversey Ave,41.93123,-87.71150099999991,271,0.008235993113372548
Milwaukee Ave & Diversey Ave,41.93265999999997,-87.71221999999999,270,0.008205601994873019
Public Rack - Drake Ave & Leland Ave,41.965985300000014,-87.71687600000001,270,0.008205601994873019
Kenosha Ave & Wellington Ave,41.93445699999998,-87.73379500000006,265,0.00805364640237537
North Branch St & Haines St,41.900560000000034,-87.65078999999986,264,0.00802325528387584
Vernon Ave & 75th St,41.758360999999994,-87.61413799999997,262,0.007962473046876781
Monticello Ave & Diversey Ave,41.93171999999991,-87.71846000000004,260,0.007901690809877722
Kostner Ave & Belmont Ave,41.93919099999999,-87.73711199999993,260,0.007901690809877722
Cottage Grove Ave & 49th St,41.80627299999999,-87.60664300000002,260,0.007901690809877722
Princeton Ave & 47th St,41.80931770924002,-87.63344928799995,258,0.007840908572878662
Kilpatrick Ave & Grand Ave,41.912731999999984,-87.74363600000001,257,0.007810517454379133
Melvina Ave & Giddings Ave,41.966480000000026,-87.78202000000005,253,0.007688952980381013
Elston Ave & Carmen Ave,41.97353999999998,-87.74955000000001,250,0.007597779624882425
Public Rack - Clark St & Diversey Pkwy (North 2),41.93333146999998,-87.64542122999974,250,0.007597779624882425
Public Rack - Milwaukee Ave & Haussen Ct,41.937752,-87.721623,249,0.007567388506382895
Rockwell St & Cermak Rd,41.851644000000015,-87.69062100000002,249,0.007567388506382895
South Shore Dr & 74th St,41.762188960379994,-87.55927465,249,0.007567388506382895
Public Rack - Kedzie Ave & Argyle St,41.972097000000005,-87.708572,249,0.007567388506382895
Springfield Ave & North Ave,41.910157999999996,-87.72383099999999,248,0.0075369973878833645
Clark/Eddy,41.94659999999982,-87.65610000000012,247,0.007506606269383835
Hyacinth Ave & Milwaukee Ave,41.992819999999995,-87.78377000000002,246,0.0074762151508843055
Keeler Ave & Carmen Ave,41.97432299999999,-87.73310000000002,244,0.007415432913885247
Kildare Ave & North Ave,41.90953919999998,-87.73385179999998,244,0.007415432913885247
Austin Blvd & Lake St,41.88794379427212,-87.77427345514297,244,0.007415432913885247
Conservatory Dr & Lake St,41.885502000000024,-87.71686600000002,241,0.007324259558386657
Lavergne Ave & Lawrence Ave,41.96775000000001,-87.75259000000004,240,0.007293868439887127
Virginia Ave & Catalpa Ave,41.981243876923074,-87.70491012307696,239,0.007263477321387598
Kilbourn Ave & Roscoe St,41.94272199999999,-87.73955700000002,239,0.007263477321387598
Milwaukee Ave & Highland Ave,41.996360000000024,-87.78673999999998,235,0.007141912847389478
Menard Ave & Lawrence Ave,41.967879999999994,-87.77273999999998,234,0.007111521728889949
Halsted St & 51st St,41.801831640490015,-87.64521390400003,232,0.00705073949189089
Public Rack - Monticello Ave & Belmont Ave,41.939472000000016,-87.71842299999999,232,0.00705073949189089
Cottage Grove Ave & 47th St,41.80985499999998,-87.60675499999991,232,0.00705073949189089
Stony Island Ave & 71st St,41.76649293729999,-87.58646087750002,231,0.00702034837339136
Jeffery Blvd & 67th St,41.77351755124998,-87.57714282550005,229,0.006959566136392301
Kilbourn Ave & Diversey Ave,41.931790000000014,-87.73934000000007,228,0.006929175017892771
Public Rack - Wells St & North Ave,41.91095637000005,-87.63461626000007,225,0.006838001662394183
Lexington St & California Ave,41.87199379999999,-87.69581079999995,222,0.006746828306895593
Public Rack - Jensen Park,41.964864000000006,-87.72077399999995,221,0.006716437188396063
Mason Ave & Montrose Ave,41.96056,-87.77588,221,0.006716437188396063
Sacramento Ave & Lunt Ave,42.008199999999995,-87.70460999999996,219,0.006655654951397004
Hoyne Ave & 34th St,41.8320245,-87.67783870000001,219,0.006655654951397004
Cicero Ave & Roscoe Ave,41.94242699999997,-87.74731500000003,216,0.006564481595898414
Public Rack - Dearborn St & Kinzie St 1,41.88907808000012,-87.62948506000012,216,0.006564481595898414
Linder Ave & Montrose Ave,41.96081000000001,-87.76488000000002,215,0.006534090477398885
Avers Ave & Foster Ave,41.97541,-87.72452000000006,206,0.006260570410903117
Cottage Grove Ave & 78th St,41.75317399999998,-87.60502600000001,205,0.006230179292403588
Lowell Ave & Armitage Ave,41.91707670000002,-87.73535429999998,204,0.006199788173904058
Sacramento Ave & Pratt Blvd,42.00404,-87.70472999999998,202,0.006139005936904999
Princeton Ave & Garfield Blvd,41.79498199999997,-87.63312399999997,200,0.006078223699905939
Public Rack - Webster Ave & Halsted St,41.92188867999997,-87.64847243000015,200,0.006078223699905939
Kedzie Ave & 57th St,41.789830000000016,-87.7031,198,0.0060174414629068805
LaSalle St & Washington St Corral N,41.882880000000064,-87.63250999999984,197,0.0059870503444073506
Wallace St & Pershing Rd,41.823507742049486,-87.6407911130742,196,0.005956659225907821
Public Rack - California Ave & Cortez St,41.90010500000001,-87.696817,196,0.005956659225907821
Kildare Ave & Division St,41.90239300000001,-87.73359799999999,195,0.005926268107408291
Indiana Ave & 40th St,41.82167997407765,-87.62159949546827,193,0.005865485870409231
Halsted St & 96th St,41.719712183618846,-87.6430195569992,192,0.005835094751909702
Farragut Ave & Central Ave,41.97666000000001,-87.76823,189,0.005743921396411113
Sacramento Blvd & Fulton Ave,41.886528000000006,-87.70167,185,0.005622356922412994
Public Rack - South Shore Dr & 71st St,41.766206,-87.56278900000001,185,0.005622356922412994
Pulaski Rd & Ann Lurie Pl,41.81644000000002,-87.72479999999997,184,0.005591965803913464
Public Rack - Christiana Ave & Belmont Ave,41.93917000000002,-87.71169000000006,184,0.005591965803913464
California Ave & Touhy Ave,42.0120368,-87.70043709999999,183,0.0055615746854139345
Western Ave & 43rd St,41.81574,-87.68489000000001,183,0.0055615746854139345
Ping Tom Park (East),41.85798859999997,-87.63194469999999,182,0.0055311835669144055
Public Rack - Justine St & 87th St,41.736019,-87.66243000000001,181,0.005500792448414875
Winthrop Ave & Sheridan Rd,41.998139999999964,-87.65884999999987,180,0.005470401329915346
Millard Ave & 26th St,41.844531124621646,-87.71592199802399,180,0.005470401329915346
Washington Blvd & Peoria St Public Rack,41.88304299999998,-87.64993099999995,179,0.005440010211415816
Archer & Wentworth,41.85468680000006,-87.63085309999994,179,0.005440010211415816
Public Rack - Emerald Ave & 43rd St,41.81642999999999,-87.64475399999999,178,0.005409619092916286
Narragansett Ave & Montrose Ave,41.95997800000001,-87.78692800000002,177,0.005379227974416757
SCOOTERS CLASSIC - 2132 W Hubbard ST,41.88996749470834,-87.6801560819149,177,0.005379227974416757
Public Rack - Clybourn Ave & Webster Ave,41.92155278999996,-87.66449674000005,177,0.005379227974416757
Sacramento Blvd & Franklin Blvd,41.89046879243863,-87.70260751247406,176,0.005348836855917227
Public Rack - Kingsbury Ave & Eastman St,41.90687904000003,-87.6508806000001,176,0.005348836855917227
State St & 54th St,41.79664200000001,-87.62592300000004,175,0.005318445737417697
Washtenaw Ave & Peterson Ave,41.990680729613736,-87.69706759656655,173,0.005257663500418638
Kostner Ave & Bryn Mawr Ave,41.98276499999999,-87.738094,172,0.005227272381919108
Portage Park,41.956070000000004,-87.76472,171,0.005196881263419578
Whipple St & Irving Park Rd,41.954220000000035,-87.70444000000003,169,0.005136099026420518
Kilpatrick Ave & Parker Ave,41.93073746969697,-87.7440775909091,169,0.005136099026420518
Lamon Ave & Belmont Ave,41.938992079999984,-87.74927725176468,169,0.005136099026420518
California Ave & 16th St,41.85926000000001,-87.69549999999991,168,0.005105707907920989
California Ave & 26th St,41.8436799145765,-87.69496858119965,168,0.005105707907920989
Richmond St & Lincoln Ave,41.98811739999999,-87.70317539999999,168,0.005105707907920989
Lavergne Ave & Fullerton Ave,41.924033999999985,-87.75119100000002,167,0.0050753167894214595
Public Rack - Hyde Park Blvd & 53rd St,41.799468,-87.584206,167,0.0050753167894214595
Lincolnwood Dr & Central St,42.06485400000003,-87.71529700000002,166,0.00504492567092193
Lockwood Ave & Grand Ave,41.917594099999995,-87.75841430000003,165,0.0050145345524224
Stony Island Ave & 75th St,41.75866967039999,-87.58688287099997,165,0.0050145345524224
Central Ave & Lake St,41.88766399999999,-87.76546899999995,162,0.004923361196923811
Public Rack - Spaulding Ave & North Ave,41.910138,-87.70955299999999,162,0.004923361196923811
Narragansett Ave & Wrightwood Ave,41.92729000000001,-87.78523000000001,160,0.004862578959924751
Stony Island Ave & 64th St,41.77888099999998,-87.58664700000004,157,0.004771405604426162
Mozart St & Jackson Blvd,41.877500000000026,-87.69739999999997,157,0.004771405604426162
Kenmore Ave & School St,41.94166000000004,-87.65560000000004,157,0.004771405604426162
Kedzie Ave & 60th St,41.78457999999999,-87.70318999999999,157,0.004771405604426162
St Louis Ave & Armitage Ave,41.917169999999984,-87.71357999999996,156,0.004741014485926633
Stony Island Ave & 67th St,41.773458499480014,-87.5853397391,155,0.004710623367427103
Central Ave & Altgeld St,41.925811899999985,-87.76636849999997,152,0.004619450011928514
Public Rack - Hamlin Ave & Fullerton Ave,41.92431899999999,-87.72144599999997,148,0.004497885537930395
Public Rack - Kedvale Ave & 63rd St W,41.778761,-87.72689199999999,148,0.004497885537930395
MLK Jr Dr & 83rd St,41.743116000000015,-87.61479999999999,145,0.004406712182431806
Public Rack - Wacker Dr & Adams St,41.87941640999998,-87.63719314999994,144,0.004376321063932277
Public Rack - Harold Washington Park,41.80108900000001,-87.58479100000001,143,0.004345929945432747
Addison Red Line,41.94719999999992,-87.65400000000011,142,0.004315538826933217
Public Rack - Rockwell & Division,41.902820000000006,-87.692397,142,0.004315538826933217
Central Ave & Parker Ave,41.930179007936516,-87.76612112433864,142,0.004315538826933217
Grace St & Cicero Ave,41.94973000000001,-87.74695000000003,140,0.004254756589934158
Public Rack - Western Ave & Devon Ave,41.997578999999995,-87.68971300000001,140,0.004254756589934158
Public Rack - Wells St & Lake St,41.88566760999997,-87.63375584999996,138,0.004193974352935098
Public Rack - Desplaines St & Fulton St,41.88689240000002,-87.64341688000002,138,0.004193974352935098
[Archived] Wilton Ave & Diversey Pkwy,41.932418000000006,-87.65270500000007,138,0.004193974352935098
Washtenaw Ave & Polk St,41.87111702352941,-87.69371626470583,136,0.0041331921159360385
Ashland Ave & McDowell Ave,41.809719,-87.66347700000004,136,0.0041331921159360385
Eberhart Ave & 61st St,41.784071072760995,-87.61448353528975,135,0.0041028009974365095
Public Rack - Kimball & Ardmore,41.98702400000001,-87.71396999999999,134,0.0040724098789369795
Public Rack - Wells St & Wacker Dr,41.88663266999997,-87.63405977999994,134,0.0040724098789369795
Long Ave & North Ave,41.9092147,-87.76091890000001,132,0.00401162764193792
Komensky Ave & 47th St,41.807689999999994,-87.72472,132,0.00401162764193792
Kedvale Ave & Peterson Ave,41.9900762,-87.73170730000001,131,0.003981236523438391
Public Rack - Pulaski Rd & 44th St,41.8129,-87.7225,130,0.003950845404938861
Public Rack - Southport Ave & Fullteron Ave,41.92509658000001,-87.66323499000005,129,0.003920454286439331
Merrimac Park,41.952610000000014,-87.78535000000002,128,0.0038900631679398014
Albany Ave & 26th St,41.84450700000001,-87.70165499999997,128,0.0038900631679398014
Damen Ave & Pershing Rd,41.823192,-87.676597,126,0.003829280930940742
Cottage Grove Ave & 83rd St,41.743441,-87.60483599999999,126,0.003829280930940742
Central Park Ave & Ohio St,41.89187546842104,-87.71641120789475,126,0.003829280930940742
Public Rack - Clark St & Diversey Pkwy (South),41.93256595999996,-87.64478090000009,126,0.003829280930940742
Kostner Ave & Devon Ave,41.997032000000004,-87.73837000000002,125,0.0037988898124412126
Union Ave & Root St,41.81910199999999,-87.64327799999997,124,0.0037684986939416822
Halsted St & 47th Pl,41.80813391481001,-87.6456165545,124,0.0037684986939416822
Public Rack - Clark St & Diversey Pkwy (North 1),41.93318982999999,-87.64529920000001,123,0.0037381075754421528
Long & Irving Park,41.953038,-87.76216319999997,122,0.0037077164569426233
Public Rack - Carpenter St & Madison St,41.88160620000003,-87.65351139999991,121,0.0036773253384430934
Long Ave & Diversey Ave,41.93104,-87.76123999999999,121,0.0036773253384430934
Higgins Ave & Austin Ave,41.973420000000004,-87.77865000000001,121,0.0036773253384430934
Public Rack - Lincoln Ave & Fullteron Ave (Northwest),41.925827409999954,-87.64943466000013,120,0.0036469342199435635
Public Rack - Michigan Ave & Wacker Dr (South),41.88813083000004,-87.6241723700002,119,0.0036165431014440344
Clark/Newport,41.944900000000196,-87.65460000000023,118,0.003586151982944504
Public Rack - Clybourn Ave & Dickens Ave,41.91908084,-87.66107184999996,117,0.0035557608644449746
Public Rack - Leamington & Elston,41.977894000000006,-87.756315,116,0.003525369745945445
Public Rack - Michigan Ave & Delaware Pl,41.899152529999895,-87.62377648999986,115,0.003494978627445915
Oak Park & Wellington,41.934585999999996,-87.79596130000003,115,0.003494978627445915
Public Rack - Wells St & Schiller St,41.907552730000035,-87.63451268999985,114,0.0034645875089463853
Marmora Ave & Irving Park Rd,41.953107199999984,-87.77473259999995,113,0.003434196390446856
Public Rack - Hoyne Ave & Walton St,41.898502,-87.67951999999995,113,0.003434196390446856
Public Rack - Trader Joe's Clybourn Ave,41.91467859000007,-87.65491579999988,112,0.003403805271947326
Nordica Ave & Medill Ave,41.92227000000002,-87.80202000000001,112,0.003403805271947326
Ashland Ave & 50th St,41.803023,-87.66469899999998,111,0.0033734141534477965
Public Rack - Sangamon St & Fulton St,41.88692786,-87.65110139999994,110,0.003343023034948267
Public Rack - Western Ave & 47th Pl,41.808038,-87.684709,110,0.003343023034948267
Wentworth Ave & 63rd St,41.78007963264,-87.62974630520003,110,0.003343023034948267
State St & 79th St,41.750794,-87.62442400000002,110,0.003343023034948267
Central Ave & Chicago Ave,41.89495474666666,-87.76491331999998,109,0.0033126319164487367
Central Park Ave & 24th St,41.8481,-87.715068,108,0.003282240797949207
Western Ave & 28th St,41.84151770807002,-87.6851314409,106,0.003221458560950148
Richmond St & 59th St,41.78649,-87.69733000000001,106,0.003221458560950148
Tripp Ave & 15th St,41.86077,-87.73136,106,0.003221458560950148
California & 16th St,41.85922800000002,-87.69556199999998,105,0.0031910674424506184
Vincennes Ave & 79th St,41.7506,-87.63408999999999,104,0.003160676323951089
Public Rack - Rush St & Ohio St,41.892592230000005,-87.62585969000001,103,0.0031302852054515586
Laramie Ave & Bloomingdale Ave,41.914320000000004,-87.75572000000001,102,0.003099894086952029
Damen Ave & Coulter St,41.85014923076921,-87.67513923076928,102,0.003099894086952029
Harlem Ave & Irving Park Rd,41.95326,-87.80713999999995,102,0.003099894086952029
Oglesby Ave & 100th St,41.713397484422444,-87.56584167480469,101,0.0030695029684524996
Waveland/Wilton Corral,41.94890310000002,-87.65314099999996,100,0.0030391118499529697
Public Rack - Foster Ave & Drake Ave,41.97556299999999,-87.71735200000002,100,0.0030391118499529697
Phillips Ave & 79th St,41.75181999999999,-87.56521100000002,100,0.0030391118499529697
Public Rack - Orleans St & Grand Ave,41.89164251000007,-87.63679676999989,99,0.0030087207314534402
Central Park Ave & Augusta Blvd,41.89894000000002,-87.71648999999995,98,0.0029783296129539103
Lavergne Ave & Diversey Ave,41.93128000000001,-87.75141000000002,97,0.002947938494454381
California Ave & Madison St,41.880979999999994,-87.69597999999999,97,0.002947938494454381
Wood St & 33rd St,41.83426999999999,-87.67059999999996,96,0.002917547375954851
Public Rack - Nashotah & Northwest Hwy,41.98814099999999,-87.791447,96,0.002917547375954851
Franklin St & Monroe St Corral,41.88056000000003,-87.63524,96,0.002917547375954851
Public Rack - Hollywood Park,41.98929,-87.71182,96,0.002917547375954851
Public Rack - Racine Ave & Armitage Ave,41.91814969000003,-87.65830299000002,95,0.002887156257455321
Chicago State University,41.71896342165454,-87.60829567909241,95,0.002887156257455321
Commercial Ave & 83rd St,41.744615,-87.55120800000002,94,0.0028567651389557916
Austin Ave & Milwaukee Ave,41.98736000000001,-87.77804999999998,94,0.0028567651389557916
Kedzie Ave & Jackson Blvd,41.877161,-87.706134,94,0.0028567651389557916
Glenwood Ave & Devon Ave,41.99791000000004,-87.6654500000003,93,0.0028263740204562617
Austin Blvd & Madison St,41.88028099999998,-87.774453,93,0.0028263740204562617
Rainbow Beach,41.75787096522548,-87.54917675279039,93,0.0028263740204562617
Laramie Ave & Irving Park Rd,41.9533354,-87.75838440000005,93,0.0028263740204562617
Central Ave & Madison St,41.88012100000001,-87.763238,93,0.0028263740204562617
Seeley Ave & Garfield Blvd,41.794087000000005,-87.67547800000001,93,0.0028263740204562617
Harding Ave & 26th St,41.844218,-87.72334700000002,92,0.002795982901956732
Lynch Ave & Elston Ave,41.98096000000001,-87.76148999999998,92,0.002795982901956732
Public Rack - Keating & Peterson,41.990159,-87.74718299999999,91,0.0027655917834572027
MLK Jr Dr & 56th St,41.793429456580014,-87.61585326190001,91,0.0027655917834572027
Public Rack - Mango & Higgins,41.97172200000001,-87.77228800000005,90,0.002735200664957673
Hastings St Depot LWS,41.863516399999995,-87.67974849999999,90,0.002735200664957673
Public Rack - Morgan St & Madison St,41.881789839999946,-87.65178052999998,89,0.002704809546458143
Public Rack - Dearborn St & Superior St,41.895719850000056,-87.62953575000007,89,0.002704809546458143
Exchange Ave & 79th St,41.75211500633266,-87.55200700025293,89,0.002704809546458143
Public Rack - Rush St & Ontario St,41.89310918999997,-87.62535276000006,89,0.002704809546458143
Pine Ave & Division St,41.901900000000005,-87.76388999999999,89,0.002704809546458143
State St & 45th St,41.81313,-87.62584999999999,88,0.0026744184279586134
Public Rack - Keystone Ave & Irving Park Rd,41.953449,-87.72963499999999,88,0.0026744184279586134
Hastings St Depot Public Rack,41.86351639999999,-87.67974850000002,87,0.0026440273094590835
Kedzie Ave & Harrison St,41.87359967461999,-87.70487074930001,86,0.002613636190959554
Larrabee St & Chicago Ave,41.896769999999954,-87.63860000000012,85,0.0025832450724600246
Public Rack - Dearborn St & Kinzie St 2,41.889311599999964,-87.62938823999993,85,0.0025832450724600246
Meade Ave & Fullerton Ave,41.92475099999999,-87.77827199999999,85,0.0025832450724600246
Public Rack - Halsted St & Fullerton Ave,41.92554512000002,-87.64781046999998,85,0.0025832450724600246
Komensky Ave & 31st St,41.83670468965518,-87.7256405862069,85,0.0025832450724600246
Wabash Ave & 87th St,41.73655301831962,-87.62264415621758,85,0.0025832450724600246
Public Rack - Campbell Ave & Pratt Blvd,42.005069999999996,-87.692643,84,0.0025528539539604947
Public Rack - Prairie Ave & 47th St ,41.80949700000001,-87.61899700000001,84,0.0025528539539604947
Shields Ave & 43rd St,41.81620767856,-87.6348193497,82,0.0024920717169614353
Vincennes Ave & 95th St,41.72126,-87.65004999999998,81,0.0024616805984619054
Kedzie Ave & 24th St,41.848193,-87.70541199999997,80,0.0024312894799623755
Waveland/Racine,41.94909999999991,-87.65929999999986,80,0.0024312894799623755
Harlem Ave & Bloomingdale Ave,41.91203,-87.80576999999997,78,0.0023705072429633166
Public Rack - Orleans St & Ontario St,41.89306681,-87.63873783000004,77,0.0023401161244637867
Grace St & Central Ave,41.949532700000006,-87.76726479999998,77,0.0023401161244637867
State St & 95th St,41.72184990000002,-87.62285440000004,77,0.0023401161244637867
Public Rack - Ashland Orange Line CTA,41.83922899000001,-87.66564109999997,77,0.0023401161244637867
Big Marsh Park,41.6858770556233,-87.57382392883301,76,0.002309725005964257
Fairfield Ave & 44th St,41.81361700000001,-87.6932272,76,0.002309725005964257
Kedzie Ave & 54th Pl,41.79391633023256,-87.70345877674417,76,0.002309725005964257
Kedzie Ave & Archer Ave,41.814470000000014,-87.70410999999996,75,0.0022793338874647273
California Ave & 71st St,41.76474800000001,-87.69312099999998,75,0.0022793338874647273
Vernon Ave & 79th St,41.75094,-87.61378999999997,74,0.0022489427689651974
Central & Elston,41.985500000000016,-87.76820000000001,74,0.0022489427689651974
Ewing Ave & 106th St,41.70266,-87.53564000000004,74,0.0022489427689651974
Albany Ave & 16th St,41.85934289308175,-87.70302,74,0.0022489427689651974
Yates Blvd & 75th St,41.75876800000001,-87.56644,74,0.0022489427689651974
California Ave & 41st St,41.81867000000001,-87.69441000000005,73,0.002218551650465668
Laramie Ave & Madison St,41.880207000000006,-87.755337,73,0.002218551650465668
Public Rack - Dearborn St & Jackson Ave,41.87802961999999,-87.62940127999995,73,0.002218551650465668
Public Rack - Damen Ave & Division St,41.90328073,-87.67622970999999,73,0.002218551650465668
Walden Pkwy & 100th St,41.712164103598035,-87.66773343086243,73,0.002218551650465668
Halsted St & 63rd St,41.779381142279995,-87.64462081450002,73,0.002218551650465668
Public Rack - Clark St & Oak St,41.90107054000003,-87.63147892999999,72,0.0021881605319661384
Artesian Ave & 55th St,41.79402000000001,-87.68577000000003,71,0.0021577694134666085
Leclaire Ave & Belmont Ave,41.939040999999996,-87.754197,71,0.0021577694134666085
Indiana Ave & 103rd St,41.70717027117756,-87.6184719800949,70,0.002127378294967079
Public Rack - Irving Park Rd & Leclaire Ave,41.953418,-87.75484099999998,70,0.002127378294967079
Stewart Ave & 83rd St,41.74371699999999,-87.63408799999998,70,0.002127378294967079
Public Rack - Rockwell St & Chicago Ave,41.89585499999999,-87.69185699999997,70,0.002127378294967079
Public Rack - Central Park & Peterson,41.990093,-87.71875300000002,69,0.002096987176467549
Public Rack - Southport Ave & Webster Ave,41.92155961000002,-87.66337145999994,69,0.002096987176467549
Addison/Racine,41.947299999999935,-87.65920000000004,68,0.0020665960579680192
Public Rack - Langley Ave & 49th St,41.805217999999996,-87.60907600000002,68,0.0020665960579680192
Marshfield Ave & 44th St,41.813878586387446,-87.66642879581154,68,0.0020665960579680192
Kildare Ave & Chicago Ave,41.89543569999999,-87.73348179999999,67,0.0020362049394684898
Public Rack - Leavitt St & Potomac Ave,41.904976000000005,-87.68205099999994,67,0.0020362049394684898
Public Rack - Evans Ave & 63rd St,41.78050600000001,-87.607519,67,0.0020362049394684898
Lamon Ave & Armitage Ave,41.91676,-87.74945799999999,67,0.0020362049394684898
Public Rack - Michigan Ave & Wacker Dr (North),41.88935705999997,-87.62397970999997,66,0.00200581382096896
Public Rack - Kenneth & Carmen,41.97264199999999,-87.73923899999998,66,0.00200581382096896
Public Rack - Kimball Ave & Lawrence Ave,41.967912500000004,-87.71343529999999,66,0.00200581382096896
Public Rack - Wells St & Monroe St,41.8806039,-87.63357567999998,66,0.00200581382096896
Kenmore Ave & Catalpa Ave,41.982030000000044,-87.65653000000015,65,0.0019754227024694304
Cumberland Ave & Catherine Ave,41.97731999999999,-87.83674000000003,65,0.0019754227024694304
Burnham Greenway & 112th St,41.691773851168335,-87.53043115139008,65,0.0019754227024694304
Sayre Ave & Diversey Ave,41.93098,-87.80106000000004,65,0.0019754227024694304
Ping Tom Park East Public Rack,41.857988600000006,-87.63194469999999,65,0.0019754227024694304
Phillips Ave & 83rd St,41.744531,-87.56505999999997,64,0.0019450315839699007
Overhill Ave & Belmont Ave,41.937990000000006,-87.81915000000001,64,0.0019450315839699007
Morgan St & Pershing Rd,41.823613,-87.65093099999999,64,0.0019450315839699007
Sacramento Blvd & Fulton St,41.88653,-87.70164999999999,64,0.0019450315839699007
Tripp Ave & 65th St,41.77491,-87.72883,64,0.0019450315839699007
Public Rack - Karlov Ave & Milwaukee Ave,41.942702000000004,-87.73001100000003,63,0.001914640465470371
Evans Ave & 75th St,41.758490000000016,-87.60641000000003,63,0.001914640465470371
Long Ave & Belmont Ave,41.938329999999986,-87.76166000000008,63,0.001914640465470371
Homan Ave & Fillmore St,41.8681132328767,-87.71091118219177,62,0.0018842493469708411
Public Rack - Wabash Ave & Chicago Ave,41.89678901999997,-87.62644291000004,62,0.0018842493469708411
Lawndale Ave & 59th St,41.786379999999994,-87.71569999999998,62,0.0018842493469708411
California Ave & 36th St,41.828098,-87.69468400000004,62,0.0018842493469708411
Public Rack - Western Ave & Jarvis Ave,42.01639800000001,-87.69037599999997,62,0.0018842493469708411
Public Rack - Milwaukee Ave & Higgins Ave,41.96859640000001,-87.76120919999997,62,0.0018842493469708411
Public Rack - Springfield Ave & Lawrence Ave,41.9683986,-87.72568729999999,62,0.0018842493469708411
Public Rack - Avers Ave & Irving Park Rd,41.95378900000001,-87.72416100000001,61,0.0018538582284713116
Avers Ave & 16th St,41.85909,-87.72121,61,0.0018538582284713116
Perry Ave & 69th St,41.76929308994999,-87.6281959291,61,0.0018538582284713116
Shabbona Park,41.9448,-87.79932000000002,60,0.0018234671099717817
Francisco Ave & 47th St,41.80849,-87.69673000000002,59,0.001793075991472252
Francisco Ave & Hollywood Ave,41.98458264406779,-87.70158111016949,59,0.001793075991472252
Public Rack - Peterson Park,41.97871,-87.75552,59,0.001793075991472252
Long Ave & Irving Park Rd,41.95300999999998,-87.76213999999999,59,0.001793075991472252
Major Ave & Addison St,41.94588168831169,-87.7705151298701,59,0.001793075991472252
Public Rack - Halsted St Metra Station,41.860435390000006,-87.64683101999996,58,0.0017626848729727226
Harding Ave & Division St,41.902345299999986,-87.72507440000001,58,0.0017626848729727226
Rockwell St & 57th St,41.790310000000005,-87.68888000000001,58,0.0017626848729727226
Lamon Ave & Chicago Ave,41.89501789999999,-87.74849859999996,57,0.0017322937544731927
Public Rack - Oakley Blvd & Grand Ave,41.890651000000005,-87.68410299999996,57,0.0017322937544731927
Granville Ave & Pulaski Rd,41.9924402,-87.72890720000002,57,0.0017322937544731927
Archer Ave & 49th St,41.8042,-87.72082,56,0.001701902635973663
Public Rack - Lawndale Ave & Diversey Ave,41.93170199999999,-87.719254,56,0.001701902635973663
Austin Blvd & Chicago Ave,41.89488699999998,-87.77470400000001,56,0.001701902635973663
Pulaski Rd & Lake St,41.885408999999996,-87.72649099999998,56,0.001701902635973663
Pulaski Rd & Congress Pkwy,41.87441021003816,-87.72609159350395,55,0.0016715115174741335
Steelworkers Park,41.737929999999984,-87.53090999999999,55,0.0016715115174741335
Sacramento Ave & 25th St,41.846549510204085,-87.70013105102039,55,0.0016715115174741335
Rockwell St & 47th St,41.808530000000005,-87.68942000000001,55,0.0016715115174741335
Kedzie Ave & Roosevelt Rd,41.86649278171999,-87.7064961757,55,0.0016715115174741335
MLK Jr Dr & 63rd St,41.780080636590014,-87.6159428567,55,0.0016715115174741335
Ashland Ave & 74th St,41.75923602425868,-87.66347408294678,54,0.0016411203989746036
Public Rack - Keystone Ave & North Ave,41.909623,-87.72795099999998,54,0.0016411203989746036
Public Rack - California Ave & Pershing Rd,41.822632000000006,-87.69502400000002,54,0.0016411203989746036
Public Rack - Bryn Mawr Ave & Spaulding Ave,41.98309259999999,-87.7115845,54,0.0016411203989746036
Laramie Ave & Kinzie St,41.88783199999999,-87.75552700000001,54,0.0016411203989746036
Hubbard St Depot,41.88977720000001,-87.68035099999999,54,0.0016411203989746036
Harding Ave & Chicago Ave,41.895312999999994,-87.72473799999997,54,0.0016411203989746036
Lake/Green Corral,41.8854698,-87.64856370000001,53,0.001610729280475074
Public Rack - Ogden Ave & Monroe St,41.88001377999996,-87.66761090999994,53,0.001610729280475074
Public Rack - Cicero Ave & Belle Plaine Ave,41.955625000000005,-87.74751699999997,53,0.001610729280475074
Public Rack - Milwaukee Ave & Kennedy Expy,41.9712722,-87.76388690000003,53,0.001610729280475074
Halsted St & 104th St,41.70513978893236,-87.6424241065979,53,0.001610729280475074
Wentworth Ave & 92nd St,41.72713999999999,-87.62886,52,0.0015803381619755444
Public Rack - Wacker Dr & Madison St (East),41.88184658,-87.63650718999999,52,0.0015803381619755444
NAVY PIER,41.892278,-87.61204299999987,52,0.0015803381619755444
Monticello Ave & Chicago Ave,41.89580999999999,-87.71763000000001,51,0.0015499470434760145
Public Rack - Wells St & Grand Ave,41.89103356000001,-87.63415517000006,51,0.0015499470434760145
Troy St & Jackson Blvd,41.877504999999985,-87.70485000000001,51,0.0015499470434760145
Public Rack - Nagel & Higgins,41.97631199999999,-87.78763999999998,50,0.0015195559249764849
Central Ave & Roscoe St,41.942275,-87.76694999999998,50,0.0015195559249764849
Grace/Sheffield,41.95119999999998,-87.65459999999992,50,0.0015195559249764849
Maplewood Ave & 59th St,41.786334338235285,-87.68743294999996,50,0.0015195559249764849
Public Rack - Western Ave & 92nd Pl,41.725538,-87.68196799999997,49,0.0014891648064769552
Public Rack - Woodlawn Ave & 63rd St S,41.779484,-87.59602799999999,49,0.0014891648064769552
Le Mai Ave & Devon Ave,41.99721999999999,-87.75687000000002,49,0.0014891648064769552
Dauphin Ave & 87th St,41.736480000000014,-87.601252,49,0.0014891648064769552
Kildare Ave & 26th St,41.84437325131326,-87.73249769888325,49,0.0014891648064769552
Public Rack - Burling Ave & Armitage Ave,41.91814107999997,-87.64714057999998,48,0.0014587736879774255
Public Rack - Forest Glen Station ,41.97870999999999,-87.75551999999999,48,0.0014587736879774255
Dan Ryan Woods & 83rd St,41.74280500000002,-87.68017700000004,47,0.0014283825694778958
Calumet Park,41.71370983035616,-87.53084421157837,47,0.0014283825694778958
St Louis Ave & 59th St,41.78589,-87.71056999999998,46,0.001397991450978366
Lavergne Ave & Division St,41.9021077,-87.75086980000002,46,0.001397991450978366
Public Rack - Kilpatrick & Elston,41.970023999999995,-87.74341000000003,46,0.001397991450978366
Commercial Ave & 97th St,41.71893,-87.55112000000001,46,0.001397991450978366
Pulaski Rd & 54th St,41.79499,-87.72361,45,0.0013676003324788364
Mulligan Ave & Archer Ave,41.79296,-87.78052,45,0.0013676003324788364
Baltimore Ave & 87th St,41.737335600416685,-87.54851460456847,45,0.0013676003324788364
State St & Pershing Rd,41.82301523798,-87.6265680185,45,0.0013676003324788364
Central Park Ave & Washington Blvd,41.882747600000016,-87.71539940000001,45,0.0013676003324788364
Central Ave & Wellington Ave,41.93490970000001,-87.7667718,45,0.0013676003324788364
Harlem Ave & Grace St,41.94894,-87.80683,45,0.0013676003324788364
Dauphin Ave & 103rd St,41.70725036778182,-87.60766267776489,45,0.0013676003324788364
Menard Ave & Milwaukee Ave,41.98139,-87.77331000000001,44,0.0013372092139793067
21st St & Pulaski Rd,41.853613490761916,-87.72466860101744,44,0.0013372092139793067
Public Rack - Wells St & Ontario St,41.89338453999997,-87.63401971999998,44,0.0013372092139793067
Narragansett Ave & North Ave,41.909499999999994,-87.78491000000001,44,0.0013372092139793067
Lawndale Ave & 30th St,41.83891240000001,-87.71689549999999,44,0.0013372092139793067
Wellington Ave & Mulligan Ave,41.93472999999998,-87.78436,44,0.0013372092139793067
Clark/Racine,41.95049999999997,-87.6593,43,0.001306818095479777
Laramie Ave & Addison St,41.94568419999999,-87.75693440000002,43,0.001306818095479777
Public Rack - St Louis Ave & Berteau Ave,41.958372999999995,-87.71568500000001,43,0.001306818095479777
Public Rack - Sawyer Ave & Bryn Mawr Ave - SE,41.9830174,-87.70969990000002,43,0.001306818095479777
Cicero Ave & Wellington Ave,41.93515,-87.74636,43,0.001306818095479777
Prospect Sq & 91st St,41.7282338,-87.66752390000005,43,0.001306818095479777
Kedzie Ave & Redfield Dr,41.76522999999998,-87.70316000000001,42,0.0012764269769802473
Hamlin Ave & Grand Ave,41.904032756581394,-87.7215620707054,42,0.0012764269769802473
Public Rack - Kenmore Ave & Armitage Ave,41.918211720000016,-87.65452851000005,42,0.0012764269769802473
Homan Ave & 26th St,41.84425,-87.70982999999998,42,0.0012764269769802473
Public Rack - Lawrence Ave & Kimball Ave,41.96827699999999,-87.71262900000002,42,0.0012764269769802473
Milwaukee & Fullerton,41.924690000000034,-87.7006,41,0.0012460358584807177
Public Rack - Avondale Ave & Addison St,41.94655,-87.719827,41,0.0012460358584807177
Public Rack - Spaulding Ave & Bryn Mawr Ave,41.982964,-87.711441,41,0.0012460358584807177
Kildare Ave & Archer Ave,41.80040033333334,-87.730531,40,0.0012156447399811878
Public Rack - Washington Park Ct & 51st St,41.802191699999995,-87.6151444,40,0.0012156447399811878
Kedzie Ave & 66th Pl,41.772583999999995,-87.70300700000001,40,0.0012156447399811878
Public Rack - Avers & Lawrence,41.96842,-87.72446000000001,40,0.0012156447399811878
Public Rack - Central Ave & Lawrence Ave,41.967864100000014,-87.76759309999998,40,0.0012156447399811878
Public Rack - Sawyer Ave & Lawrence Ave,41.9683,-87.709435,39,0.0011852536214816583
Narragansett Ave & McLean Ave,41.91590000000001,-87.78511,39,0.0011852536214816583
Public Rack - Milwaukee Ave & Catalpa Ave,41.97723130000001,-87.76897310000001,39,0.0011852536214816583
Martin Luther King Dr & 87th St,41.73676999999999,-87.61439,39,0.0011852536214816583
Lawler Ave & North Ave,41.90917540000001,-87.75225450000002,39,0.0011852536214816583
Public Rack - Lavergne Ave & Belle Plaine Ave,41.955307899999994,-87.7517878,39,0.0011852536214816583
Wabash Ave & 49th St,41.805809999999994,-87.62449999999997,39,0.0011852536214816583
Constance Ave & 95th St,41.72229074095262,-87.57896840572357,39,0.0011852536214816583
Public Rack - Wacker Dr & Madison St (West),41.881991899999996,-87.63729758999999,38,0.0011548625029821286
California Ave & Marquette Rd,41.771611,-87.69333099999999,38,0.0011548625029821286
Archer Ave & Homan Ave,41.811529999999976,-87.70885,38,0.0011548625029821286
Nagle Ave & Belmont Ave,41.93851999999999,-87.78735000000002,38,0.0011548625029821286
Public Rack - Hoyne Ave & Grand Ave,41.890918000000006,-87.67928800000003,38,0.0011548625029821286
State St & 76th St,41.756971,-87.624621,37,0.0011244713844825987
N Whipple St & Irving Park Rd,41.95418900000001,-87.70444799999997,37,0.0011244713844825987
Houston Ave & 92nd St,41.72820421535799,-87.54970014095306,37,0.0011244713844825987
Artesian Ave & 71st St,41.76434500000001,-87.68441699999998,37,0.0011244713844825987
Public Rack - Delphina & Foster,41.97359999999999,-87.84109800000002,37,0.0011244713844825987
Public Rack - Whipple St & 63rd St,41.77888,-87.69981099999998,36,0.0010940802659830692
Public Rack - St Clair St & Ontario St,41.89366468000002,-87.6226649,36,0.0010940802659830692
Latrobe Ave & Chicago Ave,41.89480669354838,-87.75654153225807,36,0.0010940802659830692
Public Rack - Peterson Ave & Drake Ave,41.99011900000001,-87.71733700000001,36,0.0010940802659830692
Public Rack - Minuteman Park,41.78533300000001,-87.76260150000002,36,0.0010940802659830692
Public Rack - Clifton Ave & Armitage Ave,41.91800358,-87.65627483,35,0.0010636891474835395
Wabash Ave & 83rd St,41.74335976225324,-87.62284398078917,35,0.0010636891474835395
Vernon Ave & 107th St,41.70012137923887,-87.61225998401642,35,0.0010636891474835395
Spaulding Ave & 16th St,41.859073200000005,-87.7078929,35,0.0010636891474835395
Stony Island Ave & 82nd St,41.746559,-87.58600500000001,35,0.0010636891474835395
Elizabeth St & 47th St,41.80839,-87.65652600000001,34,0.0010332980289840096
Western Ave & 79th St,41.750842999999996,-87.68270100000001,34,0.0010332980289840096
Albany Ave & Douglas Blvd,41.8630314380875,-87.7031740544993,34,0.0010332980289840096
Public Rack - Prairie Ave & Garfield Blvd N,41.794808749999994,-87.61890696000002,34,0.0010332980289840096
Kenton Ave & Madison St,41.88042,-87.74107999999998,34,0.0010332980289840096
Public Rack - Natoma Ave & 61st St,41.780936,-87.787643,34,0.0010332980289840096
Public Rack - Greenwood Ave & Lake Park Ave,41.81737199999999,-87.59957599999998,33,0.00100290691048448
Jeffery Blvd & 76th St,41.75712006802001,-87.57583935870001,33,0.00100290691048448
La Villita Park,41.83925,-87.70201999999999,33,0.00100290691048448
Public Rack - Milwaukee Ave & School St,41.94064799999999,-87.726087,33,0.00100290691048448
Commercial Ave & 90th St,41.73183687272728,-87.5521616090909,33,0.00100290691048448
Orange Ave & Addison St,41.94485,-87.82423,33,0.00100290691048448
Hubbard St Depot Public Rack,41.889777200000005,-87.68035099999999,33,0.00100290691048448
Woodlawn Ave & 75th St,41.75916,-87.59578286666667,33,0.00100290691048448
Halsted St & 59th St,41.787539,-87.64487399999999,32,0.0009725157919849504
Public Rack - Western Blvd & 49th St,41.80478,-87.683749,32,0.0009725157919849504
Halsted St & 78th St,41.752487012490135,-87.6439021574879,31,0.0009421246734854206
Public Rack - Penn Elementary School / KIPP Ascend Middle School,41.8586742,-87.72238349999999,31,0.0009421246734854206
Damen Ave & 33rd St,41.83410800000001,-87.67558999999999,31,0.0009421246734854206
Ellis Ave & 83rd St,41.744122999999995,-87.599034,31,0.0009421246734854206
Michigan Ave & 105th St,41.70346,-87.62037,31,0.0009421246734854206
Damen Ave & 87th St,41.736044,-87.672861,31,0.0009421246734854206
Public Rack - Western Ave & Chicago Ave,41.89582300000001,-87.68713000000001,31,0.0009421246734854206
Central Park Ave & Douglas Blvd,41.86235,-87.71587,31,0.0009421246734854206
Public Rack - Christiana & Lincoln,41.99346,-87.712734,30,0.0009117335549858909
Hale Ave & 107th St,41.69920616812767,-87.66891896724701,30,0.0009117335549858909
Parkside Ave & Armitage Ave,41.916907,-87.76717299999999,30,0.0009117335549858909
Public Rack - Sheffield Ave & Dickens Ave,41.91999262000001,-87.65357154000002,30,0.0009117335549858909
Public Rack - Winona St & Elston Ave,41.9743427,-87.7503874,30,0.0009117335549858909
Michigan Ave & 71st St,41.76528600000001,-87.621748,30,0.0009117335549858909
Spaulding Ave & 63rd,41.7791655,-87.70563919999998,30,0.0009117335549858909
Long Ave & Belden Ave,41.9227143125,-87.7609525,30,0.0009117335549858909
Racine Ave & 65th St,41.775393,-87.65430800000001,30,0.0009117335549858909
Pulaski Rd & 84th St,41.74040699999999,-87.72190700000002,30,0.0009117335549858909
Burnham Greenway & 105th St,41.70457508720709,-87.52823173999786,30,0.0009117335549858909
Public Rack - Lockwood Ave & Diversey Ave,41.931540999999996,-87.75904,30,0.0009117335549858909
Public Rack - Clifton Ave & Webster Ave,41.92153608,-87.65719603999999,30,0.0009117335549858909
Pulaski Rd & 75th St,41.757250000000006,-87.72247000000002,30,0.0009117335549858909
Public Rack - St Clair St & Superior St,41.89570279000001,-87.62331576999999,30,0.0009117335549858909
Pershing Rd & Sacramento Ave,41.82237726810119,-87.69975413003768,29,0.0008813424364863613
Oconto Ave & Belmont Ave,41.937830000000005,-87.80787999999998,29,0.0008813424364863613
Mayfield Ave & Roosevelt Rd,41.865689999999994,-87.77176000000001,29,0.0008813424364863613
Public Rack - Maplewood Ave & Chicago Ave,41.892492,-87.691574,29,0.0008813424364863613
Meade Ave & Addison St,41.94595,-87.77887999999999,29,0.0008813424364863613
Public Rack - Houston Ave & 91st St,41.72996400000001,-87.549645,28,0.0008509513179868315
Halsted St & 69th St,41.76906172032,-87.64461357789997,28,0.0008509513179868315
Bradley Park,41.717878301935,-87.56459176540375,28,0.0008509513179868315
Public Rack - Emerald Ave & 45th St,41.812380999999995,-87.64463299999998,28,0.0008509513179868315
Vincennes Ave & 107th St,41.69921999999999,-87.65868999999999,28,0.0008509513179868315
Marmora Ave & Belmont Ave,41.93828391724137,-87.77449119310346,28,0.0008509513179868315
Public Rack - Kostner Ave & North Ave,41.90881600000001,-87.73646300000001,28,0.0008509513179868315
Karlov Ave & Madison St,41.88085,-87.72790699999999,28,0.0008509513179868315
Mason Ave & Grand Ave,41.92043470000001,-87.77439009999999,28,0.0008509513179868315
Kostner Ave & 63rd St,41.77874999999999,-87.73245999999996,27,0.0008205601994873018
Damen Ave & 59th St,41.785861065132,-87.67414391040802,27,0.0008205601994873018
Western Ave & 111th St,41.69121103498103,-87.68129736185074,27,0.0008205601994873018
Public Rack - Kedzie Ave & Chicago Ave,41.89556,-87.70641,26,0.0007901690809877722
Kostner Ave & Lake St,41.885928,-87.73540999999999,26,0.0007901690809877722
Public Rack - Karlov Ave & Kamerling Ave,41.905621,-87.72863600000001,26,0.0007901690809877722
Ashland Ave & 63rd St,41.77937399999999,-87.66484299999999,26,0.0007901690809877722
Rockwell St & 63rd St,41.77879017021277,-87.68858319999998,26,0.0007901690809877722
Halsted St & 73rd St,41.76160543804394,-87.64416097666071,25,0.0007597779624882424
Racine Ave & Garfield Blvd,41.79422799999999,-87.65507299999999,25,0.0007597779624882424
Springfield Ave & 47th St,41.80807078,-87.72122412000002,25,0.0007597779624882424
Cottage Grove Ave & 71st St,41.76571903697,-87.60495971299999,25,0.0007597779624882424
Damen Ave & 51st St,41.800908,-87.674684,25,0.0007597779624882424
Public Rack - Sheffield Ave & Belden Ave,41.92335973,-87.65362625999997,25,0.0007597779624882424
Loomis St & 95th St,41.72148,-87.65774000000003,25,0.0007597779624882424
Front Ave & 115th St,41.68577,-87.61248,25,0.0007597779624882424
Racine Ave & 115th St,41.68476,-87.65195999999999,25,0.0007597779624882424
Public Rack - Marquette Rd & 67th St,41.773095000000005,-87.612886,24,0.0007293868439887127
Halsted St & 56th St,41.79292964598999,-87.64499005649999,24,0.0007293868439887127
Public Rack - DuSable Lake Shore Dr & Ontario St,41.89434697000001,-87.61569137,24,0.0007293868439887127
Central Ave & Harrison St,41.872992999999994,-87.764499,24,0.0007293868439887127
Public Rack - Monticello & Lawrence,41.968213999999996,-87.71954099999999,24,0.0007293868439887127
Meade Ave & Diversey Ave,41.93086,-87.77844999999999,24,0.0007293868439887127
Public Rack - Garfield Park Conservatory,41.886579999999995,-87.71664600000003,24,0.0007293868439887127
Public Rack - Hiawatha & Mendota,42.00699,-87.77800699999999,24,0.0007293868439887127
Cicero Ave & Flournoy St,41.87213100000002,-87.74661899999997,24,0.0007293868439887127
Public Rack - Fullerton Ave & Narragansett Ave,41.923739,-87.78583499999999,24,0.0007293868439887127
Public Rack - Wabash Ave & Balbo Dr,41.87318755999999,-87.62619832000001,23,0.000698995725489183
Pulaski Rd & 68th St,41.76949485454544,-87.72284200000001,23,0.000698995725489183
Narragansett Ave & School St,41.94012580645162,-87.7864804354839,23,0.000698995725489183
Public Rack - Pulaski & Rosemont,41.99519099999999,-87.72898899999998,23,0.000698995725489183
Burley Ave & 85th St,41.74117,-87.54517999999999,23,0.000698995725489183
Lake/Morgan Corral,41.8854978,-87.65231570000002,23,0.000698995725489183
Yates Blvd & 93rd St,41.726166390245105,-87.5662761926651,23,0.000698995725489183
Public Rack - Pulaski & Ardmore,41.985797000000005,-87.72833599999998,23,0.000698995725489183
Cicero Ave & Lake St,41.886841,-87.74526100000001,23,0.000698995725489183
Public Rack - St Louis & Lincoln,41.995652,-87.71632799999999,22,0.0006686046069896534
Public Rack - 532 E 43rd St,41.81684700000002,-87.613294,22,0.0006686046069896534
Burley Ave & 91st St,41.730540000000005,-87.54557999999999,22,0.0006686046069896534
Public Rack - Komensky Ave & 59th St,41.78611570864199,-87.72361537283952,22,0.0006686046069896534
Oak Park Ave & Wellington Ave,41.93459000000001,-87.79585999999999,22,0.0006686046069896534
South Chicago Ave & 83rd St,41.743921,-87.57522500000002,21,0.0006382134884901237
Loomis Blvd & 84th St,41.74148652861805,-87.65841007232666,21,0.0006382134884901237
Public Rack - California Ave & Ogden Ave,41.8608706,-87.69568100000001,21,0.0006382134884901237
Halsted St & 83rd St,41.743069999999996,-87.64370000000002,21,0.0006382134884901237
Western Ave & 101st St,41.71010999999999,-87.68198,21,0.0006382134884901237
Public Rack - Neenah & Dakin,41.951707999999996,-87.790746,21,0.0006382134884901237
Martin Luther King Dr & 111th St,41.69263895647179,-87.61367386484746,21,0.0006382134884901237
Stewart Ave & 63rd St,41.779835000000006,-87.63477400000002,21,0.0006382134884901237
Western Ave & 104th St,41.70458710218909,-87.68120348453522,21,0.0006382134884901237
Addison Red Line Corral,41.947197599999996,-87.65395140000003,20,0.0006078223699905939
Lawndale Ave & 111th St,41.69131919221066,-87.71288573741913,20,0.0006078223699905939
Public Rack - Trebes Park,41.92238502000001,-87.65825217000001,20,0.0006078223699905939
Mason Ave & Belmont Ave,41.938368200000006,-87.77250289999999,20,0.0006078223699905939
Public Rack - Lowell Ave & Elston Ave,41.96614,-87.73700000000001,20,0.0006078223699905939
Public Rack - Milwaukee Ave & Addison St,41.946509999999996,-87.735721,20,0.0006078223699905939
Lasalle St & Washington St,41.883235099999986,-87.6321117,20,0.0006078223699905939
New England Ave & North Ave,41.90929,-87.79715000000002,20,0.0006078223699905939
Damen Ave & 74th St,41.75927403933124,-87.67363429069519,19,0.0005774312514910643
Public Rack - Olmstead Ave & Oliphant Ave,42.002311199999994,-87.8170946,19,0.0005774312514910643
Knox Ave & Marquette Ave,41.77114000000001,-87.73774000000002,19,0.0005774312514910643
Public Rack - Kimball Ave & Carmen Ave,41.973896,-87.71329699999998,19,0.0005774312514910643
Public Rack - Sacramento Ave & Devon Ave,41.997575,-87.70464899999999,19,0.0005774312514910643
Kenneth Ave & 50th St,41.8023131027027,-87.7344078675676,19,0.0005774312514910643
Kostner Ave & Adams St,41.87791700000001,-87.73573699999999,18,0.0005470401329915346
Public Rack - Loomis St & Eleanor St,41.84450288000001,-87.66012478000003,18,0.0005470401329915346
East End Ave & 87th St,41.736815214406704,-87.58280128240585,18,0.0005470401329915346
Public Rack - Loomis Blvd & 47th St,41.808746,-87.66026,18,0.0005470401329915346
Public Rack - Mozart Elementary School,41.921325,-87.722375,18,0.0005470401329915346
Public Rack - Cicero Ave & North Ave,41.909329,-87.74583800000003,18,0.0005470401329915346
Vincennes Ave & 104th St,41.70492556499765,-87.65686810958869,18,0.0005470401329915346
Mango Ave & Diversey Ave,41.93096250000001,-87.7698856,18,0.0005470401329915346
Tripp Ave & 31st St,41.836966,-87.730502,18,0.0005470401329915346
Kedzie Ave & 73rd St,41.760702999999985,-87.70229199999999,18,0.0005470401329915346
Public Rack - Lotus Ave & Lawrence Ave,41.96765350000001,-87.76362980000003,18,0.0005470401329915346
Stony Island Ave & 90th St,41.731394943302355,-87.58574366569519,17,0.0005166490144920048
Homan Ave & Arthington Ave,41.86963,-87.71054999999998,17,0.0005166490144920048
Oketo Ave & Addison St,41.94496000000001,-87.81188999999998,17,0.0005166490144920048
Greenwood Ave & 79th St,41.751290000000004,-87.59760000000001,17,0.0005166490144920048
Mango Ave & North Ave,41.90958,-87.7691175,17,0.0005166490144920048
Public Rack - California Ave & Devon Ave - NE,41.99826,-87.69948100000002,17,0.0005166490144920048
Public Rack - Milwaukee Ave & Culyer Ave,41.954680100000004,-87.74942349999999,16,0.0004862578959924752
Monitor Ave & Division St,41.90192,-87.77178000000002,16,0.0004862578959924752
Harding Ave & 31st St,41.83672000000001,-87.72303,16,0.0004862578959924752
Racine Ave & 57th St,41.78969688048337,-87.65469789505005,16,0.0004862578959924752
St Louis Ave & Norman Bobbins Pl,41.794390000000014,-87.71131999999999,16,0.0004862578959924752
Public Rack - Komensky Ave & 63rd St,41.77882,-87.723599,16,0.0004862578959924752
Public Rack - Laramie Ave & Belmont Ave,41.9386855,-87.75563,16,0.0004862578959924752
Kedzie Ave & 38th Pl,41.8235109,-87.7041017,16,0.0004862578959924752
Public Rack - Parkside & 63rd,41.778132000000014,-87.76303600000003,16,0.0004862578959924752
Marshfield Ave & 59th St,41.786833,-87.66621499999998,16,0.0004862578959924752
Public Rack - Northwest Hwy & Neva Ave,41.9958546,-87.8050971,16,0.0004862578959924752
Western Ave & 81st St,41.74642600000001,-87.68312300000001,16,0.0004862578959924752
Doty Ave & 111th St,41.69501044938142,-87.59871482849121,16,0.0004862578959924752
Lamon Ave & 47th St,41.80781,-87.74569,16,0.0004862578959924752
Damen Ave & 81st St,41.746533999999976,-87.673055,16,0.0004862578959924752
Public Rack - Pulaski Rd & Fullerton Ave,41.924618,-87.727398,16,0.0004862578959924752
Public Rack - Champlain Ave & 65th St,41.775904,-87.609301,16,0.0004862578959924752
Public Rack - Homan Ave & Lake St,41.88474000000001,-87.711357,15,0.00045586677749294543
Public Rack - Melvina Ave & Montrose Ave,41.9588498,-87.7819167,15,0.00045586677749294543
Sacramento Ave & 51st St,41.80068,-87.69894999999998,15,0.00045586677749294543
Lake/Aberdeen Corral,41.8856975,-87.65453649999998,15,0.00045586677749294543
Kildare Ave & 47th St,41.80761999999999,-87.73084,15,0.00045586677749294543
Public Rack - Rockwell Ave & Touhy Ave ,42.01234399999999,-87.69538300000002,15,0.00045586677749294543
St. Louis & 71st St,41.764354,-87.710121,15,0.00045586677749294543
Clyde Ave & 87th St,41.737151464310536,-87.57274031639099,15,0.00045586677749294543
Public Rack - King Dr & Oakwood Blvd,41.82282699999999,-87.61648599999998,15,0.00045586677749294543
Public Rack - Central & Leland,41.965408,-87.767339,15,0.00045586677749294543
Public Rack - Orleans St & Chicago Ave,41.896443760000004,-87.63797544,15,0.00045586677749294543
North Ave & New England Ave,41.90922040000001,-87.7971406,15,0.00045586677749294543
Public Rack - Mont Clare Ave & Higgins Ave,41.98060199999999,-87.80496300000003,15,0.00045586677749294543
Damen Ave & 77th St,41.75399814328985,-87.67338311864405,15,0.00045586677749294543
Public Rack - Pulaski Rd & Armitage Ave,41.917019999999994,-87.727096,15,0.00045586677749294543
Whipple St & Roosevelt Rd,41.86655255555556,-87.70149186111112,14,0.00042547565899341575
Mozart St & 55th St,41.793749999999996,-87.69471999999998,14,0.00042547565899341575
Pulaski Rd & 60th Pl,41.78315,-87.72256999999998,14,0.00042547565899341575
Ewing Ave & 98th St,41.71781,-87.53504,14,0.00042547565899341575
Public Rack - Lafayette Ave & 95th St,41.721787,-87.62493900000001,14,0.00042547565899341575
Artesian Ave & Marquette Rd,41.77203,-87.68463699999998,14,0.00042547565899341575
Elizabeth St & 92nd St,41.726798963701185,-87.65429019927979,14,0.00042547565899341575
Public Rack - Rutherford Ave & Belmont Ave,41.938314999999996,-87.79384800000001,13,0.0003950845404938861
Cicero Ave & Quincy St,41.877613000000004,-87.74540499999998,13,0.0003950845404938861
Public Rack - 111th St - Morgan Park Metra,41.692738,-87.670569,13,0.0003950845404938861
Eggleston Ave & 69th St,41.768898,-87.63587600000001,13,0.0003950845404938861
Commercial Ave & 100th St,41.71331739547703,-87.55109757184982,13,0.0003950845404938861
Throop St & 52nd St,41.799659,-87.65719500000002,13,0.0003950845404938861
Public Rack - Halsted St & 63rd St,41.779945,-87.64137800000002,13,0.0003950845404938861
Public Rack - Jeffrey Blvd & 71st St,41.76633300000002,-87.576154,13,0.0003950845404938861
Kildare & Cermak,41.85141399999999,-87.73215000000002,13,0.0003950845404938861
W 103rd St & S Avers Ave,41.70584600000001,-87.71707400000001,13,0.0003950845404938861
Public Rack - Milwaukee Ave & Warner Ave,41.9562591,-87.7507656,13,0.0003950845404938861
Sacramento Blvd & Polk St,41.87095899999999,-87.70025899999997,13,0.0003950845404938861
Public Rack - Bernard St & Foster Ave,41.9756353,-87.71267620000002,13,0.0003950845404938861
Public Rack - Lowe Park,41.799605,-87.64146400000001,13,0.0003950845404938861
Public Rack - Milwaukee Ave & Pensacola Ave,41.9595108,-87.7533958,12,0.00036469342199435637
May St & 69th St,41.76893799999999,-87.65293399999999,12,0.00036469342199435637
Public Rack - Kingston Ave & 75th St,41.758905,-87.56218800000002,12,0.00036469342199435637
Public Rack - Peterson Ave & Milwaukee Ave,41.989826,-87.780929,12,0.00036469342199435637
Public Rack - Sacramento Blvd & Washington Blvd,41.882994,-87.700036,12,0.00036469342199435637
Lake/Sangamon Corral,41.885469300000004,-87.65089409999999,12,0.00036469342199435637
Leamington Ave & Hirsch St,41.905840500000004,-87.75486019999998,12,0.00036469342199435637
Laramie Ave & Gladys Ave,41.875806000000004,-87.75528499999999,12,0.00036469342199435637
Public Rack - Central Park & Bryn Mawr,41.982873,-87.719594,12,0.00036469342199435637
Major Taylor Trail & 115th St,41.68493159519295,-87.6452887058258,12,0.00036469342199435637
Ashland Ave & 78th St,41.75220484941116,-87.66369938850403,12,0.00036469342199435637
Public Rack - King Dr & 115th St,41.68523900000001,-87.613418,12,0.00036469342199435637
Cottage Grove Ave & 111th Pl,41.69170975847014,-87.61000156402588,12,0.00036469342199435637
Oriole Ave & Irving Park Rd,41.95224,-87.81697,12,0.00036469342199435637
Bennett Ave & 79th St,41.75178499999999,-87.578496,12,0.00036469342199435637
Public Rack - Ashland Ave & 71st St,41.765769999999996,-87.66433000000002,12,0.00036469342199435637
Pulaski Rd & 60th St,41.78418599999999,-87.72256399999999,12,0.00036469342199435637
Calumet Ave & 71st St,41.76550800581,-87.61691792500002,12,0.00036469342199435637
Archer Ave & 43rd St,41.81549102499999,-87.7024324846154,12,0.00036469342199435637
Public Rack - Forest Glen & Peterson,41.98986,-87.742921,11,0.0003343023034948267
Stony Island Ave & South Chicago Ave,41.751173,-87.585337,11,0.0003343023034948267
Public Rack - S. Kilpatrick and W. 79th,41.74929999999999,-87.73958000000002,11,0.0003343023034948267
Karlov Ave & Fillmore St,41.86815000000001,-87.7276,11,0.0003343023034948267
Public Rack - Norwood Park Station ,41.991899999999994,-87.79916000000001,11,0.0003343023034948267
Ewing Ave & 97th St,41.719820000000006,-87.53542000000002,11,0.0003343023034948267
Paulina Ave & 87th St,41.73562900000001,-87.66552,11,0.0003343023034948267
Public Rack - Mulligan & Northwest Hwy,41.985317,-87.786721,11,0.0003343023034948267
Public Rack - Christiana Ave & Lawrence Ave,41.968546999999994,-87.71258200000001,11,0.0003343023034948267
Public Rack - Kimbark Ave & 67th St,41.77404500000001,-87.594322,11,0.0003343023034948267
MLK Dr & 111th St,41.692629999999994,-87.6136,11,0.0003343023034948267
Racine/Lake Corral,41.8856855,-87.65689150000001,11,0.0003343023034948267
Public Rack - Ewing Ave & Indianapolis Ave,41.712353,-87.53545,11,0.0003343023034948267
Kedzie Ave & 45th St,41.811390176470596,-87.70400229411764,11,0.0003343023034948267
Public Rack - Walden Pkwy & 103rd St,41.706205,-87.66896499999999,11,0.0003343023034948267
Public Rack - Oak Park Ave & Foster Ave,41.974602200000014,-87.8119558,11,0.0003343023034948267
Kedzie Ave & 52nd St,41.79906000000001,-87.70342,10,0.00030391118499529694
Green St & 86th St,41.737848476733404,-87.64489978551863,10,0.00030391118499529694
Public Rack - Austin Ave & Roscoe St,41.942196,-87.776472,10,0.00030391118499529694
Franciso Ave & Bloomingdale Ave,41.91395999999999,-87.69939999999998,10,0.00030391118499529694
Public Rack - Kedzie Ave & Walnut St,41.885891,-87.70642500000001,10,0.00030391118499529694
Public Rack - Hamlin Ave & Chicago Ave,41.895201,-87.721541,10,0.00030391118499529694
Public Rack - Central & Prescott,41.992794,-87.765586,10,0.00030391118499529694
Wood St & 84th St,41.741192000000005,-87.668106,10,0.00030391118499529694
Public Rack - Kenton & Lawrence,41.967989,-87.743049,10,0.00030391118499529694
State St & 111th St,41.692510000000006,-87.62287000000002,10,0.00030391118499529694
Public Rack - Harlem & Summerdale,41.977814,-87.80681,10,0.00030391118499529694
Campbell Ave & 51st St,41.800940000000004,-87.68676000000002,10,0.00030391118499529694
Laflin St & 115th St,41.68499,-87.65990999999998,10,0.00030391118499529694
Public Rack - California Ave & Devon Ave - NW,41.998481,-87.69985,10,0.00030391118499529694
Ashland Ave & Garfield Blvd,41.792822,-87.66442900000001,10,0.00030391118499529694
Marquette Ave & 89th St,41.73366879071473,-87.55834221839905,10,0.00030391118499529694
Public Rack - Cottage Grove & 86th St,41.738409,-87.604822,9,0.0002735200664957673
Public Rack - Nagle Ave & Belmont Ave,41.938201,-87.787415,9,0.0002735200664957673
Public Rack - N. Oakview and W. Gregory St,41.9801,-87.84396,9,0.0002735200664957673
Public Rack - Cicero Ave & Cortland St - midblock,41.91581999999999,-87.746074,9,0.0002735200664957673
Rhodes Ave & 71st St,41.76599999999999,-87.61172600000002,9,0.0002735200664957673
Loomis St & 89th St,41.73237975329553,-87.65806943178177,9,0.0002735200664957673
Public Rack - 4810 Keeler Ave,41.968578099999995,-87.7330358,9,0.0002735200664957673
Ashland Ave & 66th St,41.77407399999999,-87.663815,9,0.0002735200664957673
Columbus Ave & 79th St,41.749119,-87.70426300000001,9,0.0002735200664957673
Greenwood Ave & 91st St,41.728264268162725,-87.59729862213135,9,0.0002735200664957673
Throop St & 99th St,41.71413999999999,-87.65470000000002,9,0.0002735200664957673
Lawler Ave & 50th St,41.802170000000004,-87.74893999999999,9,0.0002735200664957673
St Louis Ave & 51st St,41.80095000000001,-87.71104000000003,9,0.0002735200664957673
Public Rack - Ottowa Ave & Touhy Ave,42.0114922,-87.8182017,9,0.0002735200664957673
Public Rack - Forrestville Ave & 47th St,41.80931900000001,-87.61292100000001,9,0.0002735200664957673
Public Rack - Christiana Ave & Bryn Mawr Ave,41.98283800000001,-87.71233,9,0.0002735200664957673
Aberdeen St & 103rd St,41.70703999999999,-87.65022000000002,9,0.0002735200664957673
Public Rack - Milwaukee Ave & Lawrence Ave,41.96738570000001,-87.7601699,9,0.0002735200664957673
Public Rack - Milwaukee Ave & Waveland Ave,41.947472,-87.73787500000002,9,0.0002735200664957673
Public Rack - Lafayette Ave & 87th St - NW,41.736354,-87.626741,9,0.0002735200664957673
Hamilton Park,41.76252,-87.63734,9,0.0002735200664957673
Summit Ave & 86th St,41.737848476733404,-87.64489978551862,9,0.0002735200664957673
Public Rack - Jeffery Blvd & 67th St,41.773259,-87.576664,9,0.0002735200664957673
Public Rack - Linder & Elston,41.983559,-87.76577,9,0.0002735200664957673
Public Rack - Yates Ave & 100th St,41.713437,-87.564405,8,0.0002431289479962376
Halsted St & 111th St,41.69226255589166,-87.64261186122894,8,0.0002431289479962376
Public Rack - Central Ave & Pensacola Ave,41.9600246,-87.76713710000001,8,0.0002431289479962376
Madison St & Wells St,41.88199,-87.63418,8,0.0002431289479962376
Public Rack - Calumet Ave & 51st St,41.80222100000001,-87.61845700000002,8,0.0002431289479962376
Public Rack - Avers & Granville,41.993947,-87.725095,8,0.0002431289479962376
Public Rack - Laramine Ave & Winnemac Ave,41.9718249,-87.75756229999999,8,0.0002431289479962376
Public Rack - Lockwood & Archer,41.79668,-87.75516,8,0.0002431289479962376
Public Rack - Norwood Park,41.98660399999999,-87.79394,8,0.0002431289479962376
Public Rack - Spaulding Ave & Foster Ave,41.97592100000001,-87.710415,8,0.0002431289479962376
Keeler Ave & Roosevelt Rd,41.8664014,-87.73001496999998,8,0.0002431289479962376
Princeton Ave & 95th St,41.72175,-87.63075,8,0.0002431289479962376
Public Rack - Central Ave & North Ave,41.909414000000005,-87.765817,8,0.0002431289479962376
Public Rack - Ford City Mall,41.757154,-87.741409,8,0.0002431289479962376
Public Rack - Hamlin Ave & Madison St,41.880833,-87.720797,8,0.0002431289479962376
Springfield Ave & 71st St,41.76448400000001,-87.720028,8,0.0002431289479962376
Public Rack - Lawndale Ave & 23rd St,41.84995599999999,-87.71671200000002,8,0.0002431289479962376
Racine Ave & 61st St,41.783189,-87.65437199999998,8,0.0002431289479962376
Public Rack - Milwaukee Ave & Leland Ave,41.96611239999999,-87.7593376,8,0.0002431289479962376
Western Ave & 62nd St,41.78098257142858,-87.68340077714286,8,0.0002431289479962376
Public Rack - Central Park Ave & Fillmore St,41.8680617,-87.7153897,8,0.0002431289479962376
Manistee Ave & 95th St,41.7226,-87.55692,8,0.0002431289479962376
Public Rack - Centennial Park North,42.0485144,-87.67362840000001,7,0.00021273782949670787
Public Rack - Karlov Ave & Lawrence Ave,41.9683053,-87.7300646,7,0.00021273782949670787
Public Rack - State ST & 42nd St,41.819067000000004,-87.626417,7,0.00021273782949670787
Public Rack - Kedzie Ave & 58th St,41.788263,-87.703576,7,0.00021273782949670787
Public Rack - Bryn Mawr Ave & Milwaukee Ave,41.982934,-87.77443400000001,7,0.00021273782949670787
Public Rack - Oglesby Ave & 95th St,41.722484,-87.565738,7,0.00021273782949670787
Ewing Ave & Burnham Greenway,41.70999,-87.53549999999997,7,0.00021273782949670787
Public Rack - Tripp Ave & North Ave,41.90995395,-87.73271446,7,0.00021273782949670787
Public Rack - Central Park Ave & Fulton Blvd,41.8861512,-87.7155114,7,0.00021273782949670787
Public Rack - Sawyer Ave & Bryn Mawr Ave - SW,41.982879,-87.710534,7,0.00021273782949670787
California Ave & 29th St,41.840222,-87.69412899999999,7,0.00021273782949670787
Wabash Ave & 59th St,41.78664364764461,-87.62395236627698,7,0.00021273782949670787
Kildare Ave & 55th St,41.79332,-87.73059000000003,7,0.00021273782949670787
Public Rack - Ashland Ave & 63rd St,41.779127,-87.664039,7,0.00021273782949670787
Public Rack - Cicero & 64th,41.77643,-87.742389,7,0.00021273782949670787
Hegewisch Metra Station,41.64850076266409,-87.54608988761902,7,0.00021273782949670787
Public Rack - Western Ave & 96th St,41.71862099999999,-87.681516,7,0.00021273782949670787
Public Rack - Touhy Ave & Oconto Ave,42.01177389999999,-87.80766459999997,7,0.00021273782949670787
Public Rack - Kostner Ave & Armitage Ave,41.917210999999995,-87.736136,7,0.00021273782949670787
Mango Ave & Grand Ave,41.91965055,-87.76941355,7,0.00021273782949670787
Kedzie Ave & 110th St,41.692394745875575,-87.70096063613892,7,0.00021273782949670787
Troy St & 27th St,41.84266,-87.70405,7,0.00021273782949670787
Eberhart Ave & 91st St,41.729285157254864,-87.6110315322876,7,0.00021273782949670787
Public Rack - Overhill Ave & Touhy Ave,42.0114627,-87.81900973,7,0.00021273782949670787
Olive Harvey College,41.70958113526255,-87.59023368358612,7,0.00021273782949670787
Wentworth Ave & 107th St,41.69989,-87.62784999999998,7,0.00021273782949670787
Augusta Blvd & Laramie Ave,41.89866069999999,-87.75545510000002,6,0.00018234671099717818
Public Rack - Newcastle Ave & Belmont Ave,41.938022,-87.79610000000001,6,0.00018234671099717818
Public Rack - Harper Ave & 63rd St,41.780728,-87.58756600000001,6,0.00018234671099717818
Public Rack - Parkside & Elston,41.985467,-87.769583,6,0.00018234671099717818
Public Rack - Narragansett Ave & Fullerton Ave,41.92378,-87.7843998,6,0.00018234671099717818
Newcastle Ave & Irving Park Rd,41.95255999999999,-87.79755,6,0.00018234671099717818
Scottsdale Park,41.741966,-87.736179,6,0.00018234671099717818
Public Rack - Avers Ave & Ogden Ave,41.852642,-87.72103,6,0.00018234671099717818
Public Rack - Springfield & 79th,41.74964899999999,-87.721001,6,0.00018234671099717818
Public Rack - Menard Ave & Belmont Ave,41.9384526,-87.77110089999998,6,0.00018234671099717818
Washington/Green (Green Side) Corral,41.8833012,-87.6486656,6,0.00018234671099717818
Yates Ave & 95th St,41.72236999999999,-87.56478,6,0.00018234671099717818
Public Rack - Oketo & Talcott,41.988596,-87.812525,6,0.00018234671099717818
Public Rack - Melvina Ave & Belmont Ave,41.9384207,-87.7813896,6,0.00018234671099717818
Lawndale Ave & 16th St,41.85916047755102,-87.71769517346941,6,0.00018234671099717818
Public Rack - Sayer & Northwest Hwy,41.99434,-87.802532,6,0.00018234671099717818
Public Rack - Cicero Ave & Wrightwood Ave,41.927944,-87.7466394,6,0.00018234671099717818
Public Rack - Melvina & Foster,41.975596,-87.783484,6,0.00018234671099717818
Public Rack - Laramie Ave & Grand Ave,41.917002,-87.755972,6,0.00018234671099717818
Public Rack - Ozman & Talcott,41.993028,-87.82165899999998,6,0.00018234671099717818
Harlem Ave & Roscoe St,41.941590000000005,-87.80719999999998,6,0.00018234671099717818
Monitor Ave & Fullerton Ave,41.92379,-87.77228,6,0.00018234671099717818
Public Rack - Kedvale Ave & Avondale Ave,41.952874,-87.731229,6,0.00018234671099717818
Halsted St & 119th St,41.67764,-87.64174000000001,6,0.00018234671099717818
Public Rack - Oketo & Northwest Hwy,42.000333,-87.812447,6,0.00018234671099717818
Public Rack - Torrence Ave & 98th St,41.717059,-87.559986,6,0.00018234671099717818
Public Rack - Langley Ave & Oakwood Blvd,41.822839,-87.60952499999999,6,0.00018234671099717818
Ave L & 114th,41.688030000000005,-87.53641000000003,6,0.00018234671099717818
Major Taylor Trail & 111th St,41.69210999999999,-87.6489,6,0.00018234671099717818
Public Rack - Imlay & Milwaukee,41.998982999999996,-87.78956,6,0.00018234671099717818
Panama Ave & Grace St,41.94766,-87.82925,6,0.00018234671099717818
Eberhart Ave & 131st St,41.658413151101065,-87.61071089698817,5,0.00015195559249764847
St. Louis Ave & 71st St,41.764354000000004,-87.710121,5,0.00015195559249764847
Public Rack - Wentworth Park,41.78878,-87.77964,5,0.00015195559249764847
Public Rack - Brandon Ave & 91st St,41.730218,-87.546758,5,0.00015195559249764847
Public Rack - Hiawatha Ave & Minnehaha Ave,41.9995224,-87.7604899,5,0.00015195559249764847
Public Rack - Maryland Ave & 87th ST,41.736995,-87.603968,5,0.00015195559249764847
Public Rack - Commercial Ave & 89th St,41.733543,-87.551152,5,0.00015195559249764847
Daley Center Plaza Corral,41.8841951,-87.629701,5,0.00015195559249764847
Public Rack - Martin Luther King Dr & 44th St,41.81444499999999,-87.616265,5,0.00015195559249764847
Public Rack - McVicker Ave & Grand Ave,41.921251,-87.776662,5,0.00015195559249764847
Major Ave & Bloomingdale Ave,41.91258790714285,-87.76873539285712,5,0.00015195559249764847
Michigan Ave & 113th St,41.68905,-87.62079,5,0.00015195559249764847
Kedzie Ave & 83rd St,41.742523,-87.70227900000002,5,0.00015195559249764847
Springfield Ave & 80th St,41.74763,-87.71945,5,0.00015195559249764847
Columbus Ave & 83rd Pl,41.741346,-87.71369600000001,5,0.00015195559249764847
Halsted St & 93rd St,41.72489,-87.64357999999999,5,0.00015195559249764847
Public Rack - Exchange Ave & 73rd Pl,41.76261262999999,-87.56381870999999,5,0.00015195559249764847
Public Rack - Central & Berteau,41.956889999999994,-87.767329,5,0.00015195559249764847
Public Rack - Waller Ave & Chicago Ave,41.894681,-87.768156,5,0.00015195559249764847
Wentworth Ave & 111th St,41.69259,-87.62825,4,0.0001215644739981188
Public Rack - Homan Ave & Roosevelt,41.86649,-87.710786,4,0.0001215644739981188
Public Rack - Pulaski Rd & Lake St,41.885577,-87.72605999999999,4,0.0001215644739981188
Central Park Ave & 66th St,41.773258,-87.71314299999999,4,0.0001215644739981188
Public Rack - Laramie Ave & Fullerton Ave,41.9240754,-87.7568589,4,0.0001215644739981188
Public Rack - Pratt Ave & Odell Ave,42.0044152,-87.8110539,4,0.0001215644739981188
Public Rack - Devon Ave & Central Ave,41.997463,-87.764063,4,0.0001215644739981188
Public Rack - Bishop St & 46th St,41.80994,-87.661522,4,0.0001215644739981188
Public Rack - Martin Luther King Dr & 69th St,41.769234,-87.615206,4,0.0001215644739981188
Public Rack - Kildare Ave & North Ave,41.909866,-87.73399000000002,4,0.0001215644739981188
Public Rack - Linder Ave & 64th Pl,41.775524,-87.757972,4,0.0001215644739981188
Public Rack - Mason Ave & Milwaukee Ave,41.985683,-87.777065,4,0.0001215644739981188
Vincennes Ave & 75th St,41.75797,-87.63121,4,0.0001215644739981188
Public Rack - Cicero Ave & Roscoe St,41.9424235,-87.74713000000001,4,0.0001215644739981188
Public Rack - Lake Shore Dr & Hayes Dr,41.78058099999999,-87.574562,4,0.0001215644739981188
Public Rack - Austin Ave & Wrightwood Ave,41.927665999999995,-87.775682,4,0.0001215644739981188
Baltimore Ave & 133rd St,41.65348999999999,-87.54703000000002,4,0.0001215644739981188
Public Rack - Miami Ave & Milwaukee Ave,41.991473,-87.782085,4,0.0001215644739981188
Public Rack - Neola & Northwest Hwy,41.990327,-87.79535600000001,4,0.0001215644739981188
Public Rack - Canfield & Victoria,41.98506700000001,-87.823171,4,0.0001215644739981188
St. Louis Ave & 59th St,41.78589,-87.71056999999999,4,0.0001215644739981188
Public Rack - Central Ave & Corcoran Pl,41.887342000000004,-87.765041,4,0.0001215644739981188
Avenue O & 118th St,41.6810014591104,-87.5379312226869,4,0.0001215644739981188
Public Rack - Hamlin Ave & Grand Ave,41.903738,-87.720287,4,0.0001215644739981188
Lake/Carpenter Corral,41.8857214,-87.6533778,4,0.0001215644739981188
Public Rack - Division St & Christiana Ave,41.90254,-87.71085,4,0.0001215644739981188
Greenwood Ave & 97th St,41.7187031547574,-87.59703576564789,4,0.0001215644739981188
Public Rack - Normal Blvd & 61st Pl,41.782314,-87.637358,4,0.0001215644739981188
Public Rack - Dawes Park South,42.0427478,-87.67176420000001,4,0.0001215644739981188
Public Rack - William J Onahan Public School,41.993771,-87.7925631,4,0.0001215644739981188
Public Rack - Ozark Ave & Addison St,41.94507500000001,-87.82003699999999,4,0.0001215644739981188
Public Rack - N Narragansett Ave & Grand Ave,41.92258040000001,-87.7849799,4,0.0001215644739981188
Public Rack - Elston Ave & Gunnison St,41.9685781,-87.7405685,4,0.0001215644739981188
Public Rack - Stony Island & 87th St,41.7367,-87.585815,4,0.0001215644739981188
Public Rack - Odell & Talcott,41.987309999999994,-87.81023,4,0.0001215644739981188
Roscoe & Harlem,41.941606199999995,-87.80729640000001,4,0.0001215644739981188
Public Rack - Racine Ave & 74th St,41.75943899999999,-87.654146,4,0.0001215644739981188
Public Rack - Cottage Grove Ave & 92nd St,41.727319,-87.60478700000002,4,0.0001215644739981188
Public Rack - Kostner Ave & Diversey Ave,41.931803,-87.737285,4,0.0001215644739981188
Public Rack - Natoma Ave & Bryn Mawr Ave,41.982886,-87.790461,4,0.0001215644739981188
Public Rack - Leoti Ave & Central Ave (south),41.998324,-87.763384,4,0.0001215644739981188
Public Rack - Irving Park Rd & Parkside Ave,41.95305439999999,-87.688832,4,0.0001215644739981188
Public Rack - Lee Street Beach,42.0362804,-87.6703326,4,0.0001215644739981188
Public Rack - Hoyne Ave & 110th Pl,41.692458,-87.674035,4,0.0001215644739981188
Indiana Ave & 133rd St,41.6538,-87.61719,4,0.0001215644739981188
Michigan Ave & 108th St,41.69815,-87.62111000000002,3,9.117335549858909e-05
Public Rack - Harlem & Palatine,41.995501999999995,-87.806967,3,9.117335549858909e-05
Public Rack - Stony Is Ave & 73rd St,41.762265,-87.585469,3,9.117335549858909e-05
Kilbourn Ave & 49th St,41.80385,-87.73566,3,9.117335549858909e-05
Public Rack - California Ave & Touhy Ave - NW,42.012177,-87.699865,3,9.117335549858909e-05
Public Rack - Eli Whitney Public School,41.840249,-87.725472,3,9.117335549858909e-05
Public Rack - Nordica Ave & Higgins Ave,41.98012149,-87.80211339,3,9.117335549858909e-05
Public Rack - Richard Daley College,41.75486,-87.72364000000003,3,9.117335549858909e-05
Carpenter St & 63rd St,41.77987,-87.650919,3,9.117335549858909e-05
Public Rack - Montrose Ave & Lavergne Ave,41.960607,-87.7516346,3,9.117335549858909e-05
Public Rack - Kostner & Peterson,41.98993000000001,-87.73796700000001,3,9.117335549858909e-05
Public Rack - Legler Regional Library,41.879312,-87.725428,3,9.117335549858909e-05
Public Rack - Lynch & Elston,41.980931,-87.761302,3,9.117335549858909e-05
Public Rack - Oak Park & Higgins,41.97888799999999,-87.79623500000001,3,9.117335549858909e-05
California Blvd & 29th St,41.84024,-87.69413,3,9.117335549858909e-05
Public Rack - State St & 47th st,41.809085,-87.627384,3,9.117335549858909e-05
Avenue O & 134th St,41.65190268532079,-87.53955539376464,3,9.117335549858909e-05
Altgeld Gardens,41.65666552967373,-87.59880065917969,3,9.117335549858909e-05
Public Rack - Chase Ave & Touhy Ave - NE,42.014539,-87.69013590000002,3,9.117335549858909e-05
Public Rack - Newland Ave & Diversey Ave,41.93098,-87.79944,3,9.117335549858909e-05
Public Rack - Halsted St & 95th St - SE,41.721004,-87.643031,3,9.117335549858909e-05
Public Rack - Higgins Ave & Neva Ave,41.980602,-87.8060476,3,9.117335549858909e-05
Troy Ave & 27th St,41.84265,-87.70401000000001,3,9.117335549858909e-05
Public Rack - Milwaukee Ave & Sunnyside Ave,41.9625222,-87.7560059,3,9.117335549858909e-05
Public Rack - Central Ave & George St,41.9326579,-87.7662058,3,9.117335549858909e-05
Public Rack - 2302 S Pulaski Rd,41.849437,-87.724879,3,9.117335549858909e-05
Wentworth Ave & 104th St,41.705307996998194,-87.62921690940857,3,9.117335549858909e-05
Public Rack - Pulaski Rd & Stevens Ave,41.9910862,-87.729231,3,9.117335549858909e-05
Public Rack - Eberhart Ave & 61st St,41.783745,-87.612919,3,9.117335549858909e-05
Public Rack - Al Raby School,41.886167,-87.714711,3,9.117335549858909e-05
Public Rack - Ozanam Ave & Devon Ave,41.9969968,-87.8213419,3,9.117335549858909e-05
Public Rack - Chopin Park,41.942675,-87.76189899999999,3,9.117335549858909e-05
Public Rack - Kedzie Ave & Arthington St,41.8700949,-87.7062429,3,9.117335549858909e-05
Public Rack - St Louis Ave & Flournoy St,41.8727811,-87.7131562,3,9.117335549858909e-05
Komensky Ave & 55th St,41.79327899999999,-87.724189,3,9.117335549858909e-05
Public Rack - Mason Ave & Roosevelt Rd,41.865608,-87.77238900000002,3,9.117335549858909e-05
Public Rack - Laflin St &51st ST,41.801354,-87.662076,3,9.117335549858909e-05
Public Rack - Neenah & Archer,41.792142,-87.785406,3,9.117335549858909e-05
Public Rack - Plainfield Ave & Irving Park Rd,41.952133,-87.833817,3,9.117335549858909e-05
MTV Hubbard St,41.8897772,-87.68035100000002,3,9.117335549858909e-05
Public Rack - Linder Ave & Belmont Ave,41.938743,-87.763298,3,9.117335549858909e-05
Public Rack - Leclaire Ave & Division St,41.90205,-87.75304999999999,3,9.117335549858909e-05
Public Rack - Irving Park Rd & Austin Ave,41.953139,-87.777118,3,9.117335549858909e-05
Public Rack - Lawndale Ave & Polk St,41.8707651,-87.7183735,3,9.117335549858909e-05
Public Rack - Racine Ave & 76th,41.755786,-87.654054,3,9.117335549858909e-05
Public Rack - Linder Ave & Archer Ave,41.796004999999994,-87.75957500000001,3,9.117335549858909e-05
Public Rack - Lemont Ave & Keating Ave,41.9912674,-87.7469243,3,9.117335549858909e-05
Public Rack - Pulaski Rd & Roosevelt Rd,41.866103,-87.724463,3,9.117335549858909e-05
Parnell Ave & 127th St,41.66338,-87.63428999999998,3,9.117335549858909e-05
Public Rack - Vincennes Ave & 77th St,41.75702837,-87.56497151,3,9.117335549858909e-05
South Chicago Ave & Elliot Ave,41.747363,-87.580046,3,9.117335549858909e-05
Kildare Ave & 85th St (Kostner Ave & 87th St TEMPORARY),41.734928999999994,-87.73118700000002,3,9.117335549858909e-05
Public Rack - Garden Park,42.0294792,-87.66887049999998,3,9.117335549858909e-05
Public Rack - Nordica & Archer,41.792212,-87.797662,3,9.117335549858909e-05
Torrence Ave & 106th St,41.702800850225906,-87.55972623825073,3,9.117335549858909e-05
Public Rack - Ashland Ave & 73rd St,41.760817,-87.663499,3,9.117335549858909e-05
Public Rack - Western Ave & 110th St,41.69442,-87.681547,3,9.117335549858909e-05
Public Rack - Prairie Ave & Garfield Blvd S,41.794344,-87.619062,3,9.117335549858909e-05
Public Rack - Independence Blvd & Roosevelt,41.8662123,-87.7184969,3,9.117335549858909e-05
Public Rack - 63rd Pl & Narraganssett Ave,41.77658580000001,-87.78207529999999,3,9.117335549858909e-05
Public Rack - Pulaski & 84th,41.739387,-87.72137300000001,2,6.07822369990594e-05
Public Rack - Osceola Ave & Touhy Ave,42.0119181,-87.8126378,2,6.07822369990594e-05
Public Rack - Western Ave & 106th St - East,41.700576,-87.681294,2,6.07822369990594e-05
Public Rack - Kedvale Ave & Addison St,41.947174,-87.730837,2,6.07822369990594e-05
Lavergne Ave & Archer Ave,41.798159999999996,-87.74771999999997,2,6.07822369990594e-05
Public Rack - Neva & Foster,41.974849,-87.806023,2,6.07822369990594e-05
Public Rack - Lorel Ave & Grand Ave,41.9176685,-87.7595531,2,6.07822369990594e-05
Public Rack - Kilbourn Ave & Fullerton Ave,41.924447,-87.73998,2,6.07822369990594e-05
Public Rack - Bradley Park,41.718353,-87.564459,2,6.07822369990594e-05
Public Rack - Haft Ave & Milwaukee Ave,41.9955785,-87.7863994,2,6.07822369990594e-05
Public Rack - Normandy Ave & Archer Ave,41.7923026,-87.78878860000002,2,6.07822369990594e-05
Public Rack - Kostner & Bryn Mawr,41.982741,-87.737548,2,6.07822369990594e-05
Public Rack - East End Ave & 75th St,41.75893,-87.582861,2,6.07822369990594e-05
STAFF & VISITORS @ West Chicago Warehouse,41.894966,-87.73105200000002,2,6.07822369990594e-05
Public Rack - Minnehaha Ave & Devon Ave,41.997456,-87.7619125,2,6.07822369990594e-05
Shields Ave & 57th St,41.790759999999985,-87.6345,2,6.07822369990594e-05
Public Rack - Pulaski & 52nd,41.797244,-87.72337699999999,2,6.07822369990594e-05
Hamlin Ave & 62nd Pl,41.779914266666665,-87.7178257866667,2,6.07822369990594e-05
Public Rack - Northwest Hwy & Raven St,41.9927877,-87.799284,2,6.07822369990594e-05
Public Rack - Hamilton Ave & 95th St,41.720832,-87.676382,2,6.07822369990594e-05
Public Rack - Torrence Ave & 103rd St,41.70843,-87.56026,2,6.07822369990594e-05
Public Rack - Kedvale Ave & Peterson Ave,41.9902168,-87.7323063,2,6.07822369990594e-05
Avers Ave & 103rd St,41.70586299555556,-87.71709551133334,2,6.07822369990594e-05
Public Rack - Emil G Hirch Metropolitan High School,41.754442,-87.601745,2,6.07822369990594e-05
Public Rack - Ave N & 106th St,41.702616,-87.538744,2,6.07822369990594e-05
S Wentworth Ave & W 111th St,41.6926176,-87.6280518,2,6.07822369990594e-05
Cottage Grove Ave & 107th St,41.70015,-87.60793,2,6.07822369990594e-05
Public Rack - Parkside & Archer,41.795696,-87.763475,2,6.07822369990594e-05
Washington/Green (Washington Side) Corral,41.8831974,-87.6487729,2,6.07822369990594e-05
Public Rack - Oketo Ave & Belmont Ave,41.938117,-87.811862,2,6.07822369990594e-05
Public Rack - Kenton Ave & Palmer St,41.92067810000002,-87.74195230000001,2,6.07822369990594e-05
Public Rack - Kostner Ave & 16th St,41.8588018,-87.73430190000002,2,6.07822369990594e-05
Eggleston Ave & 92nd St,41.727575659299575,-87.63482809066771,2,6.07822369990594e-05
Menard Ave & North Ave,41.9097167,-87.77020369999998,2,6.07822369990594e-05
Michigan Ave & 114th St,41.687014794671185,-87.62105226516724,2,6.07822369990594e-05
Torrence Ave & 126th Pl,41.66631200825727,-87.55721569061278,2,6.07822369990594e-05
Mozart St & 79th St,41.74970199999999,-87.693917,2,6.07822369990594e-05
Public Rack - N Sayre Ave & W Belden Ave,41.921425,-87.800825,2,6.07822369990594e-05
Public Rack - Pulaski Rd & Polk St,41.8703637,-87.72525560000001,2,6.07822369990594e-05
Homan Ave & 65th St,41.77515741666667,-87.70812345833333,2,6.07822369990594e-05
Public Rack - Maplewood Ave & 63rd St,41.779343,-87.686763,2,6.07822369990594e-05
Public Rack - Racine Ave & 83rd St,41.743367,-87.653661,2,6.07822369990594e-05
Steelworkers Park Public Rack,41.73794800000001,-87.53083600000001,2,6.07822369990594e-05
Public Rack - Kedvale Ave & 26th St,41.844265,-87.728103,2,6.07822369990594e-05
Public Rack - Irving Park Rd & Melvina Ave,41.952869,-87.780728,2,6.07822369990594e-05
Public Rack - Cottage Grove & 84th St,41.741957000000006,-87.60483900000001,2,6.07822369990594e-05
Public Rack - Centennial Park South,42.046487899999995,-87.67323929999999,2,6.07822369990594e-05
Public Rack - Austin Ave & Wellington Ave,41.9352453,-87.776052,2,6.07822369990594e-05
Hastings St Depot Pillar,41.863605,-87.679764,2,6.07822369990594e-05
Public Rack - Cottage Grove Ave & 89th Pl,41.731767,-87.604899,2,6.07822369990594e-05
Public Rack - Wilbur Wright College South,41.95828,-87.78745,2,6.07822369990594e-05
Public Rack - S Menard & W 63rd,41.77707,-87.76664,2,6.07822369990594e-05
Public Rack - Laporte Ave & Armitage Ave,41.917047,-87.750008,2,6.07822369990594e-05
Public Rack - Menard Ave & Agusta Blvd,41.898333,-87.77050100000001,2,6.07822369990594e-05
Homewood Ave & 115th St,41.68459507202619,-87.67070800065994,2,6.07822369990594e-05
Commercial Ave & 130th St,41.65915042759774,-87.55076229572296,2,6.07822369990594e-05
Public Rack - Rockwell Ave & 71st St,41.764753,-87.688641,2,6.07822369990594e-05
Homan Ave & 77th St,41.75374,-87.70751,2,6.07822369990594e-05
Public Rack - Kostner Ave & Wrightwood Ave,41.92786,-87.735756,2,6.07822369990594e-05
Public Rack - Pulaski Rd & 15th St,41.8603966,-87.7250977,2,6.07822369990594e-05
Public Rack - S Kostner Ave & W 18th Pl,41.8551905,-87.7345547,2,6.07822369990594e-05
Public Rack - Houston Ave & 131st St,41.656961,-87.548521,2,6.07822369990594e-05
Public Rack - Orville T Bright School,41.700168,-87.562148,2,6.07822369990594e-05
Public Rack - Cicero Ave & Le Moyne St - midblock,41.906919,-87.74623,2,6.07822369990594e-05
Public Rack - Rockwell & 111th St,41.691359,-87.68572,2,6.07822369990594e-05
Public Rack - Bensley Ave & 103rd St,41.7084,-87.56319,2,6.07822369990594e-05
Public Rack - Lowe Ave & 98th St,41.715887,-87.639228,2,6.07822369990594e-05
Public Rack - Western Ave & 107th Pl,41.698022,-87.681175,2,6.07822369990594e-05
Public Rack - Western Ave & 105th St,41.702609,-87.68149200000002,2,6.07822369990594e-05
Fullerton & Monitor,41.9237918,-87.77231159999998,2,6.07822369990594e-05
Public Rack - Talman Ave & Pershing Rd,41.822592,-87.690725,2,6.07822369990594e-05
Public Rack - Pullman - Walmart,41.69696,-87.59829,2,6.07822369990594e-05
Public Rack - Sawyer Ave & 111th St,41.691411,-87.70229,2,6.07822369990594e-05
Public Rack - Homan Ave & 26th St,41.84456,-87.710058,2,6.07822369990594e-05
Major Taylor Trail & 124th St,41.66869635332247,-87.63711333274841,2,6.07822369990594e-05
Public Rack - Central Park Ave & 16th St,41.858938,-87.7157269,2,6.07822369990594e-05
Public Rack - Kedzie Ave & 64th St - SW,41.77703100000001,-87.70322300000001,2,6.07822369990594e-05
Public Rack - Ashland Ave & 76th St,41.75596,-87.66391,2,6.07822369990594e-05
Public Rack - Bell Ave & 95th St,41.721188,-87.678786,2,6.07822369990594e-05
Public Rack - Nina Ave & Avondale Ave,41.9911458,-87.7991043,2,6.07822369990594e-05
Public Rack - Neva Ave & Grand Ave,41.923604000000005,-87.804659,1,3.03911184995297e-05
Public Rack - Lawndale Ave & 63rd St,41.7787155,-87.7140552,1,3.03911184995297e-05
Public Rack - Clyde Ave & 87th St,41.73715,-87.57319,1,3.03911184995297e-05
Public Rack - Sawyer Ave & Chicago Ave,41.8954597,-87.70809330000002,1,3.03911184995297e-05
Public Rack - Western & 74th,41.759297,-87.683342,1,3.03911184995297e-05
Public Rack - Austin & Higgins,41.973152,-87.77791,1,3.03911184995297e-05
Public Rack - Leoti Ave & Central Ave (north),41.998262,-87.763663,1,3.03911184995297e-05
Public Rack - Indiana Ave & 111th St,41.692535,-87.617711,1,3.03911184995297e-05
Public Rack - Pulaski Rd & 5th Ave,41.8730082,-87.72525160000002,1,3.03911184995297e-05
Public Rack - Richmond St & Thorndale Ave,41.988931,-87.702785,1,3.03911184995297e-05
Public Rack - Keeler Ave & 26th St,41.844058,-87.729873,1,3.03911184995297e-05
Public Rack - Kedzie Ave & 61st Pl E,41.782281,-87.703047,1,3.03911184995297e-05
Public Rack - Throop St & 109th Pl,41.694944,-87.654377,1,3.03911184995297e-05
Public Rack - Kedzie Ave & Archer Ave,41.81359,-87.70477999999999,1,3.03911184995297e-05
Public Rack - Cottage Grove Ave & 75th St,41.758739,-87.605769,1,3.03911184995297e-05
Public Rack - Wentworth Ave & 103rd St,41.707257000000006,-87.627826,1,3.03911184995297e-05
Public Rack - 63rd St & Meade Ave,41.778672,-87.7748374,1,3.03911184995297e-05
Public Rack - Buffalo Ave & 133rd St,41.65428,-87.543539,1,3.03911184995297e-05
Public Rack - Mt Greenwood Library N,41.693027,-87.701054,1,3.03911184995297e-05
Public Rack - Talman Ave & 51st St,41.800908,-87.690802,1,3.03911184995297e-05
Public Rack - Mackinaw Ave & 108th St,41.699008,-87.54283300000002,1,3.03911184995297e-05
Public Rack - 63rd St and Nagle Ave,41.777601399999995,-87.7822158,1,3.03911184995297e-05
Laramie Ave & Augusta Blvd,41.89865,-87.75547,1,3.03911184995297e-05
Public Rack - Prairie Ave & 78th St,41.752229,-87.617995,1,3.03911184995297e-05
Public Rack - Parnell Ave & 98th St,41.715983,-87.637067,1,3.03911184995297e-05
Public Rack - Kedzie Ave & 60th St,41.785235,-87.703131,1,3.03911184995297e-05
Public Rack - Mozart & 79th,41.749713,-87.693932,1,3.03911184995297e-05
Public Rack - Eggleston Ave & 92nd St,41.726182,-87.63466,1,3.03911184995297e-05
Public Rack - Keeler Ave & 55th St,41.79304,-87.728214,1,3.03911184995297e-05
Public Rack - Mackinaw Ave & 106th St,41.702557,-87.542728,1,3.03911184995297e-05
Public Rack - Kedzie & 103rd St - East,41.705444,-87.701232,1,3.03911184995297e-05
Public Rack - Damen Ave & 47th St,41.808884,-87.67512999999998,1,3.03911184995297e-05
Public Rack - Burnham Shores Park,42.0403187,-87.6702221,1,3.03911184995297e-05
Public Rack - Baltimore Ave & 134th St,41.651419,-87.547321,1,3.03911184995297e-05
Public Rack - Hoyne Ave & 51st St,41.80100099999999,-87.67677300000001,1,3.03911184995297e-05
Francisco Ave & 85th St,41.73890200000002,-87.69551800000002,1,3.03911184995297e-05
Public Rack - Albany Ave & 103rd St,41.706747,-87.700047,1,3.03911184995297e-05
Public Rack - Pulaski Rd & 51st Rd,41.800111,-87.723537,1,3.03911184995297e-05
Public Rack - Cicero & Rosemont,41.995567,-87.74863999999998,1,3.03911184995297e-05
Public Rack - Kedzie Ave & 63rd St,41.778865,-87.703029,1,3.03911184995297e-05
Public Rack - Kedzie Ave & 62nd Pl,41.780148,-87.70333799999999,1,3.03911184995297e-05
Public Rack - Throop St & 58th St,41.788541,-87.65621,1,3.03911184995297e-05
Public Rack - Corliss Ave & 103rd St,41.707622,-87.60355,1,3.03911184995297e-05
Public Rack - Wabash Ave & 87th St,41.736063,-87.622952,1,3.03911184995297e-05
Public Rack - Kedzie Ave & 64th St - SE,41.776984999999996,-87.702916,1,3.03911184995297e-05
Public Rack - Ashland Ave & 91st St,41.728271,-87.662673,1,3.03911184995297e-05
Public Rack - Menard Ave & Adams Blvd,41.877684,-87.769356,1,3.03911184995297e-05
Public Rack - Albany Ave & 63rd St,41.778906,-87.70084,1,3.03911184995297e-05
Public Rack - Kedzie Ave & 54th St - SE,41.794326000000005,-87.703471,1,3.03911184995297e-05
Public Rack - Western Ave & 98th St,41.71525,-87.681698,1,3.03911184995297e-05
Public Rack - Northwest Hwy & Bryn Mawr,41.98300799999999,-87.78263399999999,1,3.03911184995297e-05
Public Rack - Oglesby Ave & 105th St,41.704672,-87.565519,1,3.03911184995297e-05
Public Rack - Roswell B. Mason Elementary School,41.8560219,-87.7298436,1,3.03911184995297e-05
Public Rack - Western Ave & 107th St,41.698728,-87.681558,1,3.03911184995297e-05
Public Rack - 63rd St and Natoma Ave,41.777927,-87.78757890000001,1,3.03911184995297e-05
Public Rack - Fullerton Ave & Lavergne Ave,41.92398,-87.75195,1,3.03911184995297e-05
Public Rack - Michele Clark Magnet High School,41.872849,-87.753432,1,3.03911184995297e-05
Public Rack - Loomis St & 87th St,41.735465,-87.657585,1,3.03911184995297e-05
Public Rack - Lighthouse Beach,42.0647467,-87.6757017,1,3.03911184995297e-05
Public Rack - Saginaw Ave & 93rd St,41.726199,-87.559252,1,3.03911184995297e-05
Public Rack - Dawes Park North,42.0447387,-87.6731301,1,3.03911184995297e-05
Public Rack - Mulligan Ave & 56th St,41.790399,-87.780044,1,3.03911184995297e-05
Public Rack - 63rd & Western Ave N,41.779334,-87.683768,1,3.03911184995297e-05
Public Rack - Harriet E Sayre Public School,41.913547,-87.79876,1,3.03911184995297e-05
Public Rack - Kedzie Ave & 61st Pl W,41.78201,-87.7034,1,3.03911184995297e-05
Public Rack - Lowe Ave & 94th St,41.724234,-87.639453,1,3.03911184995297e-05
Public Rack - Baltimore Ave & 132nd St,41.655201,-87.546942,1,3.03911184995297e-05
Public Rack - Cicero Ave & Altgeld St,41.925734,-87.746414,1,3.03911184995297e-05
Public Rack - Peterson Ave & Bernard Ave,41.990234,-87.715634,1,3.03911184995297e-05
Public Rack - Fairfield Ave & 63rd St,41.77926,-87.692703,1,3.03911184995297e-05
Public Rack - California & 82nd,41.745283,-87.692588,1,3.03911184995297e-05
Public Rack - Panama Ave & Forest Preserve Ave,41.943162,-87.82909,1,3.03911184995297e-05
Public Rack - Normal Ave & 111th St,41.692303,-87.635478,1,3.03911184995297e-05
Public Rack - 61st St & Melvina Ave,41.780658,-87.776651,1,3.03911184995297e-05
Public Rack - Homan Ave & 62nd Pl,41.779668,-87.707834,1,3.03911184995297e-05
Public Rack - Newcastle & Archer,41.792309,-87.79287900000001,1,3.03911184995297e-05
Lavergne Ave & 46th St,41.80934,-87.74783092093021,1,3.03911184995297e-05
Public Rack - Austin Blvd & North Ave,41.909281,-87.775613,1,3.03911184995297e-05
Public Rack - Wilbur Wright College North,41.95904,-87.78965999999998,1,3.03911184995297e-05
Public Rack - Halsted St & 95th St - SW,41.720964,-87.643447,1,3.03911184995297e-05
Public Rack - Ashland Ave & 46th St,41.810537,-87.665404,1,3.03911184995297e-05
Public Rack - Zapata Academy,41.841655,-87.734366,1,3.03911184995297e-05
Public Rack - Paxton Ave & 79th St,41.75167773,-87.57045748,1,3.03911184995297e-05
Public Rack - Chase Ave & Touhy Ave - NW,42.014271,-87.69040800000002,1,3.03911184995297e-05
Public Rack - Christiana Ave & 55th St,41.793307000000006,-87.707702,1,3.03911184995297e-05
Public Rack - Brooks Park,42.0044152,-87.8070628,1,3.03911184995297e-05
State St & 127th St,41.66387999999999,-87.622,1,3.03911184995297e-05
Public Rack - Trumbull Ave & 111th St,41.691596,-87.70739699999999,1,3.03911184995297e-05
State St & 123rd St,41.67064383687979,-87.62258648872375,1,3.03911184995297e-05
Public Rack - Newcastle Ave & Wellington Ave,41.934997,-87.795777,1,3.03911184995297e-05
Public Rack - Elizabeth St & 115th St,41.684942,-87.65266,1,3.03911184995297e-05
Public Rack - Hiawatha Park,41.944068,-87.827302,1,3.03911184995297e-05
Public Rack - Wentworth Ave & 79th St,41.750712,-87.629949,1,3.03911184995297e-05
Public Rack - New England Ave & Irving Park Rd,41.7985042,-87.7985042,1,3.03911184995297e-05
Public Rack - Ewing Ave & 106th St,41.7024928,-87.5351313,1,3.03911184995297e-05
Public Rack - Central Ave & Adams St,41.878264,-87.764886,1,3.03911184995297e-05
Public Rack - Vincennes Ave & 95th Pl,41.720562,-87.650971,1,3.03911184995297e-05
Public Rack - Strohacker Park,41.79482,-87.732112,1,3.03911184995297e-05
Public Rack - California Ave & Touhy Ave - SW,42.011867,-87.700407,1,3.03911184995297e-05
Public Rack - Ashland Ave & 83rd St,41.742715,-87.663551,1,3.03911184995297e-05
Public Rack - Irving Park Rd & Menard Ave,41.953233899999994,-87.7721894,1,3.03911184995297e-05
Public Rack - Halsted St & 102nd St,41.70794,-87.64317700000001,1,3.03911184995297e-05
Public Rack - The Montessori School of Englewood,41.76766,-87.66781,1,3.03911184995297e-05
Public Rack - Ewing Ave & 107th St,41.700378,-87.535276,1,3.03911184995297e-05
Public Rack - S. New England/ W. 65th,41.77391,-87.79348,1,3.03911184995297e-05
Public Rack - Central Park Ave & Ogden Ave,41.8543385,-87.7151584,1,3.03911184995297e-05
Public Rack - Sacramento & 71st,41.764396,-87.698106,1,3.03911184995297e-05
Public Rack - Marquette Ave & 79th St,41.75163,-87.558707,1,3.03911184995297e-05
Public Rack - W. Talcott & N. Oriole,41.990637,-87.816938,1,3.03911184995297e-05
Woodlawn Ave & 103rd St,41.70738,-87.59404,1,3.03911184995297e-05
Public Rack - Stony Island & 95th St,41.72228,-87.584943,1,3.03911184995297e-05
Public Rack - Wood St & 47th St,41.80864,-87.66997399999998,1,3.03911184995297e-05
Public Rack - Lawndale Ave & Roosevelt,41.866225,-87.717918,1,3.03911184995297e-05
Public Rack - Pulaski Rd & Flournoy St,41.8724252,-87.7253448,1,3.03911184995297e-05
Public Rack - Chappel Ave & 71st St,41.766366,-87.575287,1,3.03911184995297e-05
Public Rack - Kildare Ave & Washignton Blvd,41.88183800000001,-87.733661,1,3.03911184995297e-05
Public Rack - Pulaski Rd & 65th St,41.773551,-87.722805,1,3.03911184995297e-05
Eggleston Ave & 111th St,41.69254,-87.63374000000003,1,3.03911184995297e-05
Public Rack - Kedzie & 103rd St - W,41.705247,-87.701424,1,3.03911184995297e-05
Public Rack - Avenue J & 112th St,41.691844,-87.534181,1,3.03911184995297e-05
Public Rack - South Boulevard Beach,42.027305,-87.6683105,1,3.03911184995297e-05
Public Rack - Ewing Ave & 106th St NW,41.70287,-87.535861,1,3.03911184995297e-05
Public Rack - Elston Ave & Kenneth Ave,41.9676176,-87.7395673,1,3.03911184995297e-05
Public Rack - Homewood Ave & Monterey Ave,41.691691,-87.670161,1,3.03911184995297e-05
Public Rack - Langley Ave & 79th St,41.751103,-87.607432,1,3.03911184995297e-05
Public Rack - Austin & 62nd,41.77966,-87.771414,1,3.03911184995297e-05
Public Rack - Halsted St & 94th St,41.723442,-87.643612,1,3.03911184995297e-05
Public Rack - Burnside Academy,41.728525,-87.608231,1,3.03911184995297e-05
Public Rack - Ashland Ave & 45th St  S,41.811169,-87.66474,1,3.03911184995297e-05
Public Rack - Vincennes Ave & 99th St,41.712937,-87.653984,1,3.03911184995297e-05
Public Rack - Pulaski Rd & 41st,41.81791,-87.72413,1,3.03911184995297e-05
Public Rack - Cottage Grove & 85th St,41.740086,-87.604743,1,3.03911184995297e-05
Rainbow - Beach,41.75787096522547,-87.54917675279042,1,3.03911184995297e-05
Public Rack - Sayre Ave & 59th St,41.7846778,-87.7958126,1,3.03911184995297e-05
Public Rack - Lamon Ave & Archer Ave,41.79823,-87.744952,1,3.03911184995297e-05
Public Rack - Western Ave & 111th St - SE,41.691665,-87.681022,1,3.03911184995297e-05
Public Rack - Avenue J & 106th St,41.70261,-87.533531,1,3.03911184995297e-05
Public Rack - Karlov Ave & 26th St,41.844287,-87.727078,1,3.03911184995297e-05
Public Rack - Northwest Hwy & Overhill Ave,42.0114922,-87.8126378,1,3.03911184995297e-05
Public Rack - May St & 63rd St,41.77977,-87.652943,1,3.03911184995297e-05
Public Rack - 85th Pl & Pulaski Rd,41.737389,-87.721334,1,3.03911184995297e-05
Public Rack - Vincennes Ave & 91st St,41.728122,-87.648524,1,3.03911184995297e-05
Public Rack - Harvey Ave & North Ave,41.909264,-87.782265,1,3.03911184995297e-05
Ada St & 113th Pl,41.68759,-87.65540999999999,1,3.03911184995297e-05
Public Rack - Newcastle Ave & Belden Ave,41.921017,-87.797388,1,3.03911184995297e-05
Public Rack - Calumet Ave & 71st St,41.765537,-87.617305,1,3.03911184995297e-05
Public Rack - Midway Orange Line,41.78589399999999,-87.73803099999999,1,3.03911184995297e-05
Public Rack - Western & 83rd,41.74385,-87.682864,1,3.03911184995297e-05
Public Rack - Komensky Ave & 26th St,41.844168,-87.726317,1,3.03911184995297e-05
Public Rack - Vincennes Ave & 87th St,41.735607,-87.645345,1,3.03911184995297e-05
Public Rack - California Ave & Touhy Ave - midblock,42.012207,-87.700474,1,3.03911184995297e-05
Public Rack - Piotrowski Park,41.836682,-87.73083,1,3.03911184995297e-05
Public Rack - Franklin Park,41.861493,-87.733404,1,3.03911184995297e-05
Public Rack - Ewing Ave & 95th St,41.722376,-87.5358299,1,3.03911184995297e-05
Aberdeen St & 106th St,41.70121,-87.64934,1,3.03911184995297e-05
Public Rack - Holbrook St & Milwaukee Ave,41.992273,-87.783303,1,3.03911184995297e-05
Public Rack - Pulaski & 74th,41.757262,-87.722366,1,3.03911184995297e-05
Public Rack - Marshfield Ave & 45th St,41.812343,-87.666239,1,3.03911184995297e-05
Public Rack - Ingleside Ave & 79th St,41.751448,-87.601136,1,3.03911184995297e-05
Public Rack - Racine Ave & 109th Pl,41.694835,-87.653041,1,3.03911184995297e-05
Public Rack - Harlem and W. 59th,41.78495,-87.8011,1,3.03911184995297e-05
Public Rack - Oakley & 79th Pl,41.749095,-87.679637,1,3.03911184995297e-05
Public Rack - Exchange Ave & 131st St,41.65717,-87.552594,1,3.03911184995297e-05
Public Rack - Central Ave & Congress Pkwy,41.87369,-87.764746,1,3.03911184995297e-05
Public Rack - Avenue O & 118th St,41.681136,-87.54029,1,3.03911184995297e-05
Public Rack - Jeffery Blvd & 81st St,41.74927751,-87.57585394,1,3.03911184995297e-05
Public Rack - Menard Ave & Dakin St - midblock,41.951732,-87.772005,1,3.03911184995297e-05
Public Rack - Jeffery Blvd & 83rd St,41.744345,-87.575043,1,3.03911184995297e-05
Public Rack - Buffalo Ave & 89th St,41.73341,-87.54454,1,3.03911184995297e-05
"Public Rack - Senka ""Edward Duke"" Park",41.790565,-87.710992,1,3.03911184995297e-05
Public Rack - Cottage Grove Ave & 98th St,41.716172,-87.60435,1,3.03911184995297e-05
Public Rack - Walden Pkwy & 99th St,41.71397,-87.667798,1,3.03911184995297e-05
Public Rack - Wolcott Ave & 56th St,41.791198,-87.671949,0,0.0
Public Rack - Lake Park Ave & 44th St,41.814697,-87.598006,0,0.0
Public Rack - Octavia Ave & Touhy Ave,42.01173846,-87.80832137,0,0.0
Public Rack - Wolcott Ave & 61st St,41.782378,-87.671719,0,0.0
Public Rack - Western & 79th,41.750806,-87.682722,0,0.0
S Aberdeen St & W 106th St,41.701217,-87.649345,0,0.0
Public Rack - Pulaski Rd & 85th St,41.7381,-87.721721,0,0.0
Public Rack - Peoria St & 60th St,41.784872,-87.647482,0,0.0
Public Rack - Western Ave & 116th St,41.6824,-87.681048,0,0.0
Public Rack - Halsted St & 41st St,41.820147,-87.64568,0,0.0
Lavergne Ave & 44th St,41.81311,-87.74868999999998,0,0.0
Public Rack - McVicker & 52nd,41.797981,-87.773241,0,0.0
Public Rack - Michigan Ave & 119th St,41.677934,-87.620754,0,0.0
Stewart Ave & 123rd St,41.67060000000001,-87.63244,0,0.0
Public Rack - Ewing Ave & 101st St,41.7117328,-87.5350591,0,0.0
Public Rack - Prairie Ave & 85th St,41.739986,-87.617645,0,0.0
Public Rack - Cottage Grove Ave & 111th St,41.692645,-87.609758,0,0.0
Public Rack - Leader & Caldwell,41.991496,-87.75444699999998,0,0.0
Public Rack - Lafayette Ave & 119th St,41.677853,-87.623447,0,0.0
Public Rack - Kolin Ave & Archer Ave,41.800514,-87.731802,0,0.0
Public Rack - Percy Julian HS,41.705999,-87.65381,0,0.0
Public Rack - Elliott Park,42.0377042,-87.6701174,0,0.0
Marmora Ave & Belmont Ave (temporary),41.938251,-87.778601,0,0.0
Public Rack - Western Ave & 118th St,41.678349,-87.680919,0,0.0
Public Rack - Colfax Ave & 83rd St,41.744818,-87.561055,0,0.0
Public Rack - Menard Ave & Grand Ave,41.9197904,-87.7709818,0,0.0
Public Rack - Cicero Ave & Wellington Ave,41.935779,-87.746581,0,0.0
Public Rack - Torrence Ave  & 106th St,41.702566,-87.559923,0,0.0
Public Rack - Western Blvd & 53rd St,41.796775,-87.683362,0,0.0
Public Rack - Michigan Ave & 96th St,41.718957,-87.62067,0,0.0
Public Rack - Austin Branch Chicago Public Library,41.889161,-87.765738,0,0.0
Public Rack - Rhodes Ave & 79th St,41.751058,-87.611439,0,0.0
Steelworkers Park (Updated),41.737948,-87.53083599999998,0,0.0
Kedzie Ave & 104th St,41.70378981538462,-87.70138436923077,0,0.0
Public Rack - Western Ave & 111th St - NW,41.69197,-87.681659,0,0.0
Public Rack - Northwest Hwy & Highland Ave,41.995867,-87.805223,0,0.0
Public Rack - Western Ave & 111th St - SW,41.69161,-87.681523,0,0.0
Public Rack - Western Ave & 100th St,41.711666,-87.681963,0,0.0
Public Rack - Eberhart Ave & 131st St,41.65759,-87.610713,0,0.0
Public Rack - Damen & 87th,41.736037,-87.672691,0,0.0
Public Rack - Roscoe St & Osceola Ave,41.942201,-87.813168,0,0.0
Public Rack - Wood St & 103rd St,41.706498,-87.667091,0,0.0
Public Rack - May St & 87th St,41.73556,-87.651701,0,0.0
Public Rack - Christiana Ave & Archer Ave,41.81175,-87.707577,0,0.0
Public Rack - 53rd St & Indiana Ave,41.798015,-87.620745,0,0.0
Public Rack - California & 87th,41.73569,-87.69217199999999,0,0.0
Perry St & 119th St,41.67785,-87.62519000000002,0,0.0
Public Rack - Cornell Ave & 87th Pl,41.73688127,-87.58314552,0,0.0
Public Rack - Aida Food Market,41.749896,-87.643693,0,0.0
Public Rack - Stewart Ave & 123rd St,41.670563,-87.632188,0,0.0
Public Rack - Throop St & 48t ST,41.806999,-87.657942,0,0.0
Public Rack - Kedzie Ave & Pershing Rd,41.822897,-87.704154,0,0.0
Public Rack - Normandy Ave & Raven St,41.993871,-87.792536,0,0.0
Public Rack - Mobile Ave & Archer Ave,41.7929013,-87.7802444,0,0.0
Public Rack - Ada St & 119th St,41.677326,-87.654473,0,0.0
Public Rack - Wrightwood Metra Station,41.74891,-87.7037,0,0.0
Public Rack - Devon Ave & Minnehaha Ave (west),41.997384,-87.763064,0,0.0
Public Rack - King Dr & 71st St,41.765862,-87.61478700000002,0,0.0
Public Rack - Abbott Park,41.721696,-87.622278,0,0.0
Public Rack - St Louis & 83rd,41.742321,-87.70967,0,0.0
Public Rack - Calumet Ave & 103rd St,41.707061,-87.615309,0,0.0
Public Rack - Pullman Community Center,41.70428,-87.59313,0,0.0
Public Rack - Ashburn Metra ,41.7412,-87.71312,0,0.0
Public Rack - Crandon Ave & 80th St,41.749519,-87.568831,0,0.0
Public Rack - Langley Ave & 105th Pl,41.702472,-87.606477,0,0.0
Public Rack - Princeton Ave & 43rd St,41.81588299999999,-87.633718,0,0.0
Public Rack - Avers Ave & Archer Ave,41.804487,-87.719584,0,0.0
Kostner & 87th,41.734929,-87.731187,0,0.0
Public Rack - May St & 78th St,41.752451,-87.652969,0,0.0
Public Rack - Parnell Ave & 119th St,41.67711,-87.635677,0,0.0
Public Rack - Champlain Ave & 134th St,41.657379,-87.606444,0,0.0
Public Rack - Marshfield Ave & 87th St,41.735527,-87.663867,0,0.0
S Michigan Ave & E 118th St,41.679804,-87.620843,0,0.0
Public Rack - Mason Ave & Archer Ave,41.794199,-87.771388,0,0.0
Public Rack - Pullman - Planet Fitness,41.69782,-87.59779,0,0.0
Public Rack - Ewing Ave & 99th St,41.715961400000005,-87.5351111,0,0.0
Public Rack - Laramie Ave & Warwick Ave,41.948812,-87.75713,0,0.0
Halsted St & 123rd St,41.67096,-87.64154000000002,0,0.0
Public Rack - Meade Ave & Archer Ave,41.79405,-87.774078,0,0.0
Public Rack - Western Ave & 106th St - West,41.701379,-87.681826,0,0.0
Public Rack - Hale Ave & 111th St,41.691801,-87.671351,0,0.0
Public Rack - Morgan St & 87th St,41.73577,-87.648133,0,0.0
Public Rack - Springfield & 71st,41.764196,-87.720111,0,0.0
Public Rack - Halsted St & 80th St,41.748175,-87.644238,0,0.0
Ada St & 113th Place,41.68759,-87.65541,0,0.0
Woodlawn & 103rd,41.707338,-87.59399,0,0.0
Public Rack - Cottage Grove Ave & 87th St,41.736448,-87.60616,0,0.0
Public Rack - Columbus & 79th,41.749218,-87.704409,0,0.0
Public Rack - West Chatham Park,41.745834,-87.631562,0,0.0
Public Rack - 83rd St (Avalon Park) Metra,41.743916,-87.598786,0,0.0
Public Rack - Pulaski Rd & 40th St,41.81864,-87.72428,0,0.0
Public Rack - Michigan Ave & 113th St,41.688872,-87.620879,0,0.0
Public Rack - Mt Greenwood Library - South,41.692883,-87.701048,0,0.0
Ave H & 110th St,41.69553,-87.53304,0,0.0
Public Rack - Kenneth Ave & 63rd St E,41.778411,-87.733387,0,0.0
Public Rack - Rutherford & 53rd,41.795118,-87.790519,0,0.0
Michigan Ave & 118th St,41.67982,-87.62075,0,0.0
Public Rack - Damen & 81st,41.746488,-87.673132,0,0.0
Public Rack - Devon Ave & Minnehaha Ave (east),41.9974341,-87.7628164,0,0.0
Public Rack - Spencer Elementary Technology Academy,41.884655,-87.750498,0,0.0
Public Rack - 10557 S Western Ave,41.701719,-87.68128,0,0.0
Public Rack - Mason & Archer,41.79456,-87.77092,0,0.0
Public Rack - Stony Island Ave & 86th St,41.738473,-87.585851,0,0.0
WEST - CHI - CASSETTE REPAIR,41.894927987005616,-87.73085214477966,0,0.0
Public Rack - Laflin St & 51st St,41.801354,-87.662076,0,0.0
Sacramento Ave & Polk St,41.87096,-87.7003,0,0.0
Public Rack - Austin Ave & Archer Ave,41.794209,-87.7716154,0,0.0
Public Rack - Nordica Ave & Addison St,41.945428,-87.803458,0,0.0
Public Rack - Keef Ave & South Chicago Ave,41.7707,-87.611706,0,0.0
Public Rack - Back of the Yards Park,41.804381,-87.657742,0,0.0
Public Rack - Green St & 103rd St,41.70665,-87.643422,0,0.0
Public Rack - Linder & 51st,41.799981,-87.759999,0,0.0
Public Rack - Ashland Ave & 74th St,41.759735,-87.663736,0,0.0
Public Rack - New England Ave & Grace St,41.949269,-87.798395,0,0.0
Public Rack - Halsted St & 113th St,41.68851,-87.642512,0,0.0
Public Rack - Avenue M & 132nd St,41.655692,-87.537595,0,0.0
Public Rack - Laflin St & 79th St,41.750326,-87.66168,0,0.0
Public Rack - Pullman - Ross Dress for Less,41.69868,-87.597,0,0.0
Public Rack - Devon Ave & Kinzua Ave,41.997459,-87.76455600000001,0,0.0
Public Rack - Western Ave & 104th St - West,41.703952,-87.68195299999998,0,0.0
Public Rack - Washtenaw Ave & 63rd St,41.77924,-87.691116,0,0.0
Eggleston Ave & 115th St,41.68507,-87.63361,0,0.0
Public Rack - Kedvale Ave & 63rd St E,41.778768,-87.725957,0,0.0
Public Rack - Western Ave & 79th St,41.750057,-87.682777,0,0.0
Public Rack - Kildare Ave & 63rd St,41.778442,-87.73047,0,0.0
Public Rack - Artesian & 71st,41.764748,-87.684669,0,0.0
Public Rack - Longwood Dr & 111th St,41.69163,-87.671782,0,0.0
Public Rack - 56th St & Mulligan Ave,41.7905068,-87.7799326,0,0.0
Public Rack - Halsted St & 111th St,41.691838,-87.642747,0,0.0
Public Rack - East End Ave & 87th St,41.737054,-87.583998,0,0.0
Kildare Ave & 85th St,41.734929,-87.73118700000002,0,0.0
Public Rack - Ashland Ave & 45th St,41.811958,-87.664862,0,0.0
Public Rack - Harvard Ave & 119th St,41.678227,-87.630775,0,0.0
Public Rack - Clark Square Park,42.0321198,-87.6699877,0,0.0
Public Rack - Ewing Ave & 102nd St,41.709948,-87.535365,0,0.0
Public Rack - Ewing Ave & 112th St,41.691979,-87.534912,0,0.0
Public Rack - Halsted St & 109th St,41.695655,-87.642804,0,0.0
