end_station_name,end_lat,end_lng,casual_stops,percent_of_casual_stops
Navy Pier,41.89227800000526,-87.61204299999201,47271,2.637858240579636
DuSable Lake Shore Dr & Monroe St,41.88095800358492,-87.61674300022916,34310,1.9145970306168116
Michigan Ave & Oak St,41.900960389998815,-87.62377663999453,26848,1.4981958926843533
DuSable Lake Shore Dr & North Blvd,41.91172200134343,-87.62680400103369,26339,1.4697922235329701
Millennium Park,41.88103170000167,-87.62408431999853,22144,1.23569911530104
Theater on the Lake,41.92627699999936,-87.63083400000582,20619,1.1505997136195873
Shedd Aquarium,41.86722596134908,-87.61535540232808,17160,0.9575775297401483
Streeter Dr & Grand Ave,41.89227800480956,-87.61204300265348,15474,0.8634938633565882
Dusable Harbor,41.88697599499188,-87.61281299956639,15229,0.8498221562012074
Montrose Harbor,41.963982000000705,-87.63818099999831,12344,0.6888308290858036
Clark St & Lincoln Ave,41.915688999999404,-87.63459999999692,11384,0.6352600581912499
Michigan Ave & Washington St,41.88398406451349,-87.62468397213563,10923,0.6095349275845944
Michigan Ave & 8th St,41.8727729706987,-87.62398098946309,10838,0.6047916822449724
Clark St & Armitage Ave,41.91830579135754,-87.63628186217309,10745,0.5996020138145626
Wabash Ave & Grand Ave,41.89146605361787,-87.62676097865152,10692,0.5966444608380924
Adler Planetarium,41.86609500000031,-87.60726700000185,10623,0.5927940616800463
Wells St & Concord Ln,41.91213300000129,-87.63465600000175,10494,0.5855954893410907
Michigan Ave & Lake St,41.88602199999992,-87.62439800000261,9704,0.5415112091257809
Indiana Ave & Roosevelt Rd,41.867888009712296,-87.6230410029612,9693,0.5408973773759475
DuSable Lake Shore Dr & Diversey Pkwy,41.93258799999888,-87.63642699999646,9563,0.5336430021506433
Wells St & Elm St,41.903221999998586,-87.63432400000045,9105,0.5080852802030332
McClurg Ct & Ohio St,41.892592108453336,-87.61728912217842,9069,0.5060763762944874
New St & Illinois St,41.89084704062238,-87.61861681938171,8968,0.5004402847732896
LaSalle St & Illinois St,41.89076199999954,-87.63169700000185,8771,0.4894471161626364
Field Museum,41.86531200000067,-87.61786699999813,8698,0.48537350545919633
Dearborn St & Erie St,41.89391647130042,-87.62961805771275,8519,0.475384788802816
Clark St & Elm St,41.90297227388709,-87.63131098981627,8455,0.47181340407651245
DuSable Lake Shore Dr & Belmont Ave,41.94077499999931,-87.63919200000157,8442,0.47108796655398205
Lincoln Park Conservatory,41.923931311365344,-87.63582453131676,8377,0.4674607789413299
Canal St & Madison St,41.88240900000064,-87.63976699999496,7932,0.44262849451625036
State St & Chicago Ave,41.89661720040817,-87.62857854366302,7901,0.4408986050394471
Dearborn Pkwy & Delaware Pl,41.89896900000116,-87.6299120000013,7836,0.437271417426795
Michigan Ave & Jackson Blvd,41.87854910343883,-87.62414615751602,7758,0.43291879229161245
Wilton Ave & Belmont Ave,41.94023191810946,-87.65294373035431,7513,0.4192470851362316
DuSable Lake Shore Dr & Wellington Ave,41.936688449499655,-87.63682901859283,7474,0.41707077256864034
Wells St & Huron St,41.89479530000098,-87.63437430000143,7441,0.41522927731914006
Wells St & Hubbard St,41.88990599999818,-87.63426600000153,7095,0.3959214786425613
Fairbanks Ct & Grand Ave,41.89184737211117,-87.62058019638062,7093,0.39580987286986435
Clark St & Newport St,41.94453999999867,-87.65467800000052,6932,0.3868256081677569
Columbus Dr & Randolph St,41.884728000001026,-87.61952099999907,6927,0.3865465937360144
Clinton St & Madison St,41.88238470425045,-87.64117673954094,6784,0.3785667809881798
Wabash Ave & Roosevelt Rd,41.86722699999974,-87.6259610000016,6684,0.3729864923533305
Lakefront Trail & Bryn Mawr Ave,41.984044115191914,-87.65228122472763,6632,0.3700847422632088
Broadway & Barry Ave,41.937582316007465,-87.6440978050232,6382,0.35613402067608546
Broadway & Cornelia Ave,41.94552899999947,-87.64643899999957,6345,0.35406931388119117
Clinton St & Jackson Blvd,41.87831661956822,-87.64098109028036,6316,0.3524510301770849
Mies van der Rohe Way & Chestnut St,41.898586651399455,-87.6219152258005,6312,0.3522278186316909
Kingsbury St & Kinzie St,41.88917054642348,-87.63849660600513,6283,0.3506095349275846
Larrabee St & Webster Ave,41.92182199999925,-87.64413999999995,6277,0.35027471760949364
Lakeview Ave & Fullerton Pkwy,41.92585801357983,-87.6389730017548,6226,0.3474287704057205
Wells St & Evergreen Ave,41.906724488826534,-87.63482999972642,6197,0.3458104867016142
Desplaines St & Kinzie St,41.88871603600006,-87.64444785329992,6030,0.33649140468141575
Sheffield Ave & Waveland Ave,41.9493989999999,-87.65452900000079,6020,0.3359333758179308
Pine Grove Ave & Waveland Ave,41.94947274088356,-87.64645278453827,6016,0.33571016427253686
Southport Ave & Waveland Ave,41.948225999999636,-87.66407119999926,6005,0.3350963325227034
Damen Ave & Pierce Ave,41.90930279513451,-87.67770096419588,5931,0.3309669189329149
Broadway & Waveland Ave,41.94907399999991,-87.6486359999989,5906,0.3295718467742026
Clark St & Wrightwood Ave,41.929545999999526,-87.64311800000313,5897,0.32906962079706614
Field Blvd & South Water St,41.88634906269108,-87.61751654710031,5755,0.32114561093558003
Halsted St & Clybourn Ave,41.909667999999236,-87.648128,5749,0.32081079361748904
Clark St & Lake St,41.886020742632674,-87.63087543554322,5734,0.31997375032226166
State St & Randolph St,41.884621072579534,-87.62783423066139,5709,0.31857867816354934
State St & Kinzie St,41.88937546663277,-87.62707650661469,5663,0.3160117453915186
Halsted St & Roscoe St,41.943669999999315,-87.64895000000145,5654,0.31550951941438216
Green St & Madison St,41.881859328039404,-87.64926373958588,5629,0.31411444725566984
Southport Ave & Roscoe St,41.94373899999948,-87.66401999999783,5588,0.3118265289153816
Sheffield Ave & Fullerton Ave,41.92561629999973,-87.65365739999949,5566,0.3105988654157148
Sheffield Ave & Wrightwood Ave,41.928711999999955,-87.65383299999937,5512,0.3075855095528961
Clark St & North Ave,41.911974000000164,-87.6319420000016,5511,0.30752970666654766
Clark St & Schiller St,41.90799300000054,-87.63150099999919,5501,0.3069716778030627
Lincoln Ave & Fullerton Ave,41.92416102906711,-87.64638036489487,5433,0.30317708153136513
Orleans St & Merchandise Mart Plaza,41.88824299999944,-87.6363899999997,5383,0.30038693721394044
Rush St & Cedar St,41.9023087012189,-87.62769052799821,5317,0.2967039467149399
St. Clair St & Erie St,41.8943477849261,-87.62280135667535,5226,0.291625884057227
University Ave & 57th St,41.79147800282578,-87.59986052955227,5222,0.291402672511833
Clark St & Winnemac Ave,41.97334764047299,-87.6678554713726,5206,0.2905098263302571
Burnham Harbor,41.85741178707395,-87.61379152536392,5183,0.28922635994424173
Ravenswood Ave & Lawrence Ave,41.968445,-87.67422600000161,5151,0.28744066758109
Clinton St & Washington Blvd,41.88324889514108,-87.64117694195338,5130,0.28626880696777157
Rush St & Superior St,41.89576474564038,-87.6259080327,5081,0.2835344655366954
Halsted St & Wrightwood Ave,41.929143000000614,-87.64907699999962,5068,0.282809028014165
Cityfront Plaza Dr & Pioneer Ct,41.8905729999998,-87.62207199999877,5050,0.2818045760598921
Shore Dr & 55th St,41.79521199999973,-87.58071499999929,5046,0.28158136451449817
Federal St & Polk St,41.872077632850164,-87.62954377289886,5045,0.2815255616281496
Michigan Ave & Ida B Wells Dr,41.876202999999826,-87.62446399999966,5040,0.2812465471964072
Sheffield Ave & Wellington Ave,41.9362534840416,-87.65266209706002,5025,0.28040950390117975
Lakefront Trail & Wilson Ave,41.9668558999992,-87.64309260000105,5007,0.2794050519469069
Wabash Ave & 9th St,41.87076900000045,-87.62573400000076,4945,0.2759452729933003
McCormick Place,41.85137517290012,-87.61883464890015,4937,0.2754988499025124
Franklin St & Jackson Blvd,41.877707955899574,-87.63532114080076,4918,0.274438595061891
Pine Grove Ave & Irving Park Rd,41.954364316768896,-87.6479284226461,4912,0.2741037777438
Stockton Dr & Wrightwood Ave,41.93132000000123,-87.63874200000038,4861,0.2712578305400269
Clark St & Grace St,41.950779999999455,-87.65917199999971,4813,0.2685792919952992
Daley Center Plaza,41.88424088150609,-87.6296335105294,4762,0.265733344791526
Sheffield Ave & Webster Ave,41.9215400000006,-87.65381800000138,4741,0.26456148417820763
Clark St & Drummond Pl,41.93124799999977,-87.64433599999869,4689,0.26165973408808596
Southport Ave & Wellington Ave,41.93577461766388,-87.66360014677048,4652,0.2595950272931917
Broadway & Belmont Ave,41.940106003638924,-87.64545100451758,4605,0.25697229163481256
Wabash Ave & Wacker Pl,41.886874999999044,-87.62603000000009,4587,0.25596783968053965
LaSalle Dr & Huron St,41.894876999999575,-87.63232600000025,4581,0.25563302236244867
Clark St & Berwyn Ave,41.97802373714628,-87.66817962068463,4569,0.25496338772626675
Canal St & Adams St,41.87925509174552,-87.63990406072244,4551,0.2539589357719939
Buckingham Fountain,41.87001149787571,-87.62374941776824,4542,0.25345670979485746
Kingsbury St & Erie St,41.89391390000116,-87.64173580000123,4541,0.25340090690850897
Mies van der Rohe Way & Chicago Ave,41.89694462637085,-87.62175768613815,4532,0.2528986809313725
Sheridan Rd & Irving Park Rd,41.954245000000626,-87.65440599999984,4526,0.25256386361328154
Sedgwick St & North Ave,41.91098300000026,-87.63852499999975,4509,0.2516152145453571
Franklin St & Illinois St,41.89102331166078,-87.63547987248363,4500,0.25111298856822073
Milwaukee Ave & Grand Ave,41.89157800000027,-87.64838400000004,4488,0.25044335393203876
Clarendon Ave & Junior Ter,41.96100399999948,-87.64960299999913,4410,0.2460907287968563
Clark St & Wellington Ave,41.9364968219008,-87.64753865820124,4375,0.24413762777465903
Kedzie Ave & Milwaukee Ave,41.92932968711863,-87.70801076540234,4332,0.2417381036616738
Clinton St & Lake St,41.885636999999534,-87.64182300000095,4332,0.2417381036616738
Wells St & Randolph St,41.88429500000012,-87.63396300000021,4320,0.2410684690254919
Ellis Ave & 60th St,41.78509714636018,-87.60107276059883,4305,0.2402314257302645
Wilton Ave & Diversey Pkwy,41.93241799194663,-87.65270499668672,4283,0.2390037622305976
Ellis Ave & 55th St,41.7943006205395,-87.60144977340316,4268,0.2381667189353702
Halsted St & Dickens Ave,41.91993599999949,-87.64883000000029,4257,0.2375528871855368
Michigan Ave & Pearson St,41.89765999999997,-87.62351000000012,4241,0.2366600410039609
Wentworth Ave & Cermak Rd*,41.85321441851991,-87.63187229633331,4227,0.23587880059508198
Damen Ave & Cortland St,41.91598299999962,-87.67733499999896,4200,0.2343721226636727
Sedgwick St & Webster Ave,41.92216699999944,-87.63888800000083,4186,0.23359088225479377
Clarendon Ave & Gordon Ter,41.9578665241522,-87.64950513839722,4151,0.23163778123259648
California Ave & Milwaukee Ave,41.9226950000003,-87.69715300000051,4110,0.22934986289230827
Racine Ave & Belmont Ave,41.93974300000006,-87.65886500000097,4088,0.2281221993926414
Halsted St & Fulton St,41.886821949745034,-87.64782945593413,4060,0.22655971857488358
Broadway & Sheridan Rd,41.95283300000122,-87.64999299999918,4029,0.22482982909808025
McClurg Ct & Erie St,41.89450300000066,-87.61785399999886,4009,0.22371377137111037
Wells St & Walton St,41.89993000999875,-87.63443007000019,3994,0.222876728075883
Ritchie Ct & Banks St,41.90686599999964,-87.62621699999876,3991,0.22270931941683753
Aberdeen St & Jackson Blvd,41.877726129999196,-87.65478742999963,3983,0.22226289632604956
Sheffield Ave & Addison St ,41.94701699999931,-87.65441800000058,3978,0.2219838818943071
Dayton St & North Ave,41.91057803489979,-87.64942192879973,3912,0.21830089139530653
Kimbark Ave & 53rd St,41.7994548999996,-87.59477789999904,3898,0.21751965098642762
Sheridan Rd & Montrose Ave,41.96166999999991,-87.65463999999875,3884,0.2167384105775487
Peoria St & Jackson Blvd,41.877640826429804,-87.6496175835714,3854,0.21506432398709388
Stetson Ave & South Water St,41.88683499999967,-87.62231999999928,3846,0.21461790089630597
Michigan Ave & 14th St,41.86405899999963,-87.62372699999884,3843,0.21445049223726048
Damen Ave & Chicago Ave,41.89568737053388,-87.67713508286393,3798,0.21193936235157826
Michigan Ave & 18th St,41.8579259999999,-87.62433599999962,3783,0.21110231905635085
Milwaukee Ave & The 606,41.91375399999988,-87.68266580000147,3721,0.20764254010274427
Elston Ave & Cortland St,41.91643342912698,-87.66674637794495,3682,0.20546622753515303
Lincoln Ave & Diversey Pkwy,41.9322250005374,-87.65861701292478,3677,0.20518721310341057
Franklin St & Monroe St,41.88031622457702,-87.63518444612666,3675,0.2050756073307136
Wells St & Polk St,41.872731542263374,-87.63351649045944,3670,0.20479659289897112
Honore St & Division St,41.90311900000021,-87.67393499999928,3648,0.20356892939930424
Griffin Museum of Science and Industry,41.79172820952982,-87.58394500899946,3626,0.2023412658996374
Bissell St & Armitage Ave*,41.918295562936116,-87.65218332409859,3625,0.20228546301328892
Aberdeen St & Randolph St,41.88411415522956,-87.65426401895233,3619,0.2019506456951979
Calumet Ave & 18th St,41.85761755293764,-87.61941075325012,3602,0.20100199662727355
Clark St & Chicago Ave,41.89674999999989,-87.63089000000032,3565,0.1989372898323793
Sangamon St & Lake St,41.88577925240472,-87.65102460980414,3563,0.1988256840596823
Sheffield Ave & Kingsbury St,41.910521999999574,-87.65310600000008,3506,0.19564491953781818
Cannon Dr & Fullerton Ave,41.92675598750035,-87.6344287847993,3448,0.19240835212960555
Sedgwick St & Huron St,41.894666,-87.63843700000061,3428,0.19129229440263568
Wabash Ave & Adams St,41.87947235235006,-87.6256886058995,3399,0.18967401069852938
Rush St & Hubbard St,41.89017300000014,-87.62618500000053,3398,0.1896182078121809
Franklin St & Chicago Ave,41.896789999999584,-87.6356399999988,3396,0.18950660203948388
Franklin St & Adams St ,41.87943409140056,-87.63550400733948,3380,0.188613755857908
Southport Ave & Wrightwood Ave,41.92877299999972,-87.66391299999859,3378,0.188502150085211
Larrabee St & Division St,41.90348607306832,-87.64335349142944,3360,0.1874976981309381
Sheridan Rd & Buena Ave,41.958486312979986,-87.65502310357783,3348,0.18682806349475622
State St & Harrison St,41.874052999999655,-87.627716000001,3334,0.1860468230858773
Sheridan Rd & Noyes St (NU),42.058239000000434,-87.6774319999991,3316,0.1850423711316044
Franklin St & Lake St,41.88583700000072,-87.63550000000043,3302,0.18426113072272549
Wabash Ave & Washington St,41.88319999999935,-87.62661999999915,3272,0.1825870441322707
Southport Ave & Belmont Ave,41.93947775040554,-87.6637476682663,3223,0.17985270270119452
Chicago Ave & Sheridan Rd,42.05049100000059,-87.67782099999988,3211,0.1791830680650126
Elizabeth St & Randolph St,41.884336000000175,-87.65890199999956,3191,0.17806701033804273
Desplaines St & Jackson Blvd,41.87811890091237,-87.64394760131836,3190,0.17801120745169421
Lincoln Ave & Melrose St,41.94060000000078,-87.66943500000154,3185,0.17773219301995175
Ogden Ave & Chicago Ave,41.89636245799949,-87.65406127290038,3184,0.17767639013360328
Michigan Ave & Madison St,41.88213399999981,-87.625125,3166,0.17667193817933038
Dearborn St & Monroe St,41.88131981500018,-87.62952091930082,3161,0.17639292374758792
Clark St & Leland Ave,41.96708784118392,-87.66729088701048,3158,0.17622551508854245
Damen Ave & Division St,41.90326600000037,-87.67843499999944,3150,0.1757790919977545
Clifton Ave & Armitage Ave,41.91821599999934,-87.65693600000004,3146,0.17555588045236054
Broadway & Wilson Ave,41.96522099999963,-87.65813900000065,3131,0.17471883715713313
Burling St & Diversey Pkwy,41.933140000000336,-87.64776000000101,3126,0.17443982272539066
Fort Dearborn Dr & 31st St*,41.83867628853783,-87.60883197573139,3089,0.1723751159304964
Clark St & Bryn Mawr Ave,41.983593000000226,-87.66915400000089,3089,0.1723751159304964
Benson Ave & Church St,42.04821399999983,-87.68348500000069,3074,0.171538072635269
Larrabee St & Armitage Ave,41.91808400000024,-87.64374900000023,3059,0.17070102934004158
Racine Ave & Fullerton Ave,41.9255660000001,-87.65841600000024,3029,0.16902694274958677
Fulton Market,41.8868710000003,-87.64808899999886,3012,0.16807829368166238
Marine Dr & Ainslie St,41.97159999999975,-87.65015400000138,2962,0.16528814936423772
Clark St & Arlington Pl,41.9269398858832,-87.64147991324332,2951,0.1646743176144043
Financial Pl & Ida B Wells Dr,41.87502362803287,-87.6330940425396,2929,0.16344665411473744
Greenview Ave & Fullerton Ave,41.9253299999993,-87.66580000000076,2928,0.16339085122838895
Loomis St & Lexington St,41.87222873224061,-87.66136385500431,2909,0.16233059638776756
Halsted St & Willow St,41.91386500000007,-87.64875500000076,2866,0.15993107227478234
Halsted St & Maxwell St,41.864883000000106,-87.64707099999971,2827,0.15775475970719108
Dearborn St & Division St,41.9043000000001,-87.6299100000015,2807,0.15663870198022123
Calumet Ave & 21st St,41.85418424947025,-87.61915374149982,2804,0.15647129332117574
Green St & Washington Blvd,41.883181305772645,-87.6487246167462,2797,0.1560806731167363
Carpenter St & Huron St,41.89455599999959,-87.65344900000011,2758,0.15390436054914505
Canal St & Jackson Blvd,41.87812811112902,-87.63996968170004,2744,0.15312312014026613
Clarendon Ave & Leland Ave,41.96796799999996,-87.65000100000115,2735,0.15262089416312968
Sheridan Rd & Argyle St,41.97328682025965,-87.65475958585739,2729,0.15228607684503873
Green St & Lake St ,41.88557999999969,-87.64841000000064,2716,0.15156063932250832
Damen Ave & Wicker Park Ave,41.90881519999981,-87.67719370000067,2687,0.149942355618402
Morgan St & Lake St*,41.88549170626987,-87.65228927135468,2686,0.1498865527320535
Broadway & Thorndale Ave,41.989742511439644,-87.66014062090017,2681,0.14960753830031104
LaSalle St & Jackson Blvd,41.87816599999966,-87.63192899999837,2675,0.14927272098222008
Orleans St & Hubbard St,41.89002800000036,-87.63661799999959,2664,0.14865888923238665
Wood St & Milwaukee Ave,41.90708480779613,-87.67211673239915,2645,0.14759863439176527
Larrabee St & Kingsbury St,41.89776400000003,-87.64288400000069,2637,0.14715221130097733
Clark St & Eddy St ,41.94627999999997,-87.65626999999999,2630,0.14676159109653786
State St & Van Buren St,41.87718100000023,-87.62784400000062,2620,0.14620356223305292
Southport Ave & Irving Park Rd,41.95417699999972,-87.66435800000079,2609,0.14558973048321952
Wells St & Institute Pl,41.89737986072364,-87.63442039489746,2608,0.14553392759687103
Broadway & Granville Ave,41.994779688400406,-87.66028453489928,2604,0.14531071605147705
Broadway & Oakdale Ave,41.93558041926893,-87.64404982696931,2597,0.14492009584703758
Wabash Ave & 16th St,41.860383999999705,-87.62581300000029,2575,0.14369243234737072
Ashland Ave & Division St,41.90317395710728,-87.66927108239389,2574,0.14363662946102224
Hampden Ct & Diversey Pkwy,41.93246999999981,-87.64241999999982,2566,0.1431902063702343
Damen Ave & Thomas St (Augusta Blvd),41.901315000000004,-87.67740900000018,2563,0.1430227977111888
Aberdeen St & Carroll Ave,41.8881899999998,-87.65459000000043,2561,0.14291119193849183
Woodlawn Ave & 55th St,41.795264000000245,-87.59647099999904,2528,0.14106969668899155
Halsted St & Armitage Ave,41.918230000000186,-87.64879000000074,2512,0.14017685050741563
Woodlawn Ave & 58th St,41.78938100000004,-87.59647899999985,2511,0.14012104762106714
Wilton Ave & Addison St,41.94745900000012,-87.6532159999998,2506,0.1398420331893247
Ogden Ave & Race Ave,41.891795000000165,-87.65875099999985,2499,0.13945141298488523
Clinton St & Roosevelt Rd,41.86711778250044,-87.64108795930046,2499,0.13945141298488523
Western Ave & Winnebago Ave,41.915520000000015,-87.68702199999896,2479,0.13833535525791535
Ashland Ave & Blackhawk St,41.90706599999984,-87.66725199999948,2475,0.13811214371252137
Green St & Randolph St*,41.88360159920309,-87.64862672860889,2446,0.13649386000841507
Clark St & Montrose Ave,41.9615879999995,-87.66603599999979,2440,0.1361590426903241
Sheffield Ave & Willow St,41.91368800000033,-87.65285499999881,2411,0.1345407589862178
Orleans St & Chestnut St (NEXT Apts),41.898202999999704,-87.63753599999914,2409,0.1344291532135208
Delano Ct & Roosevelt Rd,41.86749100000024,-87.63218999999961,2401,0.13398273012273287
900 W Harrison St,41.87475399999988,-87.64980699999994,2399,0.13387112435003587
Dearborn St & Adams St,41.87937555453318,-87.62976150076389,2391,0.13342470125924794
Wood St & Beach Ave,41.90765500000035,-87.67255200000142,2385,0.13308988394115698
Dearborn St & Van Buren St,41.876268,-87.62915500000041,2372,0.13236444641862655
Sangamon St & Washington Blvd,41.883164999999636,-87.65110000000044,2362,0.1318064175551416
Cornell Ave & Hyde Park Blvd,41.80240599999982,-87.58692400000051,2320,0.1294626963285049
Racine Ave & Wrightwood Ave,41.92888699999953,-87.65897099999941,2293,0.12795601839709558
Kingsbury St & Kinzie St 1,41.88907000000007,-87.63834999999798,2288,0.12767700396535311
May St & Taylor St,41.86939043256855,-87.65539649442572,2272,0.1267841577837772
Paulina Ave & North Ave,41.90985465216755,-87.66993016004562,2266,0.12644934046568626
Broadway & Berwyn Ave,41.978361000000355,-87.65978899999938,2264,0.12633773469298926
Noble St & Milwaukee Ave,41.90069999999931,-87.66260700000042,2253,0.12572390294315583
Dearborn St & Maple St,41.901919999999556,-87.63026000000086,2252,0.12566810005680734
Humboldt Blvd & Armitage Ave,41.91751339398996,-87.70180895549966,2252,0.12566810005680734
Lake Park Ave & 53rd St,41.79949429372973,-87.5864498958998,2216,0.12365919614826157
Clark St & Ida B Wells Dr,41.875932665500244,-87.63058453549944,2213,0.1234917874892161
Broadway & Argyle St,41.974229999999835,-87.65977350000028,2212,0.12343598460286759
Morgan St & Polk St,41.871737000000344,-87.65102999999968,2200,0.12276634996668569
State St & Pearson St,41.89744800000025,-87.62872199999974,2192,0.12231992687589772
Fairbanks St & Superior St,41.895748000000026,-87.62010400000057,2191,0.12226412398954924
Paulina St & Division St,41.90355289116396,-87.67042920730866,2189,0.12215251821685225
California Ave & Cortez St,41.900363000000304,-87.6967040000009,2175,0.12137127780797335
Winthrop Ave & Lawrence Ave,41.96881199999957,-87.65765899999968,2172,0.12120386914892785
Desplaines St & Randolph St,41.88370299999983,-87.64423800000056,2170,0.12109226337623089
Eckhart Park,41.896373370000184,-87.66098385999952,2169,0.12103646048988237
Canal St & Monroe St,41.88290560000035,-87.6397409000002,2162,0.12064584028544292
Damen Ave & Leland Ave,41.96708099999982,-87.67907600000032,2162,0.12064584028544292
Damen Ave & Charleston St,41.92008200000004,-87.67785500000102,2150,0.11997620564926101
Lincoln Ave & Sunnyside Ave,41.96300400000006,-87.68478100000084,2149,0.1199204027629125
Damen Ave & Foster Ave,41.97581097557488,-87.6795098985795,2148,0.11986459987656402
Blackstone Ave & 59th St,41.78787700000027,-87.59046099999993,2124,0.11852533060420017
Racine Ave & 18th St,41.85839960000025,-87.65642259999947,2114,0.11796730174071524
Morgan St & 18th St,41.85808600000014,-87.65107300000061,2109,0.11768828730897277
Wacker Dr & Washington St,41.88314336439065,-87.63724207878113,2089,0.11657222958200289
Ashland Ave & Grace St,41.9507720740546,-87.6687286041554,2070,0.11551197474138153
Southport Ave & Clybourn Ave,41.9209710113463,-87.66443744023171,2069,0.11545617185503303
Kingsbury St & Kinzie St 2,41.889188000000566,-87.63838700000105,2066,0.11528876319598755
Walsh Park,41.914609999999854,-87.66796800000023,2054,0.11461912855980562
Ashland Ave & Lake St,41.88592000000029,-87.66717000000041,2053,0.11456332567345714
Ashland Ave & Chicago Ave,41.895954357343435,-87.6677280664444,2053,0.11456332567345714
Wood St & Chicago Ave,41.895634000000314,-87.67206900000009,2046,0.11417270546901769
Milwaukee Ave & Fullerton Ave,41.924690100434766,-87.70059497825625,2038,0.11372628237822974
Ashland Ave & Wellington Ave,41.93608300000021,-87.66980699999917,2036,0.11361467660553275
Spaulding Ave & Armitage Ave,41.917108034789045,-87.71022096276283,2032,0.11339146506013877
Canal St & Taylor St,41.87025699999983,-87.6394740000003,2025,0.11300084485569932
Aberdeen St & Monroe St,41.880280709246314,-87.6551130497243,2018,0.11261022465125986
Western Ave & Walton St,41.89841768944956,-87.68659601639962,2007,0.11199639290142642
Halsted St & Polk St,41.871840000000084,-87.64664000000013,1993,0.11121515249254753
St Clair St & Ohio St,41.89237999999981,-87.6226400000007,1967,0.10976427744748668
Clinton St & Washington Blvd 2,41.88337874725237,-87.64117006593374,1962,0.10948526301574421
Wolcott (Ravenswood) Ave & Montrose Ave,41.96140599999988,-87.67616899999925,1956,0.10915044569765327
Blue Island Ave & 18th St,41.85755600000013,-87.6615349999998,1942,0.10836920528877435
Rush St & Illinois St,41.89086999999973,-87.62584000000035,1898,0.10591387828944064
Jefferson St & Monroe St,41.88032963363449,-87.64274597167967,1892,0.10557906097134967
Western Ave & Leland Ave,41.96572042264764,-87.68845572169025,1887,0.1053000465396072
Seeley Ave & Roscoe St,41.9434030000001,-87.67961799999993,1872,0.1044630032443798
Ashland Ave & Wrightwood Ave,41.92882999890215,-87.66850677987071,1868,0.10423979169898584
Damen Ave & Wellington Ave,41.93588000000027,-87.67841999999925,1865,0.10407238303994036
Ada St & Washington Blvd,41.88282999999972,-87.66120599999957,1858,0.1036817628355009
Sheridan Rd & Lawrence Ave,41.96951700000015,-87.65469100000061,1852,0.10334694551740993
Larrabee St & North Ave,41.91020999999979,-87.64349999999983,1847,0.10306793108566746
LaSalle St & Adams St,41.87934437346021,-87.63198522129935,1845,0.1029563253129705
Ashland Ave & Grand Ave,41.89107199999967,-87.66661099999997,1833,0.10228669067678857
Elizabeth St & Fulton St,41.88674360684891,-87.6594303445309,1830,0.10211928201774309
Peoria St & Kinzie St,41.88896000000019,-87.64972999999965,1825,0.10184026758600062
Larrabee St & Oak St,41.90031783427878,-87.64238663675538,1825,0.10184026758600062
Clark St & 9th St (AMLI),41.87081599999999,-87.63124600000009,1800,0.10044519542728829
Leavitt St & North Ave,41.910192432652735,-87.68233923469404,1800,0.10044519542728829
Wabash Ave & Cermak Rd,41.85261899999988,-87.62648800000052,1791,0.09994296945015184
Leavitt St & Armitage Ave,41.91780499999998,-87.68243700000042,1791,0.09994296945015184
Ellis Ave & 58th St,41.78874613008241,-87.60133399440248,1790,0.09988716656380335
Bissell St & Armitage Ave,41.918295562935974,-87.65218332409859,1778,0.09921753192762142
Wood St & Augusta Blvd,41.899181000000304,-87.67220000000069,1774,0.09899432038222744
Ashland Ave & Augusta Blvd,41.89961999999986,-87.66840999999917,1767,0.09860370017778798
Western Ave & Division St,41.9028929999998,-87.68727499999936,1760,0.09821307997334855
Leavitt St & Chicago Ave,41.89550099999997,-87.68201699999943,1759,0.09815727708700005
Paulina St & Flournoy St,41.873061087898265,-87.66913488507271,1755,0.09793406554160608
Lincoln Ave & Belle Plaine Ave,41.95600355078538,-87.68016144633293,1754,0.09787826265525758
Leavitt St & Belmont Ave,41.93935399999975,-87.6832820000001,1753,0.09782245976890909
California Ave & Francis Pl,41.91849116184234,-87.6974228268954,1749,0.09759924822351511
Lake Park Ave & 56th St,41.7916100000002,-87.58748000000034,1748,0.09754344533716662
Milwaukee Ave & Rockwell St,41.920330000000334,-87.69309000000044,1738,0.09698541647368168
MLK Jr Dr & 29th St,41.84205199999998,-87.61699999999928,1727,0.09637158472384826
Paulina St & 18th St,41.85790099999977,-87.66874500000037,1724,0.09620417606480278
Halsted St & Belden St,41.92365000000016,-87.64893999999939,1721,0.0960367674057573
Lincoln Ave & Roscoe St*,41.94335024701697,-87.67066776752472,1721,0.0960367674057573
California Ave & Division St,41.90302899999983,-87.69747400000023,1721,0.0960367674057573
Ravenswood Ave & Irving Park Rd,41.954689999999836,-87.67392999999993,1717,0.09581355586036332
Lincoln Ave & Byron St,41.952371999999855,-87.67729600000054,1715,0.09570195008766633
Sheffield Ave & Addison St,41.94701699999946,-87.65441800000006,1692,0.09441848370165098
Halsted St & 18th St,41.85750568031693,-87.64599144458771,1682,0.09386045483816605
Broadway & Ridge Ave,41.98404461069991,-87.66027382949967,1682,0.09386045483816605
California Ave & North Ave,41.91004400000015,-87.69716699999951,1682,0.09386045483816605
Damen Ave & Lake St,41.884965900000154,-87.67683540000039,1680,0.09374884906546906
LaSalle St & Washington St,41.883016232387035,-87.63227200874269,1673,0.09335822886102961
University Ave & 59th St,41.78787799999999,-87.59890599999949,1671,0.09324662308833262
Damen Ave & Melrose Ave,41.940600000000146,-87.67850000000075,1670,0.09319082020198412
Throop St & Taylor St,41.868967999999974,-87.65914099999944,1666,0.09296760865659015
Orleans St & Elm St,41.902924000000404,-87.6377149999996,1661,0.09268859422484768
Hudson Ave & Armitage Ave,41.91818000000021,-87.63999999999965,1659,0.0925769884521507
Lincoln Ave & Dickens Ave,41.920119999999976,-87.64160000000085,1654,0.09229797402040824
Franklin St & Washington St,41.883180000000124,-87.63511000000064,1623,0.09056808454360493
Kimball Ave & Belmont Ave,41.93939395344295,-87.71206766366959,1618,0.09028907011186246
Leavitt St & Division St,41.90299700000005,-87.68382500000004,1616,0.09017746433916547
Sedgwick St & Schiller St,41.90762600000013,-87.63856600000042,1603,0.08945202681663507
Clinton St & Tilden St,41.87588500000037,-87.6407949999995,1600,0.08928461815758958
Logan Blvd & Elston Ave,41.9294650081676,-87.68415800529571,1594,0.08894980083949863
Streeter Dr/Grand Ave,41.89240099999968,-87.61238799999941,1582,0.0882801662033167
Sheridan Rd & Loyola Ave,42.00104377979004,-87.66119824330002,1570,0.08761053156713478
California Ave & Fletcher St,41.93842879147997,-87.69800775600012,1493,0.08331370931830079
Noble St & Ohio St,41.89241999999985,-87.66206000000055,1482,0.08269987756846735
Albany Ave & Bloomingdale Ave,41.91402671272987,-87.70512646200005,1481,0.08264407468211886
Campbell Ave & North Ave,41.91053500000012,-87.68955599999966,1480,0.08258827179577036
Kedzie Ave & Palmer Ct,41.921525000000244,-87.70732200000019,1469,0.08197444004593694
Greenview Ave & Diversey Pkwy,41.93259221323083,-87.66584595800641,1467,0.08186283427323995
St. Clair St & Erie St 2,41.89444999999981,-87.62268000000036,1459,0.081416411182452
Stave St & Armitage Ave,41.91774099999993,-87.691392,1456,0.08124900252340651
Artesian Ave & Hubbard St,41.88950000000008,-87.68825700000062,1455,0.08119319963705803
Loomis St & Jackson Blvd,41.87794500000015,-87.66200699999968,1445,0.08063517077357309
Ellis Ave & 53rd St,41.799336262610105,-87.6009581144998,1437,0.08018874768278514
Lincoln Ave & Montana St,41.926569999999934,-87.65060000000017,1424,0.07946331016025474
Larrabee St & Menomonee St,41.91468000000042,-87.64332000000059,1421,0.07929590150120924
Racine Ave & Washington Blvd,41.883073000000365,-87.65695199999993,1411,0.0787378726377243
Clybourn Ave & Division St,41.90461299999977,-87.64055199999949,1402,0.07823564666058787
Morgan St & Lake St,41.88549170626982,-87.65228927135468,1384,0.077231194706315
Racine Ave & Randolph St,41.88408122484684,-87.65692072930266,1381,0.0770637860472695
Broadway & Roscoe Ave,41.94359999999972,-87.64532000000013,1379,0.07695218027457253
The Salt Shed,41.90688999999999,-87.65978000000061,1365,0.07617093986569361
Central Park Ave & Elbridge Ave,41.93533728262992,-87.7168892935003,1361,0.07594772832029964
Wood St & Hubbard St,41.88971500000005,-87.67196600000058,1359,0.07583612254760265
Damen Ave & Wabansia Ave,41.91225680981193,-87.6772419959094,1344,0.07499907925237526
Damen Ave & Sunnyside Ave,41.96325000000025,-87.67925799999949,1344,0.07499907925237526
Blackstone Ave & Hyde Park Blvd,41.80256200000029,-87.59036799999978,1343,0.07494327636602675
Halsted St & Roosevelt Rd,41.86732399999981,-87.6486250000008,1342,0.07488747347967827
Lincoln Ave & Addison St,41.946176000000044,-87.67330800000003,1340,0.07477586770698127
Richmond St & Diversey Ave,41.93190196885977,-87.7011951301,1326,0.07399462729810237
Harper Ave & 55th St,41.79530000000019,-87.5883299999993,1320,0.0736598099800114
Chicago Ave & Washington St,42.03256200000016,-87.6791010000004,1309,0.07304597823017799
Clark St & Lunt Ave,42.009011180580735,-87.67411172389984,1293,0.07215313204860209
Ravenswood Ave & Berteau Ave,41.95792100000025,-87.67356700000029,1290,0.0719857233895566
Green St & Chicago Ave,41.893862547842424,-87.65045029643609,1284,0.07165090607146564
Wells St & Madison St,41.881989803264354,-87.63417978938033,1273,0.07103707432163221
Damen Ave & Grand Ave,41.89239445296299,-87.67688512802124,1263,0.07047904545814727
Damen Ave & Clybourn Ave,41.932034011823184,-87.67812700601533,1259,0.07025583391275331
Drexel Ave & 60th St,41.78586100000004,-87.6045529999995,1255,0.07003262236735933
Damen Ave & Madison St,41.881369999999905,-87.67492999999999,1252,0.06986521370831385
Peterson/Ridge Metra,41.99179999999983,-87.67489000000009,1251,0.06980941082196535
Archer Ave & Wentworth Ave,41.85468679999998,-87.63085310000002,1250,0.06975360793561686
Wolcott Ave & Polk St,41.87126200000031,-87.67368800000008,1239,0.06913977618578343
Avers Ave & Belmont Ave,41.93940800000011,-87.72357399999981,1237,0.06902817041308644
Larrabee St & Kingsbury St 1,41.89776630169361,-87.64288410398723,1236,0.06897236752673795
Milwaukee Ave & Armitage Ave,41.91770999999999,-87.68864000000022,1236,0.06897236752673795
Emerald Ave & 31st St,41.838197996776074,-87.64514299057575,1234,0.06886076175404097
Lake Park Ave & 35th St,41.83127423549008,-87.60879919459988,1231,0.06869335309499548
Lincoln Ave & Waveland Ave,41.94879699999972,-87.67527799999976,1230,0.06863755020864698
Sheffield/Newport Corral,41.944613199999985,-87.65420179999992,1220,0.06807952134516206
Morgan St & 31st St,41.83780000000006,-87.65114000000081,1216,0.06785630979976807
Paulina St & Montrose Ave,41.96150699999999,-87.67138699999987,1213,0.06768890114072261
Halsted St & Lake St,41.88576000000001,-87.64710999999998,1209,0.06746568959532863
Leavitt St & Addison St,41.9466549999999,-87.68335899999998,1208,0.06740988670898014
California Ave & Montrose Ave,41.961068000000076,-87.69543899999972,1205,0.06724247804993466
Broadway & Sunnyside Ave,41.96341899999981,-87.65606899999956,1204,0.06718667516358616
Inner Lake Shore Dr & Aldine Ave,41.94232000000014,-87.63989000000115,1197,0.0667960549591467
Wentworth Ave & 24th St,41.85008369347582,-87.6321405172348,1190,0.06640543475470725
University Library (NU),42.052939,-87.6734469999999,1187,0.06623802609566178
St. Clair St & Erie St 1,41.894400000000054,-87.62286000000047,1186,0.06618222320931327
Morgan Ave & 14th Pl,41.86237799999992,-87.65106200000028,1183,0.0660148145502678
Damen Ave & Cullerton St,41.854966518753926,-87.67569959163664,1183,0.0660148145502678
State St & 33rd St,41.83473399999988,-87.62581299999991,1182,0.0659590116639193
Racine Ave & Congress Pkwy,41.87464000000025,-87.65702999999993,1176,0.06562419434582833
Glenwood Ave & Morse Ave,42.00797192287019,-87.6655023943999,1172,0.06540098280043437
Wabash Ave & Jackson Blvd,41.87801000000021,-87.62599000000036,1171,0.06534517991408587
State St & 19th St,41.85659400000017,-87.62754199999985,1164,0.06495455970964642
Halsted St & 35th St,41.83066101599809,-87.647171967283,1159,0.06467554527790395
Greenview Ave & Jarvis Ave,42.01596200000008,-87.66857000000056,1155,0.06445233373250998
Central Park Ave & Bloomingdale Ave,41.91416599999989,-87.71675500000022,1153,0.064340727959813
St. Louis Ave & Fullerton Ave,41.924815596811946,-87.71449506282805,1146,0.06395010775537353
Ashland Ave & Belle Plaine Ave,41.95581270767722,-87.66912949311025,1131,0.06311306446014614
Campbell Ave & Augusta Blvd,41.89957799999995,-87.68949699999973,1125,0.06277824714205518
Troy St & North Ave,41.909769301690105,-87.70528048709964,1122,0.06261083848300969
Southport Ave & Clark St,41.957081000000024,-87.66419899999981,1119,0.06244342982396422
Leavitt St & Lawrence Ave,41.968885000000085,-87.68400100000031,1117,0.06233182405126723
Wacker Dr & Randolph St,41.88453999999962,-87.63732000000064,1114,0.06216441539222175
Museum Campus Metra Station,41.86935000000038,-87.62178000000058,1114,0.06216441539222175
Wells St & Washington St,41.88300000000001,-87.63395999999953,1112,0.06205280961952476
Wells St & 19th St,41.85680200000004,-87.63387900000033,1108,0.061829598074130784
Clark St & Schreiber Ave,41.99924500000015,-87.67124900000005,1105,0.06166218941508531
Clinton St & 18th St,41.857949999999875,-87.64082600000002,1097,0.06121576632429736
Halsted St & Archer Ave,41.84720299999987,-87.6467950000003,1095,0.061104160551600374
Wentworth Ave & 35th St,41.83077699999994,-87.632504,1091,0.06088094900620639
Indiana Ave & 26th St,41.8456870000003,-87.6224809999996,1078,0.06015551148367598
Francisco Ave & Chicago Ave,41.89574499999999,-87.69865299999978,1071,0.05976489127923652
Laflin St & Cullerton St,41.85491457576571,-87.66355991363525,1066,0.059485876847494054
Green St & Randolph St,41.88360165727503,-87.64862671494483,1062,0.05926266530210009
Fort Dearborn Dr & 31st St,41.83855600000002,-87.60821800000005,1061,0.059206862415751585
Campbell Ave & Fullerton Ave,41.924632471649915,-87.68930700630047,1061,0.059206862415751585
Talman Ave & Addison St,41.9466358306,-87.6946147579997,1057,0.05898365087035762
Pine Grove Ave & Wellington Ave,41.93650999999973,-87.64119000000002,1036,0.05781179025703925
Elston Ave & Wabansia Ave,41.912919000000144,-87.6641689999998,1028,0.057365367166251305
Eddy/Seminary Corral,41.94612790000005,-87.65667210000021,1023,0.05708635273450884
Damen Ave & Ohio St,41.892394452962854,-87.67688512802124,1020,0.056918944075463364
Clark St & Elmdale Ave,41.99086044903819,-87.6697236321464,1019,0.05686314118911487
California Ave & Altgeld St,41.92669000000008,-87.6976680000003,1018,0.05680733830276637
Racine Ave & Broadway,41.96823500000015,-87.65965480000061,1018,0.05680733830276637
Kosciuszko Park,41.93058537138001,-87.7237773634998,1013,0.056528323871023904
Michigan Ave & 11th St,41.86958999999992,-87.62396099999984,1010,0.05636091521197843
Western Ave & Roscoe St,41.94303399999991,-87.68728799999992,1009,0.05630511232562993
Wilton Ave & Diversey Pkwy*,41.9324180000002,-87.6527050000003,1005,0.05608190078023596
Hermitage Ave & Polk St,41.87151399999998,-87.66988600000036,1001,0.05585868923484198
63rd St Beach,41.78091096424787,-87.57632374763489,999,0.055747083462145
Racine Ave & 15th St,41.861267000000154,-87.65662499999982,998,0.055691280575796503
Campbell Ave & Montrose Ave,41.961524000000125,-87.6911770000003,991,0.055300660371357044
Damen Ave & St Paul Ave,41.91301000000015,-87.67778000000014,976,0.05446361707612964
Paulina St & Howard St,42.01915900000001,-87.67357300000002,973,0.054296208417084164
W Armitage Ave & N Sheffield Ave,41.91780499999981,-87.65344900000018,967,0.0539613910989932
California Ave & Byron St,41.95216219325995,-87.69805111299982,952,0.0531243478037658
Winchester Ave & Elston Ave,41.92409085038003,-87.67646007469979,951,0.053068544917417304
Dearborn St & Madison St,41.88206000000013,-87.62963999999943,939,0.05239891028123539
Spaulding Ave & Division St,41.90270659437996,-87.70921957099976,937,0.0522873045085384
Carpenter St & Fulton St,41.88667999999978,-87.65314999999933,936,0.0522315016221899
Wood St & Webster Ave,41.921056729927464,-87.67279744148254,935,0.052175698735841415
Lincoln Ave & Roscoe St,41.94335024701707,-87.67066776752472,932,0.05200829007679593
Racine Ave & Webster Ave,41.92160170767009,-87.65849437047702,932,0.05200829007679593
State St & 35th St,41.83103631401595,-87.62679755687714,930,0.05189668430409895
Harper Ave & 59th St,41.787942812870085,-87.58831517020006,925,0.051617669872356484
Waveland/Racine Corral,41.94882140000001,-87.65928229999969,922,0.051450261213311
Sangamon St & Adams St,41.87908999999994,-87.6512799999993,920,0.051338655440614014
Sheridan Rd & Columbia Ave,42.00458299999994,-87.66140599999962,917,0.05117124678156853
Canal St & Harrison St,41.87425500000001,-87.63957300000028,915,0.051059641008871545
Ashland Ave & 13th St,41.86523400000031,-87.66650700000072,910,0.050780626577129076
May St & Hubbard St,41.89008000000005,-87.65596999999985,906,0.050557415031735095
Kedzie Ave & Leland Ave,41.96668636204985,-87.70805198060026,897,0.05005518905459866
Ogden Ave & Congress Pkwy,41.87500999999991,-87.67328000000026,896,0.049999386168250164
Riverside Plaza & Adams St,41.879259996278556,-87.6387900029265,891,0.049720371736507694
N Green St & W Lake St,41.88557900000019,-87.64848399999964,887,0.04949716019111372
Shields Ave & 31st St,41.838464000000194,-87.63540600000024,882,0.04921814575937126
Rockwell St & Eastwood Ave,41.96590013975994,-87.69363849349996,873,0.048715919782234815
Hoyne Ave & Balmoral Ave,41.979851000000046,-87.68193199999985,870,0.048548511123189336
Halsted St & 21st St,41.85377981072745,-87.6466029882431,869,0.04849270823684084
Wells St & Ohio St,41.892810000000225,-87.6342099999989,863,0.048157890918749884
Avondale Ave & Irving Park Rd,41.95339299999984,-87.73200200000028,863,0.048157890918749884
Claremont Ave & Hirsch St,41.90778099999991,-87.68585399999975,861,0.04804628514605289
Evanston Civic Center,42.057044000000026,-87.68655399999992,861,0.04804628514605289
Albany Ave & Montrose Ave,41.961040999999945,-87.70586600000013,861,0.04804628514605289
Smith Park,41.892047999999924,-87.68939699999986,860,0.0479904822597044
Cottage Grove Ave & Oakwood Blvd,41.82298499999992,-87.60709999999987,860,0.0479904822597044
Larrabee St & Kingsbury St 2,41.89758000000002,-87.64290000000038,855,0.04771146782796193
Addison/Racine Corral,41.94706829999997,-87.65935349999988,844,0.04709763607812851
Paulina St & Cortland St,41.91626000000015,-87.67018999999995,841,0.04693022741908302
May St & Cullerton St,41.85513600000003,-87.65412700000034,840,0.04687442453273453
Troy St & Elston Ave,41.945243568479874,-87.70664990090012,837,0.046707015873689056
Dearborn St & Adams St 1,41.879356358699944,-87.62979103629971,827,0.04614898701020412
Western Ave & Congress Pkwy,41.87474885079016,-87.68644527569997,821,0.04581416969211315
Sheridan Rd & Greenleaf Ave,42.010586562839975,-87.66241209479998,800,0.04464230907879479
Lake Park Ave & 47th St,41.80944300000008,-87.59187499999996,796,0.04441909753340082
Kedzie Ave & Armitage Ave,41.91758999999992,-87.70684999999996,793,0.044251688874355335
Clark/Newport Corral,41.944941099999966,-87.6546110000002,789,0.04402847732896136
Rockwell St & Fletcher St,41.938819552381105,-87.69298659591814,775,0.04324723692008245
Wood St & Taylor St (Temp),41.86926521843854,-87.67373085021973,775,0.04324723692008245
Sheridan Rd & Berwyn Ave,41.97827999999984,-87.65529000000028,766,0.04274501094294601
Southport Ave & Diversey Pkwy,41.93265999999984,-87.6634699999997,758,0.042298587852158065
Malden St & Wilson Ave,41.96526000000018,-87.66274999999993,755,0.04213117919311258
Clark St & Columbia Ave,42.00445062933984,-87.67240240469987,754,0.04207537630676409
Christiana Ave & Lawrence Ave,41.968354493629995,-87.71183066750011,753,0.042019573420415596
Wentworth Ave & 33rd St,41.83452988563008,-87.6318229814,742,0.04140574167058217
Washtenaw Ave & Lawrence Ave,41.968729699999976,-87.69626029999971,741,0.041349938784233674
Central St Metra,42.06359800000003,-87.69873000000004,733,0.040903515693445726
Larrabee St & Clybourn Ave,41.90660000000006,-87.64322000000018,731,0.04079190992074874
Canal St & Lake St,41.885969999999745,-87.63999000000052,727,0.04056869837535477
LaSalle St & Calhoun Pl ,41.8826640000002,-87.63253000000002,720,0.04017807817091531
Kedzie Ave & George St,41.933885999999966,-87.70726199999991,719,0.04012227528456682
Winchester (Ravenswood) Ave & Balmoral Ave,41.97976200000006,-87.67753000000027,717,0.04001066951186984
Sheffield Ave & School St,41.94235999999987,-87.6542699999994,711,0.03967585219377887
Dorchester Ave & 53rd St,41.79942999999974,-87.59227000000016,702,0.03917362621664243
Indiana Ave & 31st St,41.838842000000035,-87.62185699999995,698,0.038950414671248455
Sacramento Ave & Linden Pl,41.92575000000007,-87.70257999999988,697,0.03889461178489997
Leavitt St & Augusta Blvd,41.899620000000084,-87.68193999999986,697,0.03889461178489997
Elston Ave & George St,41.93400300000008,-87.69082300000031,694,0.03872720312585448
Oakley Ave & Irving Park Rd,41.95434085219003,-87.68607962430028,690,0.03850399158046051
Seminary Ave & Belden Ave,41.92338999999995,-87.65598999999983,673,0.037555342512536116
Francisco Ave & Bloomingdale Ave,41.913959886754895,-87.69939637615906,671,0.03744373673983913
Clark St & Fletcher St,41.93894,-87.65031000000026,671,0.03744373673983913
Calumet Ave & 33rd St,41.834721581424624,-87.61796964857197,669,0.03733213096714214
Monticello Ave & Irving Park Rd,41.95400483876007,-87.71912817969991,668,0.03727632808079365
South Shore Dr & 71st St,41.76640945669998,-87.56568757189982,658,0.036718299217308716
Blackstone Ave & 53rd St,41.7996199999999,-87.59013000000003,646,0.036048664581126794
Lincoln Ave & Winona St,41.97491129676989,-87.69250255939964,638,0.035602241490338846
Prairie Ave & Garfield Blvd,41.794853000000046,-87.61869099999983,622,0.03470939530876295
Halsted St & Melrose St,41.941119999999884,-87.64906999999972,620,0.03459778953606596
Morgan St & Hubbard St,41.890120000000024,-87.65250999999992,613,0.03420716933162651
Woodlawn Ave & Lake Park Ave,41.814092710479976,-87.59700514789994,613,0.03420716933162651
Francisco Ave & Foster Ave,41.97563272520999,-87.70141943890003,613,0.03420716933162651
Central Park Ave & North Ave,41.90965687563005,-87.7166319516,612,0.03415136644527802
Glenwood Ave & Touhy Ave,42.01270099999996,-87.66605800000002,610,0.03403976067258103
Oakley Ave & Lyndale St,41.92261000000002,-87.68513000000004,607,0.03387235201353555
Drake Ave & Addison St,41.94732600000006,-87.71758200000004,601,0.033537534695444585
Leavitt St & Hirsch St,41.90689000000011,-87.68232999999981,600,0.033481731809096096
Western Ave & Grace St,41.950357285936654,-87.68810805085619,598,0.033370126036399106
Milwaukee Ave & Ainslie St,41.968609999999934,-87.76108000000016,596,0.03325852026370212
Eastlake Ter & Howard St,42.01920250193231,-87.66430288553238,594,0.03314691449100513
Dearborn St & Adams St 2,41.87962999999986,-87.6293700000001,594,0.03314691449100513
Rhodes Ave & 32nd St,41.83620800000012,-87.61353300000005,592,0.03303530871830815
Western Ave & Wabansia Ave,41.912080000000046,-87.68751999999989,580,0.032365674082126226
Sawyer Ave & Irving Park Rd,41.953599999999966,-87.70931000000002,579,0.03230987119577773
Milwaukee Ave & Wabansia Ave,41.91261599999994,-87.68146899999991,579,0.03230987119577773
Racine/Eddy Corral,41.946340399999926,-87.65910240000018,578,0.032254068309429236
Dearborn St & Washington St,41.88298999999992,-87.6293000000003,577,0.03219826542308075
Malcolm X College,41.877618000000176,-87.67389499999994,574,0.03203085676403526
Sheffield Ave & Armitage Ave Public Rack,41.91780499999985,-87.65344900000008,568,0.0316960394459443
Broadway & Cuyler Ave,41.95541699999993,-87.65149999999997,566,0.031584433673247314
Wallace St & 35th St,41.83070705144081,-87.64125533401966,566,0.031584433673247314
Wood St & Cortland St,41.91589000000012,-87.67281000000001,554,0.030914799037065392
Halsted St & Court Pl,41.88370000000007,-87.64721999999995,550,0.03069158749167142
Southport Ave & Grace St,41.951549999999926,-87.66403999999999,545,0.030412573059928956
N Southport Ave & W Newport Ave,41.94401883606552,-87.66397502634645,532,0.02968713553739854
Western Ave & Granville Ave,41.99416136901996,-87.68943828199978,530,0.029575529764701552
Kedzie Ave & 48th Pl,41.80475812376842,-87.70421936879369,526,0.029352318219307574
Keystone Ave & Fullerton Ave,41.92458999999998,-87.72784999999985,525,0.029296515332959086
Manor Ave & Leland Ave,41.96587499999994,-87.70082499999994,523,0.029184909560262092
Sedgwick St & Chicago Ave,41.89676999999987,-87.63859999999964,523,0.029184909560262092
Francisco Ave & Montrose Ave,41.96105167601345,-87.7009183817569,523,0.029184909560262092
Shields Ave & 28th Pl,41.842733000000045,-87.63549100000034,520,0.029017500901216617
Drake Ave & Montrose Ave,41.96115407568993,-87.71656907330001,520,0.029017500901216617
Sheffield Ave & Fletcher St,41.93901000000004,-87.65321000000023,518,0.028905895128519626
Paulina St & Adams St,41.878620000000055,-87.66913000000014,511,0.028515274924080174
Noble St & Potomac Ave,41.90542279757866,-87.6627248014525,503,0.028068851833292222
Rockwell St & Division St,41.902749999999926,-87.69201999999989,500,0.027901443174246747
Greenwood Ave & 47th St,41.809835000000014,-87.59938300000026,500,0.027901443174246747
South Shore Dr & 67th St,41.77364300000002,-87.56751400000007,495,0.027622428742504278
Western Ave & Fillmore St,41.868563,-87.68623400000023,493,0.027510822969807287
MLK Jr Dr & Pershing Rd,41.82459999999993,-87.61678000000013,492,0.0274550200834588
Elmwood Ave & Austin St,42.02578400000005,-87.68410699999987,488,0.02723180853806482
Clinton St & Polk St,41.87146651779004,-87.64094913269996,483,0.026952794106322352
Sheffield/Cornelia Corral,41.945287500000035,-87.65422250000002,481,0.02684118833362537
Leavitt St & Archer Ave,41.828792019939996,-87.6806044593998,475,0.026506371015534408
Hampden Ct & Diversey Ave,41.932559299999824,-87.64238469999981,468,0.02611575081109495
Rockwell Ave & Logan Blvd,41.928109999999926,-87.69268000000007,462,0.025780933493003994
Cottage Grove Ave & 63rd St,41.78053094070879,-87.6059702038765,459,0.025613524833958512
Stony Island Ave & 63rd St,41.78050600000004,-87.58685299999993,458,0.025557721947610017
Emerald Ave & 28th St,41.84358,-87.64536800000003,452,0.02522290462951906
Clark St & Jarvis Ave,42.01596299999993,-87.675005,451,0.025167101743170564
Elston Ave & Henderson St,41.941515171812654,-87.70099227555173,450,0.025111298856822072
Kedzie Ave & Foster Ave,41.97567199999994,-87.70926099999998,446,0.024888087311428095
McCormick Blvd & Devon Ave,41.99719999999989,-87.71104999999994,440,0.024553269993337137
Western Ave & 24th St,41.84846999999995,-87.68510900000001,439,0.024497467106988642
Central St & Girard Ave,42.06431299999997,-87.68615200000015,438,0.024441664220640147
Dorchester Ave & 63rd St,41.780405645699965,-87.5914159893,437,0.024385861334291655
Clark/Racine Corral,41.95043600000004,-87.65932119999994,436,0.02433005844794316
Western Ave & 21st St,41.85410899999997,-87.68583800000002,430,0.0239952411298522
Spaulding Ave & Milwaukee Ave,41.93088999999982,-87.71071999999967,430,0.0239952411298522
Calumet Ave & 35th St,41.83137900000007,-87.61803399999997,429,0.023939438243503707
Kenwood Ave & 57th St,41.79154956643349,-87.59292102097872,428,0.023883635357155215
Racine Ave & 35th St,41.83068856472103,-87.65621066093445,427,0.02382783247080672
Prairie Ave & 43rd St,41.81665889301996,-87.61941246189993,423,0.023604620925412746
Damen Ave & Evergreen Ave,41.90604999999989,-87.67757999999975,420,0.023437212266367264
Loomis St & Archer Ave,41.841632539650035,-87.65743495330004,420,0.023437212266367264
Knox Ave & Montrose Ave,41.960630999999964,-87.74535899999992,419,0.023381409380018772
Valli Produce - Evanston Plaza,42.03974199999997,-87.69941300000008,416,0.023214000720973293
Clark St & Washington St,41.883009999999814,-87.63100000000018,416,0.023214000720973293
Western Ave & Monroe St,41.881425355368215,-87.68663156883557,415,0.023158197834624798
Bernard St & Elston Ave,41.94992300000004,-87.71394900000007,412,0.02299078917557932
Lincolnwood Dr & Central St,42.06485400000001,-87.71529700000004,404,0.022544366084791368
Marshfield Ave & Wabansia Ave,41.91217999999999,-87.66887999999994,403,0.022488563198442876
Addison/Wilton Corral,41.94738270000006,-87.65317160000009,403,0.022488563198442876
Pulaski Rd & 51st St,41.800434000000045,-87.72474959999998,402,0.022432760312094385
Cherry Ave & Blackhawk St,41.907221000000014,-87.65561800000017,397,0.022153745880351915
Western Ave & Lyndale St,41.92259999999996,-87.6877200000001,392,0.02187473144860945
Addison/Sheffield SW Corral,41.946953900000054,-87.65441230000013,388,0.021651519903215476
Shore Dr & 53rd St,41.79945000000011,-87.58237000000005,388,0.021651519903215476
Dodge Ave & Church St,42.04830799999997,-87.698224,387,0.02159571701686698
Michigan Ave & 9th St,41.87093999999997,-87.62439000000035,384,0.021428308357821498
Cottage Grove Ave & 51st St,41.80303799999999,-87.60661499999998,373,0.02081447660798807
Burling St & Armitage Ave,41.91807999999981,-87.64727999999933,372,0.02075867372163958
Franklin St & Adams St Corral,41.87942000000003,-87.63557999999993,372,0.02075867372163958
Ridge Blvd & Touhy Ave,42.012132277420015,-87.68291264430009,371,0.020702870835291085
Sacramento Blvd & Addison St,41.94609000000002,-87.70298561607144,370,0.02064706794894259
Budlong Woods Library,41.98366470886,-87.69642256109992,369,0.020591265062594098
N Carpenter St & W Lake St,41.88558600000012,-87.65318929999968,365,0.020368053517200124
Milwaukee Ave & Cuyler Ave,41.95446799999996,-87.74959399999992,365,0.020368053517200124
Warren Park West,42.00178500000006,-87.68882900000004,360,0.020089039085457654
Warren Park East,42.004549621939994,-87.6806661451,358,0.01997743331276067
Ridge Blvd & Howard St,42.019276,-87.68451999999989,358,0.01997743331276067
California Ave & 21st St,41.853795793473324,-87.69582286477088,356,0.019865827540063684
Marshfield Ave & Diversey Pkwy,41.93203999999996,-87.66970000000018,354,0.019754221767366693
Karlov Ave & Armitage Ave,41.91748000000003,-87.72895200000004,353,0.0196984188810182
Granville Ave & Clark St,41.994399999999985,-87.66983000000005,352,0.01964261599466971
Dorchester Ave & 49th St,41.80577199999999,-87.59246399999996,350,0.01953101022197272
Kedzie Ave & Bryn Mawr Ave,41.98222980691797,-87.7088865869814,349,0.019475207335624228
Keystone Ave & Montrose Ave,41.961108016229986,-87.7289701011999,347,0.01936360156292724
Campbell Ave & Irving Park Rd,41.95362864429535,-87.69078506040267,345,0.019251995790230254
Western Ave & Berteau Ave,41.95773999999993,-87.6882729999999,344,0.01919619290388176
Lakewood Ave & Addison St,41.94719999999994,-87.66085000000017,341,0.01902878424483628
Southport Ave & Newport Ave Public Rack,41.94401899999997,-87.66397499999985,340,0.018972981358487784
Portage Park,41.956070000000025,-87.76472000000001,340,0.018972981358487784
Kostner Ave & Wrightwood Ave,41.92795699999997,-87.73595199999995,336,0.018749769813093814
Albany Ave & Belmont Ave,41.93964586403509,-87.70526192763154,332,0.01852655826769984
Kedzie Ave & 57th St,41.78983000000001,-87.7031,328,0.018303346722305866
Big Marsh Park,41.68587705562329,-87.57382392883301,326,0.01819174094960888
Sacramento Ave & Lyndale St,41.92234999999994,-87.70240999999996,326,0.01819174094960888
Franklin St & Madison St,41.88138999999996,-87.63541999999988,325,0.018135938063260384
Kedzie Ave & Chicago Ave,41.89546530304999,-87.70612788370015,324,0.01808013517691189
California Ave & Lake St,41.88445395656998,-87.69629813679997,324,0.01808013517691189
Central Park Ave & Ogden Ave,41.854063503874436,-87.71511733531952,323,0.018024332290563397
Racine Ave & 13th St,41.865053999999965,-87.65695899999993,322,0.017968529404214905
Wacker Dr & Washington St Corral,41.88315999999997,-87.63736000000029,322,0.017968529404214905
MLK Jr Dr & 47th St,41.809851,-87.61627899999993,317,0.017689514972472436
University Ave & 65th St,41.77694,-87.59841999999999,315,0.01757790919977545
Ashland Ave & Archer Ave,41.83920868403,-87.6656098589,312,0.01741050054072997
Monticello Ave & Lawrence Ave,41.968418270944696,-87.71870974148855,310,0.01729889476803298
St. Louis Ave & Balmoral Ave,41.98039423474994,-87.71611496150011,305,0.017019880336290514
Troy St & Grace St,41.95024306745568,-87.70643794319531,304,0.01696407744994202
Public Rack - Washtenaw Ave & Superior St,41.894737999999975,-87.69520399999995,300,0.016740865904548048
Halsted St & 37th St,41.82705900000005,-87.64572000000017,298,0.01662926013185106
Grace/Sheffield Corral,41.951158599999985,-87.65461150000007,298,0.01662926013185106
Cottage Grove Ave & 43rd St,41.816499,-87.60658200000007,297,0.016573457245502566
Rockwell St & Archer Ave,41.82272,-87.68981999999994,296,0.016517654359154074
Calumet Ave & 51st St,41.80229465087999,-87.61805358019988,295,0.01646185147280558
Western Ave & Lunt Ave,42.00859439719997,-87.69049223890022,295,0.01646185147280558
Kedzie Ave & 21st St,41.85353363213003,-87.7050730318,294,0.016406048586457084
Pulaski Rd & Eddy St,41.94626400000005,-87.73102300000009,293,0.016350245700108592
Conservatory Dr & Lake St,41.885502000000024,-87.716866,293,0.016350245700108592
Archer & Wentworth,41.85468680000006,-87.63085309999994,293,0.016350245700108592
Western Ave & Howard St,42.01890099999995,-87.6900480000001,293,0.016350245700108592
California Ave & Granville Ave,41.99418030000006,-87.6995595999999,291,0.016238639927411605
Springfield Ave & North Ave,41.91015800000001,-87.72383100000002,291,0.016238639927411605
Lincoln Ave & Balmoral Ave,41.979460999999944,-87.69301300000002,289,0.016127034154714618
Laramie Ave & Irving Park Rd,41.95333540000001,-87.75838440000003,289,0.016127034154714618
Lowell Ave & Armitage Ave,41.91707670000002,-87.73535429999997,287,0.01601542838201763
Kedzie Ave & Lake St,41.88460328501,-87.7063037436,285,0.015903822609320648
Halsted St & North Branch St,41.89952773053042,-87.64880871280035,284,0.01584801972297215
Dodge Ave & Main St,42.03463185161586,-87.69918769598006,281,0.01568061106392667
Jeffery Blvd & 67th St,41.77351755125001,-87.57714282550012,278,0.01551320240488119
Parnell Ave & 31st St,41.837911000000034,-87.64027900000009,276,0.015401596632184204
2112 W Peterson Ave,41.99117800000005,-87.68359299999996,275,0.01534579374583571
Oakley Ave & Touhy Ave,42.01234200000001,-87.68824299999997,274,0.015289990859487216
Washtenaw Ave & Polk St,41.8711170235294,-87.69371626470587,272,0.015178385086790229
Clark St & Touhy Ave,42.01256011541002,-87.67436711519994,269,0.015010976427744748
Wood St & 35th St,41.83010465416003,-87.67029830889999,268,0.014955173541396255
Rockwell St & Cermak Rd,41.85164399999999,-87.69062100000001,263,0.014676159109653787
Public Rack - Racine Ave & Nelson St,41.93725999999997,-87.65898100000001,262,0.014620356223305294
Western Ave & Gunnison St,41.96965988429754,-87.68952868842969,261,0.014564553336956802
N Paulina St & Lincoln Ave,41.94383800000001,-87.67146900000014,261,0.014564553336956802
South Shore Dr & 74th St,41.762188960379994,-87.55927464999996,261,0.014564553336956802
DuSable Museum,41.79156801057999,-87.60785217740003,260,0.014508750450608308
Hoyne Ave & 47th St,41.80822699999999,-87.67717999999994,260,0.014508750450608308
Perry Ave & 69th St,41.769293089950004,-87.62819592910002,258,0.01439714467791132
Narragansett Ave & Wrightwood Ave,41.92729000000002,-87.78523000000001,257,0.014341341791562826
Leavitt St/North Ave,41.9100770000002,-87.68230599999988,256,0.014285538905214334
Ogden Ave & Roosevelt Rd,41.866501483160064,-87.68469707000007,256,0.014285538905214334
Kilbourn Ave & Milwaukee Ave,41.94841366287964,-87.74002792418588,256,0.014285538905214334
Eberhart Ave & 61st St,41.784071072760995,-87.61448353528975,255,0.014229736018865841
Washtenaw Ave & Ogden Ave,41.86193049278257,-87.69345045089722,254,0.014173933132517346
Sawyer Ave & Fullerton Ave,41.924479999999946,-87.70919999999995,252,0.014062327359820359
Kimball Ave & Wrightwood Ave,41.92836999999994,-87.71243999999983,251,0.014006524473471867
Midway Orange Line,41.78692000000001,-87.73891999999992,251,0.014006524473471867
Addison/Sheffield SE Corral,41.94702809999998,-87.65425200000008,251,0.014006524473471867
Clark/Eddy,41.94659999999982,-87.65610000000012,249,0.013894918700774878
Wells St & Randolph St Corral,41.88438000000003,-87.63395999999999,249,0.013894918700774878
Winthrop Ave & Bryn Mawr Ave,41.98383999999998,-87.65806,248,0.013839115814426385
Wallace St & 28th St,41.843511000000014,-87.64189999999992,247,0.013783312928077891
Public Rack - Rush St & Oak St,41.90069175999997,-87.62768427999985,243,0.013560101382683917
California Ave & 41st St,41.81867000000002,-87.69441000000005,243,0.013560101382683917
Maplewood Ave & Peterson Ave,41.99023602866999,-87.6933696402,243,0.013560101382683917
Normal Ave & Archer Ave,41.84952700000001,-87.64059099999999,240,0.013392692723638439
Dodge Ave & Mulford St,42.023463,-87.69959500000002,239,0.013336889837289943
State St & 29th St,41.84171007370304,-87.62691273059042,238,0.01328108695094145
Public Rack - Michigan Ave & Delaware Pl,41.899152529999895,-87.62377648999986,238,0.01328108695094145
Laramie Ave & Addison St,41.94568419999998,-87.75693440000002,237,0.013225284064592956
Bosworth Ave & Howard St,42.019537000000014,-87.66956300000002,237,0.013225284064592956
North Boundary Park,42.01303000000003,-87.70891000000002,233,0.013002072519198982
Indiana Ave & 40th St,41.821679974077654,-87.62159949546823,232,0.012946269632850489
Lincoln Ave & Peterson Ave,41.990267000000024,-87.70857,232,0.012946269632850489
Public Rack - Clybourn Ave & Webster Ave,41.92155278999996,-87.66449674000005,230,0.012834663860153504
Whipple/Irving Park,41.954189000000035,-87.70444800000007,230,0.012834663860153504
State St & 95th St,41.72184990000002,-87.62285440000001,228,0.012723058087456515
Public Rack - Christiana Ave & Belmont Ave,41.939170000000026,-87.71169000000003,228,0.012723058087456515
Drake Ave & Armitage Ave,41.91748999999992,-87.71523999999977,226,0.01261145231475953
N Shore Channel Trail & Argyle St,41.97219638396112,-87.70278100607547,223,0.012444043655714047
Central Park Ave & 24th St,41.848099999999995,-87.71506799999999,222,0.012388240769365554
Kildare Ave & Montrose Ave,41.96108000000003,-87.73569000000006,221,0.012332437883017062
Fairfield Ave & Pratt Blvd,42.00444819999999,-87.69859730000005,221,0.012332437883017062
Wabansia & Milwaukee,41.91375400000004,-87.68266579999936,216,0.012053423451274595
Shabbona Park,41.9448,-87.79932000000001,214,0.011941817678577608
Damen Ave/Coulter St,41.84920000000005,-87.67564000000004,214,0.011941817678577608
Western Blvd & 48th Pl,41.805661000000036,-87.68339200000004,212,0.011830211905880619
Lock St & 31st St,41.83796199988173,-87.65904890294753,212,0.011830211905880619
Ashland Ave & Pershing Rd,41.82346499999997,-87.66557700000001,211,0.011774409019532127
Kilbourn Ave & Roscoe St,41.94272199999998,-87.73955699999999,210,0.011718606133183632
Public Rack - Dearborn St & Kinzie St 1,41.88907808000012,-87.6294850600001,209,0.01166280324683514
Princeton Ave & 47th St,41.80931770924002,-87.63344928799998,207,0.011551197474138152
Dan Ryan Woods & 83rd St,41.742805000000004,-87.68017700000001,207,0.011551197474138152
Fairfield Ave & 44th St,41.81361699999998,-87.69322720000002,205,0.011439591701441165
Public Rack - Wells St & North Ave,41.910956370000065,-87.63461626000007,205,0.011439591701441165
Kilbourn Ave & Diversey Ave,41.931790000000014,-87.73934000000006,201,0.011216380156047192
Grace St & Cicero Ave,41.94973000000002,-87.74695000000003,200,0.011160577269698697
Wood St & Walnut St,41.88534428143117,-87.67168731317524,200,0.011160577269698697
California Ave & Touhy Ave,42.0120368,-87.7004371,199,0.011104774383350205
Pine Grove Ave & Belmont Ave,41.94002,-87.64166000000007,198,0.011048971497001712
Karlov Ave & Lawrence Ave,41.96794700000003,-87.73040899999991,197,0.010993168610653217
Cottage Grove Ave & 67th St,41.77372095205003,-87.60563485999994,197,0.010993168610653217
Lockwood Ave & Wrightwood Ave,41.927765999999984,-87.75854399999999,197,0.010993168610653217
Milwaukee Ave & Diversey Ave,41.93265999999996,-87.71222,192,0.010714154178910749
Kilbourn Ave & Belden Ave,41.922368999999954,-87.7390240000001,189,0.01054674551986527
Walden Pkwy & 100th St,41.712164103598035,-87.66773343086243,189,0.01054674551986527
Public Rack - Wells St & Scott St,41.90478242999985,-87.63458456000032,188,0.010490942633516777
Long Ave & Belmont Ave,41.93832999999998,-87.76166000000008,186,0.01037933686081979
Paulina St & Lincoln Ave Public Rack,41.94383799999991,-87.67146900000036,186,0.01037933686081979
Western Ave & Lake St,41.88478218181818,-87.68656722727265,185,0.010323533974471295
Kilbourn Ave & Irving Park Rd,41.95373300000001,-87.74056899999988,184,0.010267731088122803
Kostner Ave & Belmont Ave,41.93919099999999,-87.73711199999991,182,0.010156125315425814
Public Rack - Michigan Ave & Wacker Dr (South),41.88813083000004,-87.6241723700002,181,0.010100322429077322
Damen Ave & Pershing Rd,41.823192,-87.67659699999999,180,0.010044519542728827
Milwaukee Ave & Wolfram St,41.933010000000046,-87.71428000000007,180,0.010044519542728827
Public Rack - Rush St & Ohio St,41.892592230000005,-87.62585969000003,178,0.009932913770031842
Melvina Ave & Giddings Ave,41.96648000000003,-87.78202000000005,177,0.009877110883683347
Western Ave & Ardmore Ave,41.98671451380041,-87.68981137154987,177,0.009877110883683347
Public Rack - Michigan Ave & Wacker Dr (North),41.88935705999997,-87.62397970999997,177,0.009877110883683347
Pulaski Rd & Congress Pkwy,41.87441021003816,-87.72609159350395,176,0.009821307997334855
Keeler Ave & Carmen Ave,41.97432299999997,-87.73310000000002,175,0.00976550511098636
Kostner Ave & Bryn Mawr Ave,41.98276499999999,-87.738094,173,0.009653899338289374
Ashland Ave & McDowell Ave,41.809718999999994,-87.663477,173,0.009653899338289374
Union Ave & Root St,41.819101999999994,-87.64327799999998,172,0.00959809645194088
Milwaukee Ave & Highland Ave,41.99636000000003,-87.78673999999992,166,0.00926327913384992
Princeton Ave & Garfield Blvd,41.79498199999998,-87.63312399999997,166,0.00926327913384992
Pine Ave & Division St,41.90189999999999,-87.76388999999999,165,0.009207476247501425
LaSalle St & Jackson Blvd Corral,41.87816000000007,-87.63204000000017,164,0.009151673361152933
Clark/Newport,41.944900000000196,-87.65460000000023,162,0.009040067588455944
Kostner Ave & Devon Ave,41.997032,-87.73837,162,0.009040067588455944
Edgebrook Metra,41.99750999999999,-87.76538999999998,161,0.008984264702107453
Austin Blvd & Madison St,41.88028099999998,-87.774453,161,0.008984264702107453
Franklin St & Randolph St,41.88439000000004,-87.63516999999987,160,0.008928461815758957
Winthrop Ave & Sheridan Rd,41.998139999999964,-87.65884999999987,160,0.008928461815758957
Narragansett Ave & North Ave,41.90949999999999,-87.78491,159,0.008872658929410466
Wood St & 33rd St,41.834270000000004,-87.67059999999996,158,0.008816856043061972
Austin Blvd & Lake St,41.887943794272104,-87.77427345514297,158,0.008816856043061972
Addison Red Line,41.94719999999992,-87.65400000000011,158,0.008816856043061972
Stony Island Ave & 67th St,41.77345849948002,-87.58533973910005,156,0.008705250270364985
N Damen Ave & W Chicago Ave,41.895809000000014,-87.67851899999991,156,0.008705250270364985
Pershing Rd & Sacramento Ave,41.82237726810119,-87.69975413003768,156,0.008705250270364985
Ping Tom Park (East),41.85798859999997,-87.63194469999996,155,0.00864944738401649
Rockwell St & 57th St,41.79030999999999,-87.68888,155,0.00864944738401649
California Ave & 23rd Pl,41.84910969176003,-87.69513980680001,154,0.008593644497667998
Wolcott Ave & Fargo Ave,42.01697700000005,-87.67772499999988,154,0.008593644497667998
Cumberland Ave & Catherine Ave,41.97731999999999,-87.83674000000003,154,0.008593644497667998
Lavergne Ave & Diversey Ave,41.93128000000001,-87.75140999999998,153,0.008537841611319505
Kildare Ave & North Ave,41.90953919999998,-87.73385179999998,152,0.00848203872497101
Albany Ave & Douglas Blvd,41.86303143808751,-87.7031740544993,151,0.008426235838622518
Marmora Ave & Irving Park Rd,41.95310719999999,-87.77473259999994,151,0.008426235838622518
Halsted St & 51st St,41.80183164049,-87.64521390400006,150,0.008370432952274024
Waveland/Wilton Corral,41.94890310000001,-87.65314099999995,150,0.008370432952274024
Jeffery Blvd & 71st St,41.766638236949994,-87.57645011410007,149,0.00831463006592553
Mason Ave & Grand Ave,41.920434699999994,-87.77439009999998,149,0.00831463006592553
Richmond St & Lincoln Ave,41.98811739999999,-87.70317539999999,148,0.008258827179577037
Public Rack - Milwaukee Ave & Haussen Ct,41.937751999999996,-87.72162300000002,148,0.008258827179577037
Public Rack - Monticello Ave & Belmont Ave,41.939472000000016,-87.71842299999996,145,0.008091418520531557
Leclaire Ave & Belmont Ave,41.939040999999996,-87.754197,145,0.008091418520531557
W Washington Blvd & N Peoria St,41.88304299999996,-87.64993099999994,143,0.00797981274783457
Lawndale Ave & 30th St,41.83891240000001,-87.71689549999999,143,0.00797981274783457
St Louis Ave & Foster Ave,41.975983700000036,-87.71598439999991,143,0.00797981274783457
Ashland Ave & 50th St,41.80302299999999,-87.66469899999997,142,0.007924009861486074
Halsted St & 47th Pl,41.80813391481001,-87.64561655450001,142,0.007924009861486074
Public Rack - Kingsbury Ave & Blackhawk St,41.90822033000007,-87.65166628999992,142,0.007924009861486074
California Ave & Winona St,41.97471121900826,-87.69785512396699,141,0.007868206975137583
Kenneth Ave & Lawrence Ave,41.96791646984131,-87.73998234761906,139,0.007756601202440595
Monticello Ave & Chicago Ave,41.89580999999999,-87.71763000000001,139,0.007756601202440595
Kedzie Ave & 54th Pl,41.79391633023256,-87.70345877674417,139,0.007756601202440595
LaSalle St & Calhoun Pl Corral,41.88288000000008,-87.63250999999994,139,0.007756601202440595
MLK Jr Dr & 56th St,41.79342945658001,-87.61585326190003,138,0.007700798316092102
Burnham Greenway & 112th St,41.691773851168335,-87.53043115139008,136,0.007589192543395114
Stony Island Ave & 64th St,41.77888099999999,-87.58664700000004,136,0.007589192543395114
Kenosha Ave & Wellington Ave,41.934457,-87.73379500000009,136,0.007589192543395114
Lawler Ave & 50th St,41.80217,-87.74893999999998,135,0.007533389657046622
Mozart St & Jackson Blvd,41.87750000000002,-87.6974,135,0.007533389657046622
Stony Island Ave & 71st St,41.76649293729997,-87.58646087750002,134,0.007477586770698127
Avers Ave & Foster Ave,41.97541,-87.72452000000001,133,0.007421783884349635
Central Ave & Altgeld St,41.9258119,-87.76636849999997,132,0.00736598099800114
Menard Ave & Lawrence Ave,41.967879999999994,-87.77273999999996,131,0.007310178111652647
St Louis Ave & Armitage Ave,41.91717,-87.71358,130,0.007254375225304154
Riley O'Neil Memorial Station at City Hall,41.88323510000008,-87.63211170000035,130,0.007254375225304154
Cicero Ave & Wrightwood Ave,41.927905699999954,-87.74672949999997,130,0.007254375225304154
Grace St & Central Ave,41.9495327,-87.76726480000002,130,0.007254375225304154
Rockwell/Irving Park Hub,41.95421200000003,-87.69316999999995,129,0.00719857233895566
Milwaukee Ave & Agatite Ave,41.96149999999996,-87.75489000000006,129,0.00719857233895566
Tripp Ave & 65th St,41.774910000000006,-87.72883,129,0.00719857233895566
Harlem Ave & Irving Park Rd,41.95325999999999,-87.80713999999996,129,0.00719857233895566
Sayre Ave & Diversey Ave,41.93098,-87.80106000000002,128,0.007142769452607167
MLK Jr Dr & 63rd St,41.78008063659001,-87.61594285670002,128,0.007142769452607167
Sacramento Ave & Pratt Blvd,42.00404,-87.70473000000004,128,0.007142769452607167
Fairfield Ave & Roosevelt Rd,41.86662400000002,-87.69452099999998,127,0.007086966566258673
Public Rack - Webster Ave & Halsted St,41.92188867999997,-87.64847243000015,127,0.007086966566258673
Cicero Ave & Roscoe Ave,41.942426999999974,-87.74731500000001,126,0.007031163679910179
Lavergne Ave & Fullerton Ave,41.92403399999999,-87.75119100000002,126,0.007031163679910179
Archer (Damen) Ave & 37th St,41.82671200000002,-87.68314400000003,125,0.006975360793561687
Virginia Ave & Catalpa Ave,41.98124387692307,-87.70491012307693,125,0.006975360793561687
Sacramento Blvd & Franklin Blvd,41.89046879243865,-87.70260751247406,125,0.006975360793561687
Higgins Ave & Austin Ave,41.973420000000004,-87.77865000000001,123,0.0068637550208647
Public Rack - Lincoln Ave & Fullteron Ave (Northwest),41.92582740999994,-87.64943466000011,123,0.0068637550208647
Steelworkers Park,41.73792999999999,-87.53090999999998,123,0.0068637550208647
Monticello Ave & Diversey Ave,41.93171999999991,-87.71846000000004,123,0.0068637550208647
Public Rack - Karlov Ave & Milwaukee Ave,41.94270200000001,-87.73001100000005,123,0.0068637550208647
Marshfield Ave & 44th St,41.81387858638744,-87.66642879581156,123,0.0068637550208647
Central Park Ave & Ardmore Ave,41.986608100000005,-87.71876739999998,122,0.006807952134516205
Hale Ave & 107th St,41.69920616812767,-87.66891896724701,122,0.006807952134516205
Narragansett Ave & McLean Ave,41.91589999999999,-87.78511000000002,121,0.006752149248167712
Kedzie Ave & 60th St,41.784579999999984,-87.70319000000003,121,0.006752149248167712
Lawler Ave & North Ave,41.9091754,-87.75225450000002,121,0.006752149248167712
Long Ave & Diversey Ave,41.93104,-87.76123999999999,120,0.006696346361819219
Dearborn St & Adams St Corral,41.87939000000003,-87.62988000000011,120,0.006696346361819219
Prospect Sq & 91st St,41.72823379999999,-87.66752390000005,119,0.006640543475470725
Exchange Ave & 79th St,41.75211500633266,-87.55200700025297,118,0.006584740589122232
Lockwood Ave & Grand Ave,41.91759410000001,-87.75841429999996,118,0.006584740589122232
Stewart Ave & 123rd St,41.6706,-87.63243999999999,118,0.006584740589122232
Calumet Park,41.71370983035614,-87.53084421157837,118,0.006584740589122232
Morgan St & Pershing Rd,41.823613000000016,-87.65093099999999,118,0.006584740589122232
Linder Ave & Montrose Ave,41.960810000000016,-87.76488,117,0.006528937702773738
Damen Ave & 81st St,41.746534,-87.67305499999999,117,0.006528937702773738
Public Rack - Kedzie Ave & Argyle St,41.972097000000005,-87.70857199999999,117,0.006528937702773738
Elston Ave & Carmen Ave,41.973539999999986,-87.74955,116,0.006473134816425244
Pulaski Rd & Lake St,41.885408999999996,-87.72649099999998,114,0.0063615290437282574
Lexington St & California Ave,41.871993799999984,-87.69581079999995,114,0.0063615290437282574
Carpenter St & Lake St Public Rack,41.885586000000025,-87.65318929999992,113,0.006305726157379765
Wentworth Ave & 63rd St,41.78007963264001,-87.62974630520006,113,0.006305726157379765
Cottage Grove Ave & 47th St,41.80985499999998,-87.60675499999991,112,0.0062499232710312705
Harding Ave & Division St,41.902345299999986,-87.72507440000003,112,0.0062499232710312705
Merrimac Park,41.952610000000014,-87.78535000000002,112,0.0062499232710312705
Kedzie Ave & 24th St,41.848193000000016,-87.70541199999997,111,0.006194120384682777
Meade Ave & Fullerton Ave,41.92475099999999,-87.77827199999999,111,0.006194120384682777
Campbell Ave & 51st St,41.800940000000004,-87.68676000000002,110,0.006138317498334284
Vincennes Ave & 104th St,41.704925564997644,-87.65686810958869,110,0.006138317498334284
Public Rack - Rush St & Ontario St,41.89310918999997,-87.62535276000006,110,0.006138317498334284
Lynch Ave & Elston Ave,41.980959999999996,-87.76149000000002,110,0.006138317498334284
Sacramento Ave & Lunt Ave,42.0082,-87.70460999999997,109,0.00608251461198579
NAVY PIER,41.892278,-87.61204299999987,109,0.00608251461198579
Farragut Ave & Central Ave,41.97666000000001,-87.76822999999999,108,0.006026711725637297
Public Rack - Dearborn St & Kinzie St 2,41.889311599999964,-87.62938823999993,108,0.006026711725637297
Homan Ave & 26th St,41.844249999999995,-87.70983,107,0.005970908839288804
St Louis Ave & Norman Bobbins Pl,41.794390000000014,-87.71131999999999,107,0.005970908839288804
Kedzie Ave & Archer Ave,41.814470000000014,-87.70410999999996,107,0.005970908839288804
Mason Ave & Montrose Ave,41.96056000000001,-87.77588,106,0.0059151059529403095
Commercial Ave & 130th St,41.65915042759774,-87.55076229572296,105,0.005859303066591816
Hoyne Ave & 34th St,41.8320245,-87.67783869999997,105,0.005859303066591816
Austin Ave & Milwaukee Ave,41.98736,-87.77804999999998,105,0.005859303066591816
LaSalle St & Adams St Corral,41.87937993353256,-87.63207982317408,104,0.005803500180243323
Public Rack - Halsted St & Fullerton Ave,41.92554512000002,-87.64781046999998,104,0.005803500180243323
Halsted St & 69th St,41.76906172032,-87.64461357789999,103,0.00574769729389483
Chicago State University,41.71896342165456,-87.60829567909241,103,0.00574769729389483
Public Rack - California Ave & Cortez St,41.90010500000001,-87.696817,103,0.00574769729389483
Shields Ave & 43rd St,41.81620767855999,-87.6348193497,101,0.005636091521197842
Central & Elston,41.985499999999995,-87.76820000000001,100,0.0055802886348493485
Columbus Ave & 79th St,41.749119,-87.704263,100,0.0055802886348493485
Wabash Ave & 59th St,41.7866436476446,-87.62395236627698,99,0.005524485748500856
Kostner Ave & 63rd St,41.77874999999998,-87.73245999999997,99,0.005524485748500856
Albany Ave & 26th St,41.844507,-87.70165499999999,99,0.005524485748500856
Millard Ave & 26th St,41.84453112462163,-87.71592199802399,99,0.005524485748500856
Stony Island Ave & 75th St,41.758669670399996,-87.58688287099997,98,0.005468682862152362
Public Rack - Rockwell & Division,41.902820000000006,-87.69239699999999,98,0.005468682862152362
Major Ave & Addison St,41.94588168831167,-87.77051512987015,95,0.005301274203106881
Kilpatrick Ave & Parker Ave,41.93073746969697,-87.74407759090913,95,0.005301274203106881
Rainbow Beach,41.757870965225486,-87.54917675279043,95,0.005301274203106881
Public Rack - Clark St & Diversey Pkwy (South),41.93256595999996,-87.64478090000009,95,0.005301274203106881
Ave L & 114th,41.688030000000005,-87.53641000000002,94,0.005245471316758388
Francisco Ave & 47th St,41.808490000000006,-87.69673000000004,93,0.005189668430409895
Francisco Ave & 85th St,41.73890200000001,-87.69551800000002,93,0.005189668430409895
Laramie Ave & Kinzie St,41.887832,-87.755527,93,0.005189668430409895
Waveland/Racine,41.94909999999991,-87.65929999999986,92,0.0051338655440614014
Public Rack - St Clair St & Superior St,41.89570279000001,-87.62331576999999,91,0.005078062657712907
Central Ave & Wellington Ave,41.9349097,-87.76677180000001,91,0.005078062657712907
Public Rack - Hyde Park Blvd & 53rd St,41.799468000000005,-87.58420600000001,91,0.005078062657712907
Hyacinth Ave & Milwaukee Ave,41.99282,-87.78377000000003,90,0.005022259771364414
Glenwood Ave & Devon Ave,41.99791000000004,-87.6654500000003,90,0.005022259771364414
LaSalle St & Washington St Corral,41.882880000000036,-87.63250999999987,90,0.005022259771364414
Public Rack - Hyde Park Blvd & 55th St,41.795,-87.58411299999993,89,0.004966456885015921
Clyde Ave & 87th St,41.73715146431055,-87.57274031639099,89,0.004966456885015921
Western Ave & 28th St,41.84151770807001,-87.6851314409,88,0.0049106539986674275
Wallace St & Pershing Rd,41.82350774204948,-87.64079111307421,87,0.004854851112318934
Hamlin Ave & Grand Ave,41.904032756581394,-87.72156207070542,87,0.004854851112318934
Kedzie Ave & Jackson Blvd,41.877160999999994,-87.706134,86,0.00479904822597044
California Ave & 36th St,41.828098,-87.69468400000004,86,0.00479904822597044
Burnham Greenway & 105th St,41.70457508720709,-87.52823173999786,86,0.00479904822597044
Lamon Ave & Belmont Ave,41.93899208,-87.7492772517647,86,0.00479904822597044
Cottage Grove Ave & 49th St,41.80627299999999,-87.60664300000002,86,0.00479904822597044
Albany Ave & 16th St,41.85934289308175,-87.70302000000001,85,0.004743245339621946
Central Park Blvd & 5th Ave,41.875679,-87.71547000000005,85,0.004743245339621946
Public Rack - Clark St & Diversey Pkwy (North 2),41.93333146999998,-87.64542122999974,85,0.004743245339621946
Lawndale Ave & 111th St,41.69131919221067,-87.71288573741913,85,0.004743245339621946
Kilpatrick Ave & Grand Ave,41.912732,-87.74363600000002,85,0.004743245339621946
Addison/Racine,41.947299999999935,-87.65920000000004,84,0.0046874424532734535
Central Park Ave & Washington Blvd,41.88274760000001,-87.71539940000001,84,0.0046874424532734535
Laramie Ave & Bloomingdale Ave,41.91432,-87.75572000000003,84,0.0046874424532734535
Public Rack - Kingsbury Ave & Eastman St,41.90687904000003,-87.6508806000001,83,0.00463163956692496
Damen Ave & Chicago Ave Public Rack,41.895809000000035,-87.67851900000001,83,0.00463163956692496
La Villita Park,41.83925,-87.70201999999999,83,0.00463163956692496
State St & Pershing Rd,41.823015237979995,-87.6265680185,82,0.0045758366805764665
North Branch St & Haines St,41.900560000000034,-87.65078999999986,82,0.0045758366805764665
Mango Ave & North Ave,41.90958,-87.7691175,82,0.0045758366805764665
Public Rack - Wells St & Schiller St,41.90755273000004,-87.63451268999985,82,0.0045758366805764665
California & 16th St,41.859228000000016,-87.69556199999992,81,0.004520033794227972
Kedzie Ave & 52nd St,41.79905999999999,-87.70342,80,0.004464230907879479
Public Rack - Kimbark Ave & 67th St,41.774045,-87.594322,80,0.004464230907879479
Lavergne Ave & Lawrence Ave,41.96775,-87.75259000000004,80,0.004464230907879479
Western Ave & 111th St,41.69121103498104,-87.68129736185074,79,0.004408428021530986
Public Rack - Southport Ave & Fullteron Ave,41.925096580000016,-87.66323499000006,78,0.0043526251351824925
Public Rack - Clark St & Diversey Pkwy (North 1),41.93318982999999,-87.64529920000001,78,0.0043526251351824925
Harlem Ave & Bloomingdale Ave,41.912029999999994,-87.80576999999997,78,0.0043526251351824925
Whipple St & Irving Park Rd,41.95422000000003,-87.70444000000005,77,0.004296822248833999
Leamington Ave & Hirsch St,41.905840500000004,-87.75486019999998,77,0.004296822248833999
Meade Ave & Addison St,41.94595,-87.77887999999999,77,0.004296822248833999
Public Rack - Dearborn St & Superior St,41.895719850000056,-87.62953575000007,77,0.004296822248833999
Public Rack - Sangamon St & Fulton St,41.88692786,-87.65110139999997,77,0.004296822248833999
Central Ave & Lake St,41.887664,-87.76546899999997,74,0.0041294135897885186
Central Park Ave & Douglas Blvd,41.86235,-87.71587,73,0.004073610703440025
Austin Blvd & Chicago Ave,41.894887,-87.774704,73,0.004073610703440025
California Ave & Marquette Rd,41.771611,-87.69333099999999,73,0.004073610703440025
Rockwell St & 47th St,41.80853000000001,-87.68941999999998,73,0.004073610703440025
Knox Ave & Marquette Ave,41.77114,-87.73774000000002,73,0.004073610703440025
Keeler Ave & Roosevelt Rd,41.8664014,-87.73001496999998,72,0.0040178078170915316
Public Rack - Hamlin Ave & Fullerton Ave,41.92431899999999,-87.72144599999999,72,0.0040178078170915316
Public Rack - Woodlawn Ave & 63rd St N,41.780620999999975,-87.59603299999996,72,0.0040178078170915316
Ellis Ave & 83rd St,41.744122999999995,-87.599034,72,0.0040178078170915316
California Ave & Madison St,41.88098,-87.69597999999999,72,0.0040178078170915316
Kilbourn Ave & 49th St,41.80384999999999,-87.73566000000001,72,0.0040178078170915316
Cottage Grove Ave & 83rd St,41.743441000000004,-87.60483599999999,71,0.003962004930743037
Damen Ave & 51st St,41.800908,-87.67468400000001,71,0.003962004930743037
Western Ave & 104th St,41.70458710218909,-87.68120348453522,71,0.003962004930743037
Wabash Ave & 87th St,41.73655301831962,-87.62264415621758,71,0.003962004930743037
Orange Ave & Addison St,41.94484999999999,-87.82422999999997,71,0.003962004930743037
Narragansett Ave & Montrose Ave,41.95997800000001,-87.78692799999999,70,0.0039062020443945446
Richmond St & 59th St,41.78648999999999,-87.69733,70,0.0039062020443945446
Spaulding Ave & 16th St,41.85907319999999,-87.70789289999999,70,0.0039062020443945446
Artesian Ave & 55th St,41.79402,-87.68577000000003,70,0.0039062020443945446
Kedzie Ave & 38th Pl,41.8235109,-87.70410170000001,70,0.0039062020443945446
Western Ave & 43rd St,41.81574,-87.68489000000002,69,0.003850399158046051
Phillips Ave & 79th St,41.751819999999995,-87.565211,69,0.003850399158046051
Houston Ave & 92nd St,41.72820421535798,-87.54970014095306,68,0.003794596271697557
Harding Ave & Chicago Ave,41.895312999999994,-87.72473799999996,68,0.003794596271697557
Public Rack - Southport Ave & Webster Ave,41.92155961000002,-87.66337145999994,68,0.003794596271697557
Halsted St & 73rd St,41.76160543804394,-87.64416097666071,68,0.003794596271697557
Harding Ave & 26th St,41.844218,-87.72334700000002,68,0.003794596271697557
Sacramento Blvd & Fulton St,41.88653000000001,-87.70164999999999,68,0.003794596271697557
Panama Ave & Grace St,41.947660000000006,-87.82925,68,0.003794596271697557
Public Rack - Keystone Ave & Irving Park Rd,41.95344899999999,-87.72963499999999,67,0.0037387933853490637
Damen Ave & Coulter St,41.85014923076921,-87.67513923076928,67,0.0037387933853490637
Kedzie Ave & Roosevelt Rd,41.866492781720005,-87.70649617570001,67,0.0037387933853490637
Vincennes Ave & 107th St,41.69921999999999,-87.65869,66,0.00368299049900057
Jeffery Blvd & 76th St,41.75712006802,-87.57583935870001,66,0.00368299049900057
Ewing Ave & 106th St,41.70266,-87.53564000000004,65,0.003627187612652077
Menard Ave & Milwaukee Ave,41.98139,-87.77331000000001,65,0.003627187612652077
Public Rack - Springfield Ave & Lawrence Ave,41.9683986,-87.7256873,65,0.003627187612652077
Lavergne Ave & Division St,41.902107700000016,-87.75086980000002,64,0.0035713847263035836
Mulligan Ave & Archer Ave,41.79296000000001,-87.78052,64,0.0035713847263035836
Central Park Ave & Ohio St,41.89187546842104,-87.71641120789475,64,0.0035713847263035836
Long Ave & Irving Park Rd,41.95300999999997,-87.76214,64,0.0035713847263035836
State St & 79th St,41.750794,-87.62442400000002,63,0.0035155818399550897
Wellington Ave & Mulligan Ave,41.93472999999999,-87.78436,63,0.0035155818399550897
Monitor Ave & Division St,41.90191999999999,-87.77178000000002,63,0.0035155818399550897
Nordica Ave & Medill Ave,41.92227000000002,-87.80202000000003,63,0.0035155818399550897
State St & 45th St,41.81313,-87.62584999999997,63,0.0035155818399550897
Public Rack - Wabash Ave & Chicago Ave,41.89678901999997,-87.62644291000004,63,0.0035155818399550897
Public Rack - Spaulding Ave & Evergreen Ave,41.90531699999999,-87.70952099999992,63,0.0035155818399550897
Spaulding Ave & 63rd,41.7791655,-87.70563919999998,62,0.003459778953606596
California Ave & 71st St,41.764748000000026,-87.69312099999996,62,0.003459778953606596
Lamon Ave & Armitage Ave,41.91676,-87.749458,62,0.003459778953606596
Halsted St & 104th St,41.70513978893235,-87.6424241065979,62,0.003459778953606596
Public Rack - Cicero Ave & Belle Plaine Ave,41.955625000000005,-87.74751699999997,62,0.003459778953606596
Long & Irving Park,41.95303800000001,-87.76216319999997,61,0.0034039760672581027
Public Rack - Wabash Ave & Balbo Dr,41.87318755999999,-87.62619832000001,61,0.0034039760672581027
Meade Ave & Diversey Ave,41.930859999999996,-87.77845000000002,61,0.0034039760672581027
Halsted St & 63rd St,41.77938114228001,-87.6446208145,61,0.0034039760672581027
Public Rack - Champlain Ave & 65th St,41.775904,-87.60930100000002,61,0.0034039760672581027
Cicero Ave & Lake St,41.886841,-87.74526100000001,60,0.0033481731809096096
Baltimore Ave & 133rd St,41.65349,-87.54703,60,0.0033481731809096096
State St & 54th St,41.79664200000001,-87.62592300000004,60,0.0033481731809096096
Mayfield Ave & Roosevelt Rd,41.86568999999999,-87.77176,60,0.0033481731809096096
Kildare Ave & 47th St,41.80761999999999,-87.73084,60,0.0033481731809096096
California Ave & 26th St,41.843679914576505,-87.69496858119965,60,0.0033481731809096096
Washtenaw Ave & Peterson Ave,41.990680729613736,-87.69706759656657,60,0.0033481731809096096
Central Ave & Roscoe St,41.942275,-87.76694999999998,59,0.003292370294561116
Wabash Ave & 49th St,41.805809999999994,-87.6245,59,0.003292370294561116
Kenmore Ave & School St,41.94166000000004,-87.65560000000004,59,0.003292370294561116
Washington Blvd & Peoria St Public Rack,41.88304299999998,-87.64993099999995,59,0.003292370294561116
Marmora Ave & Belmont Ave,41.938283917241385,-87.77449119310347,59,0.003292370294561116
Francisco Ave & Hollywood Ave,41.9845826440678,-87.70158111016949,59,0.003292370294561116
Greenwood Ave & 97th St,41.7187031547574,-87.59703576564789,58,0.003236567408212622
Pulaski Rd & Ann Lurie Pl,41.816440000000014,-87.72479999999997,58,0.003236567408212622
Lawndale Ave & 59th St,41.78637999999999,-87.71569999999998,58,0.003236567408212622
Western Ave & 101st St,41.71010999999999,-87.68198,58,0.003236567408212622
Le Mai Ave & Devon Ave,41.99721999999999,-87.75687000000002,58,0.003236567408212622
Elizabeth St & 47th St,41.80839,-87.656526,58,0.003236567408212622
Kedzie Ave & 83rd St,41.742523,-87.70227900000002,58,0.003236567408212622
Grace/Sheffield,41.95119999999998,-87.65459999999992,58,0.003236567408212622
Damen Ave & 87th St,41.73604400000001,-87.672861,57,0.0031807645218641287
Halsted St & 59th St,41.787539,-87.64487399999999,57,0.0031807645218641287
Oketo Ave & Addison St,41.94496,-87.81188999999998,57,0.0031807645218641287
Yates Blvd & 75th St,41.75876800000002,-87.56644000000001,57,0.0031807645218641287
Kildare Ave & Chicago Ave,41.8954357,-87.7334818,57,0.0031807645218641287
Central Ave & Madison St,41.88012100000002,-87.763238,57,0.0031807645218641287
Public Rack - Wells St & Lake St,41.88566760999997,-87.63375584999996,57,0.0031807645218641287
LaSalle St & Washington St Corral N,41.882880000000064,-87.63250999999984,56,0.0031249616355156352
Overhill Ave & Belmont Ave,41.937990000000006,-87.81915000000002,56,0.0031249616355156352
Larrabee St & Chicago Ave,41.896769999999954,-87.63860000000014,55,0.003069158749167142
Kenneth Ave & 50th St,41.8023131027027,-87.7344078675676,55,0.003069158749167142
Public Rack - Milwaukee Ave & Diversey Ave,41.931230000000006,-87.71150099999991,55,0.003069158749167142
Public Rack - Lowell Ave & Elston Ave,41.96614,-87.737,55,0.003069158749167142
Public Rack - Rockwell St & Chicago Ave,41.89585499999999,-87.69185699999997,55,0.003069158749167142
Public Rack - Kostner Ave & Armitage Ave,41.91721099999999,-87.73613600000002,55,0.003069158749167142
Kedzie Ave & Redfield Dr,41.765229999999995,-87.70316000000001,54,0.0030133558628186487
Public Rack - Harold Washington Park,41.80108900000001,-87.58479100000004,54,0.0030133558628186487
Oglesby Ave & 100th St,41.713397484422444,-87.56584167480469,54,0.0030133558628186487
Damen Ave & 59th St,41.785861065132,-87.67414391040802,54,0.0030133558628186487
Racine Ave & Garfield Blvd,41.794228,-87.65507299999999,54,0.0030133558628186487
Vincennes Ave & 95th St,41.721260000000015,-87.65005,53,0.0029575529764701547
Bernard St & Peterson Ave,41.990439299999984,-87.715236,53,0.0029575529764701547
Dauphin Ave & 103rd St,41.70725036778181,-87.60766267776489,53,0.0029575529764701547
Public Rack - Racine Ave & Armitage Ave,41.91814969000003,-87.65830299000002,53,0.0029575529764701547
Phillips Ave & 83rd St,41.744531000000016,-87.56505999999997,53,0.0029575529764701547
Commercial Ave & 83rd St,41.744615,-87.551208,53,0.0029575529764701547
Halsted St & 78th St,41.75248701249014,-87.6439021574879,53,0.0029575529764701547
Ping Tom Park East Public Rack,41.857988600000006,-87.6319447,53,0.0029575529764701547
Michigan Ave & 105th St,41.70346000000001,-87.62036999999998,53,0.0029575529764701547
Ewing Ave & 98th St,41.71781,-87.53504,53,0.0029575529764701547
Halsted St & 93rd St,41.72489,-87.64357999999999,52,0.0029017500901216617
Maplewood Ave & 59th St,41.7863343382353,-87.68743294999997,52,0.0029017500901216617
Eggleston Ave & 111th St,41.69254,-87.63374000000003,52,0.0029017500901216617
Mozart St & 79th St,41.74970200000001,-87.693917,52,0.0029017500901216617
Aberdeen St & 103rd St,41.70703999999998,-87.65022000000005,52,0.0029017500901216617
Ashland Ave & Garfield Blvd,41.792822,-87.66442900000001,51,0.002845947203773168
Kedzie Ave & Harrison St,41.87359967461999,-87.70487074930001,51,0.002845947203773168
Kedvale Ave & Peterson Ave,41.99007619999999,-87.73170729999998,51,0.002845947203773168
Nagle Ave & Belmont Ave,41.93852,-87.78735000000002,51,0.002845947203773168
Public Rack - Jonathan Y Scammon Public School,41.941612000000035,-87.732372,51,0.002845947203773168
Augusta Blvd & Laramie Ave,41.8986607,-87.75545510000002,50,0.0027901443174246743
Baltimore Ave & 87th St,41.737335600416685,-87.54851460456847,50,0.0027901443174246743
Wentworth Ave & 107th St,41.699889999999996,-87.62784999999998,50,0.0027901443174246743
Public Rack - Trader Joe's Clybourn Ave,41.91467859000007,-87.65491579999988,50,0.0027901443174246743
Eggleston Ave & 69th St,41.76889799999999,-87.63587600000002,50,0.0027901443174246743
Eberhart Ave & 91st St,41.729285157254864,-87.6110315322876,50,0.0027901443174246743
Dauphin Ave & 87th St,41.73648000000001,-87.60125200000002,50,0.0027901443174246743
Racine Ave & 65th St,41.775392999999994,-87.65430799999999,49,0.002734341431076181
Clark/Racine,41.95049999999997,-87.6593,49,0.002734341431076181
Cottage Grove Ave & 71st St,41.76571903696999,-87.604959713,49,0.002734341431076181
Archer Ave & Homan Ave,41.81152999999999,-87.70885,48,0.0026785385447276873
Throop St & 52nd St,41.79965899999999,-87.65719499999999,48,0.0026785385447276873
Scottsdale Park,41.741966,-87.736179,48,0.0026785385447276873
Loomis Blvd & 84th St,41.741486528618054,-87.65841007232666,48,0.0026785385447276873
Cicero Ave & Quincy St,41.877613,-87.74540500000002,47,0.002622735658379194
Public Rack - Carpenter St & Madison St,41.88160620000003,-87.65351139999991,47,0.002622735658379194
St. Louis & 71st St,41.764354,-87.71012099999999,47,0.002622735658379194
Central Ave & Parker Ave,41.93017900793651,-87.76612112433864,47,0.002622735658379194
Public Rack - Wells St & Wacker Dr,41.886632669999976,-87.63405977999996,47,0.002622735658379194
Kildare Ave & Archer Ave,41.800400333333336,-87.730531,47,0.002622735658379194
Kildare Ave & 55th St,41.79332000000001,-87.73059000000002,47,0.002622735658379194
Central Park & Augusta Blvd,41.8989108,-87.71649010000004,46,0.0025669327720307007
Pulaski Rd & 54th St,41.79499,-87.72361,46,0.0025669327720307007
Sacramento Blvd & Fulton Ave,41.886528000000006,-87.70167000000001,46,0.0025669327720307007
Burley Ave & 85th St,41.741170000000004,-87.54518,46,0.0025669327720307007
Oriole Ave & Irving Park Rd,41.95224,-87.81697,46,0.0025669327720307007
Public Rack - Ogden Ave & Monroe St,41.88001377999996,-87.66761090999994,46,0.0025669327720307007
Mango Ave & Diversey Ave,41.9309625,-87.7698856,45,0.002511129885682207
Public Rack - Dearborn St & Jackson Ave,41.87802962,-87.62940127999995,45,0.002511129885682207
Public Rack - St Clair St & Ontario St,41.893664680000015,-87.6226649,45,0.002511129885682207
Homan Ave & Arthington Ave,41.869629999999994,-87.71054999999998,45,0.002511129885682207
Public Rack - Damen Ave & Division St,41.90328073,-87.67622970999999,45,0.002511129885682207
Public Rack - Clybourn Ave & Dickens Ave,41.91908084,-87.66107184999996,45,0.002511129885682207
Vincennes Ave & 79th St,41.75059999999999,-87.63408999999997,44,0.0024553269993337137
21st St & Pulaski Rd,41.85361349076191,-87.72466860101741,44,0.0024553269993337137
Avenue O & 134th St,41.65190268532079,-87.53955539376464,44,0.0024553269993337137
Mozart St & 55th St,41.793749999999996,-87.69472,44,0.0024553269993337137
Damen Ave & 77th St,41.75399814328985,-87.67338311864405,44,0.0024553269993337137
Lawndale Ave & 16th St,41.85916047755102,-87.7176951734694,43,0.00239952411298522
Lamon Ave & Chicago Ave,41.89501789999999,-87.74849859999996,43,0.00239952411298522
Ewing Ave & Burnham Greenway,41.70999,-87.53549999999997,43,0.00239952411298522
Cottage Grove Ave & 111th Pl,41.69170975847014,-87.61000156402588,43,0.00239952411298522
Hamlin Ave & 62nd Pl,41.779914266666665,-87.7178257866667,43,0.00239952411298522
Eggleston Ave & 115th St,41.68507,-87.63361,43,0.00239952411298522
Artesian Ave & Marquette Rd,41.77203,-87.684637,43,0.00239952411298522
Public Rack - Emerald Ave & 43rd St,41.816430000000004,-87.64475399999998,43,0.00239952411298522
Greenwood Ave & 79th St,41.75129,-87.59760000000003,43,0.00239952411298522
Sacramento Ave & 25th St,41.846549510204085,-87.70013105102039,43,0.00239952411298522
Vernon Ave & 107th St,41.70012137923888,-87.61225998401642,42,0.0023437212266367267
Lavergne Ave & 46th St,41.809340000000006,-87.74783092093023,42,0.0023437212266367267
Public Rack - Lawndale Ave & Diversey Ave,41.93170199999999,-87.71925400000002,42,0.0023437212266367267
Public Rack - Spaulding Ave & North Ave,41.910138,-87.70955299999999,42,0.0023437212266367267
Halsted St & 119th St,41.67764,-87.64174000000001,42,0.0023437212266367267
Calumet Ave & 71st St,41.765508005810005,-87.61691792500002,41,0.0022879183402882333
Ashland Ave & 66th St,41.77407399999999,-87.663815,41,0.0022879183402882333
Central Ave & Chicago Ave,41.89495474666666,-87.76491331999998,41,0.0022879183402882333
Public Rack - Hamlin Ave & Montrose Ave,41.96121600000001,-87.72241599999997,41,0.0022879183402882333
Public Rack - Orleans St & Grand Ave,41.89164251000007,-87.63679676999989,41,0.0022879183402882333
Kildare Ave & Division St,41.902393000000004,-87.73359799999999,40,0.0022321154539397393
Kildare Ave & 26th St,41.84437325131325,-87.73249769888325,40,0.0022321154539397393
Sacramento Ave & 51st St,41.80068,-87.69894999999998,40,0.0022321154539397393
Public Rack - Karlov Ave & Kamerling Ave,41.905621,-87.728636,40,0.0022321154539397393
Public Rack - DuSable Lake Shore Dr & Ontario St,41.89434697000001,-87.61569137,40,0.0022321154539397393
Archer Ave & 43rd St,41.81549102499999,-87.70243248461537,40,0.0022321154539397393
Hamilton Park,41.76252,-87.63734000000002,40,0.0022321154539397393
Eggleston Ave & 92nd St,41.727575659299575,-87.63482809066771,40,0.0022321154539397393
Springfield Ave & 71st St,41.764484,-87.720028,40,0.0022321154539397393
Cicero Ave & Wellington Ave,41.93514999999999,-87.74636000000002,40,0.0022321154539397393
Hastings LWS,41.863516400000044,-87.67974849999996,40,0.0022321154539397393
Halsted St & 96th St,41.719712183618846,-87.6430195569992,40,0.0022321154539397393
Milwaukee & Fullerton,41.92469000000003,-87.70059999999998,39,0.0021763125675912463
Springfield Ave & 80th St,41.74763,-87.71945,39,0.0021763125675912463
Ashland Ave & 78th St,41.75220484941116,-87.66369938850403,39,0.0021763125675912463
Tripp Ave & 31st St,41.83696599999999,-87.73050200000003,39,0.0021763125675912463
State St & 111th St,41.69251000000001,-87.62287000000002,39,0.0021763125675912463
Kedzie Ave & 66th Pl,41.77258400000001,-87.70300700000001,39,0.0021763125675912463
Cicero Ave & Flournoy St,41.87213100000002,-87.74661899999997,39,0.0021763125675912463
Narragansett Ave & School St,41.94012580645161,-87.78648043548387,39,0.0021763125675912463
Laflin St & 115th St,41.68498999999999,-87.65990999999998,38,0.0021205096812427523
Halsted St & 56th St,41.79292964599,-87.6449900565,38,0.0021205096812427523
St Louis Ave & 59th St,41.78589,-87.71056999999998,38,0.0021205096812427523
Homewood Ave & 115th St,41.684595072026184,-87.67070800065994,38,0.0021205096812427523
East End Ave & 87th St,41.73681521440671,-87.58280128240585,38,0.0021205096812427523
Lamon Ave & 47th St,41.80781,-87.74569,38,0.0021205096812427523
Kedzie Ave & 110th St,41.692394745875575,-87.70096063613892,38,0.0021205096812427523
Public Rack - South Shore Dr & 71st St,41.766206,-87.56278900000002,38,0.0021205096812427523
Oconto Ave & Belmont Ave,41.93783,-87.80788,38,0.0021205096812427523
Ewing Ave & 97th St,41.719820000000006,-87.53542000000003,38,0.0021205096812427523
Public Rack - Avers Ave & Irving Park Rd,41.953789000000015,-87.72416100000002,38,0.0021205096812427523
St Louis Ave & 51st St,41.80095000000001,-87.71104000000001,37,0.0020647067948942593
Ashland Ave & 74th St,41.75923602425868,-87.66347408294678,37,0.0020647067948942593
Kenmore Ave & Catalpa Ave,41.982030000000044,-87.65653000000015,37,0.0020647067948942593
Major Taylor Trail & 115th St,41.68493159519295,-87.6452887058258,37,0.0020647067948942593
[Archived] Wilton Ave & Diversey Pkwy,41.932418000000006,-87.65270500000007,37,0.0020647067948942593
Public Rack - Langley Ave & Oakwood Blvd,41.822838999999995,-87.60952499999999,37,0.0020647067948942593
Stony Island Ave & 90th St,41.731394943302355,-87.58574366569519,37,0.0020647067948942593
Komensky Ave & 47th St,41.80769000000001,-87.72472000000002,37,0.0020647067948942593
Seeley Ave & Garfield Blvd,41.794087000000005,-87.675478,37,0.0020647067948942593
Ashland Ave & 63rd St,41.779374,-87.66484299999999,37,0.0020647067948942593
Olive Harvey College,41.709581135262546,-87.59023368358612,36,0.0020089039085457658
Kostner Ave & Lake St,41.885928,-87.73541000000002,36,0.0020089039085457658
Cottage Grove Ave & 78th St,41.75317399999998,-87.60502600000001,36,0.0020089039085457658
Doty Ave & 111th St,41.69501044938143,-87.59871482849121,36,0.0020089039085457658
Hegewisch Metra Station,41.64850076266408,-87.54608988761902,36,0.0020089039085457658
Pulaski Rd & 75th St,41.75725,-87.72246999999999,36,0.0020089039085457658
Granville Ave & Pulaski Rd,41.9924402,-87.72890720000002,36,0.0020089039085457658
California Ave & 16th St,41.85926000000001,-87.69549999999992,35,0.0019531010221972723
Public Rack - Western Blvd & 49th St,41.80478,-87.683749,35,0.0019531010221972723
Vernon Ave & 79th St,41.75094,-87.61378999999997,35,0.0019531010221972723
Laramie Ave & Madison St,41.88020699999999,-87.75533700000003,35,0.0019531010221972723
State St & 123rd St,41.6706438368798,-87.62258648872375,35,0.0019531010221972723
Avers Ave & 16th St,41.85909,-87.72121,35,0.0019531010221972723
Public Rack - Desplaines St & Fulton St,41.88689240000002,-87.64341688000002,35,0.0019531010221972723
Public Rack - Eberhart Ave & 61st St,41.783745,-87.612919,34,0.0018972981358487786
Public Rack - Morgan St & Madison St,41.881789839999946,-87.65178052999998,34,0.0018972981358487786
Tripp Ave & 15th St,41.86077000000001,-87.73135999999998,34,0.0018972981358487786
Public Rack - Wells St & Ontario St,41.89338453999998,-87.63401971999998,34,0.0018972981358487786
Torrence Ave & 126th Pl,41.66631200825726,-87.55721569061278,34,0.0018972981358487786
Wentworth Ave & 92nd St,41.72713999999999,-87.62886000000002,34,0.0018972981358487786
Public Rack - Wacker Dr & Adams St,41.87941640999998,-87.63719314999994,34,0.0018972981358487786
Public Rack - Austin Blvd & North Ave,41.909281,-87.77561299999999,34,0.0018972981358487786
Karlov Ave & Madison St,41.88085,-87.727907,34,0.0018972981358487786
Racine Ave & 115th St,41.68476,-87.65196,34,0.0018972981358487786
Avenue O & 118th St,41.68100145911039,-87.5379312226869,34,0.0018972981358487786
Yates Blvd & 93rd St,41.726166390245105,-87.5662761926651,33,0.001841495249500285
Commercial Ave & 90th St,41.73183687272728,-87.55216160909092,33,0.001841495249500285
Public Rack - Wells St & Monroe St,41.8806039,-87.63357567999998,33,0.001841495249500285
Central Ave & Harrison St,41.87299300000001,-87.76449900000001,33,0.001841495249500285
Wood St & 84th St,41.741192000000005,-87.66810599999998,33,0.001841495249500285
Archer Ave & 49th St,41.8042,-87.72081999999999,33,0.001841495249500285
Major Taylor Trail & 111th St,41.69211000000001,-87.6489,33,0.001841495249500285
Homan Ave & 77th St,41.75373999999999,-87.70751,33,0.001841495249500285
Vernon Ave & 75th St,41.75836100000001,-87.61413799999995,32,0.0017856923631517918
Throop St & 99th St,41.71414,-87.65470000000002,32,0.0017856923631517918
Public Rack - Kenton Ave & Palmer St,41.9206781,-87.7419523,32,0.0017856923631517918
Pulaski Rd & 68th St,41.769494854545464,-87.72284200000001,32,0.0017856923631517918
Hastings St Depot Public Rack,41.86351639999999,-87.67974850000002,31,0.001729889476803298
SCOOTERS CLASSIC - 2132 W Hubbard ST,41.88996749470834,-87.6801560819149,31,0.001729889476803298
Oak Park & Wellington,41.934586,-87.79596130000002,31,0.001729889476803298
Public Rack - Loomis St & Eleanor St,41.84450288000001,-87.66012478,31,0.001729889476803298
Komensky Ave & 31st St,41.83670468965517,-87.7256405862069,31,0.001729889476803298
Public Rack - Ashland Orange Line CTA,41.83922899000001,-87.66564109999997,31,0.001729889476803298
Halsted St & 111th St,41.692262555891666,-87.64261186122894,31,0.001729889476803298
Public Rack - Leamington & Elston,41.977894,-87.75631500000001,31,0.001729889476803298
Halsted St & 123rd St,41.67096,-87.64154,30,0.0016740865904548048
Public Rack - Lake Shore Dr & Hayes Dr,41.78058099999999,-87.57456199999997,30,0.0016740865904548048
Public Rack - Orleans St & Ontario St,41.89306681,-87.63873783000003,30,0.0016740865904548048
Franklin St & Monroe St Corral,41.88056000000003,-87.63524,30,0.0016740865904548048
Bennett Ave & 79th St,41.751785,-87.578496,30,0.0016740865904548048
Parnell Ave & 127th St,41.66338,-87.63428999999998,29,0.001618283704106311
Public Rack - Sheffield Ave & Belden Ave,41.92335973,-87.65362625999997,29,0.001618283704106311
Public Rack - Independence Blvd & Roosevelt,41.8662123,-87.7184969,29,0.001618283704106311
Long Ave & North Ave,41.9092147,-87.7609189,29,0.001618283704106311
Martin Luther King Dr & 87th St,41.73677,-87.61439,29,0.001618283704106311
Greenwood Ave & 91st St,41.72826426816273,-87.59729862213135,29,0.001618283704106311
W 103rd St & S Avers Ave,41.705846,-87.71707400000001,29,0.001618283704106311
Altgeld Gardens,41.65666552967373,-87.59880065917969,28,0.0015624808177578176
Harlem Ave & Grace St,41.94893999999999,-87.80683,28,0.0015624808177578176
Public Rack - Western Ave & Devon Ave,41.99757899999999,-87.68971300000001,28,0.0015624808177578176
Lake/Green Corral,41.8854698,-87.64856370000001,28,0.0015624808177578176
Paulina Ave & 87th St,41.73562900000001,-87.66552,28,0.0015624808177578176
Public Rack - Sawyer Ave & Bryn Mawr Ave - SE,41.983017399999994,-87.70969989999999,28,0.0015624808177578176
Stony Island Ave & 82nd St,41.746559000000005,-87.586005,28,0.0015624808177578176
Woodlawn Ave & 75th St,41.75916,-87.59578286666667,27,0.0015066779314093243
Public Rack - Sheffield Ave & Dickens Ave,41.91999262000001,-87.65357154000002,27,0.0015066779314093243
Newcastle Ave & Irving Park Rd,41.95256,-87.79755,27,0.0015066779314093243
Western Ave & 79th St,41.750843,-87.682701,27,0.0015066779314093243
Western Ave & 62nd St,41.780982571428574,-87.68340077714286,27,0.0015066779314093243
Public Rack - Washtenaw Ave & Devon Ave,41.997764,-87.69722099999997,27,0.0015066779314093243
Michigan Ave & 71st St,41.765286,-87.62174800000001,27,0.0015066779314093243
Princeton Ave & 95th St,41.72174999999999,-87.63074999999999,26,0.0014508750450608308
Public Rack - Kimball Ave & Lawrence Ave,41.9679125,-87.71343529999999,26,0.0014508750450608308
Latrobe Ave & Chicago Ave,41.89480669354838,-87.75654153225805,26,0.0014508750450608308
Public Rack - Laramine Ave & Winnemac Ave,41.9718249,-87.75756229999998,26,0.0014508750450608308
Public Rack - Garfield Park Conservatory,41.886579999999995,-87.71664600000003,26,0.0014508750450608308
Oak Park Ave & Wellington Ave,41.93459000000001,-87.79585999999999,26,0.0014508750450608308
Pulaski Rd & 84th St,41.74040699999999,-87.72190700000002,26,0.0014508750450608308
Long Ave & Belden Ave,41.9227143125,-87.76095250000002,26,0.0014508750450608308
Public Rack - Oakley Blvd & Grand Ave,41.890651000000005,-87.68410299999996,26,0.0014508750450608308
Elizabeth St & 92nd St,41.726798963701185,-87.65429019927979,25,0.0013950721587123371
Central Park Ave & 66th St,41.773258,-87.713143,25,0.0013950721587123371
Public Rack - Greenwood Ave & Lake Park Ave,41.81737199999999,-87.59957599999998,25,0.0013950721587123371
Public Rack - Halsted St Metra Station,41.860435390000006,-87.64683101999996,25,0.0013950721587123371
Public Rack - Nagel & Higgins,41.976312,-87.78764,25,0.0013950721587123371
Public Rack - Milwaukee Ave & Culyer Ave,41.95468009999998,-87.74942349999999,25,0.0013950721587123371
Pulaski Rd & 60th Pl,41.78315,-87.72257,24,0.0013392692723638436
Kenton Ave & Madison St,41.88042,-87.74107999999998,24,0.0013392692723638436
Public Rack - Richard Daley College,41.75486,-87.72363999999999,24,0.0013392692723638436
Public Rack - Rockwell Ave & Touhy Ave ,42.01234399999999,-87.695383,24,0.0013392692723638436
St. Louis Ave & 59th St,41.78589,-87.71056999999999,24,0.0013392692723638436
Public Rack - Lafayette Ave & 95th St,41.721787,-87.62493900000001,24,0.0013392692723638436
Public Rack - Milwaukee Ave & School St,41.940647999999996,-87.726087,24,0.0013392692723638436
Kedzie Ave & 45th St,41.81139017647059,-87.70400229411763,23,0.0012834663860153504
Kedzie Ave & 73rd St,41.760703,-87.70229199999999,23,0.0012834663860153504
Public Rack - Leavitt St & Potomac Ave,41.904976000000005,-87.68205099999994,23,0.0012834663860153504
Public Rack - Milwaukee Ave & Higgins Ave,41.96859640000001,-87.76120919999997,23,0.0012834663860153504
Public Rack - Minuteman Park,41.785333,-87.76260149999997,23,0.0012834663860153504
Public Rack - Kimball Ave & Carmen Ave,41.973895999999996,-87.71329699999997,23,0.0012834663860153504
Public Rack - Wells St & Grand Ave,41.891033560000004,-87.63415517000006,23,0.0012834663860153504
Public Rack - Pulaski Rd & Fullerton Ave,41.924618,-87.727398,23,0.0012834663860153504
Public Rack - Oak Park & Higgins,41.97888799999999,-87.79623500000001,23,0.0012834663860153504
Major Ave & Bloomingdale Ave,41.91258790714286,-87.76873539285712,23,0.0012834663860153504
Monitor Ave & Fullerton Ave,41.92379,-87.77228,23,0.0012834663860153504
Loomis St & 95th St,41.72148,-87.65774000000003,23,0.0012834663860153504
Public Rack - Menard Ave & Dakin St - midblock,41.951732,-87.772005,23,0.0012834663860153504
Racine Ave & 57th St,41.78969688048338,-87.65469789505005,23,0.0012834663860153504
Public Rack - Prairie Ave & Garfield Blvd N,41.794808749999994,-87.61890696000003,23,0.0012834663860153504
Roscoe & Harlem,41.94160620000001,-87.80729640000001,22,0.0012276634996668569
Whipple St & Roosevelt Rd,41.86655255555555,-87.70149186111111,22,0.0012276634996668569
Homan Ave & 65th St,41.775157416666666,-87.70812345833333,22,0.0012276634996668569
Public Rack - Clark St & Oak St,41.90107054000003,-87.63147892999999,22,0.0012276634996668569
Central Park Ave & Augusta Blvd,41.898940000000024,-87.71648999999996,22,0.0012276634996668569
Artesian Ave & 71st St,41.764345,-87.68441700000001,22,0.0012276634996668569
Public Rack - Hoyne Ave & Walton St,41.898502,-87.67951999999997,21,0.0011718606133183634
Public Rack - Olmstead Ave & Oliphant Ave,42.0023112,-87.8170946,21,0.0011718606133183634
Public Rack - Hoyne Ave & Grand Ave,41.890918000000006,-87.67928800000003,21,0.0011718606133183634
South Chicago Ave & 83rd St,41.743921,-87.57522500000003,21,0.0011718606133183634
Public Rack - Keating & Peterson,41.99015899999999,-87.74718299999998,21,0.0011718606133183634
Public Rack - Centennial Park North,42.0485144,-87.67362840000001,21,0.0011718606133183634
State St & 127th St,41.66387999999999,-87.622,21,0.0011718606133183634
Public Rack - Clifton Ave & Webster Ave,41.92153608,-87.65719603999999,21,0.0011718606133183634
Karlov Ave & Fillmore St,41.86815000000001,-87.7276,21,0.0011718606133183634
Public Rack - Centennial Park South,42.046487899999995,-87.67323929999999,21,0.0011718606133183634
Public Rack - Burling Ave & Armitage Ave,41.91814107999997,-87.64714057999998,21,0.0011718606133183634
Constance Ave & 95th St,41.72229074095262,-87.57896840572357,21,0.0011718606133183634
May St & 69th St,41.768938000000006,-87.65293399999997,21,0.0011718606133183634
Harding Ave & 31st St,41.83672000000001,-87.72303,21,0.0011718606133183634
Rockwell St & 63rd St,41.77879017021277,-87.68858320000001,21,0.0011718606133183634
Public Rack - Central Ave & Lawrence Ave,41.96786410000001,-87.76759310000001,20,0.0011160577269698697
Public Rack - Touhy Ave & Oconto Ave,42.011773899999994,-87.80766459999998,20,0.0011160577269698697
MLK Jr Dr & 83rd St,41.743116,-87.6148,20,0.0011160577269698697
Mason Ave & Belmont Ave,41.938368200000006,-87.77250289999998,20,0.0011160577269698697
Public Rack - 532 E 43rd St,41.816846999999996,-87.613294,20,0.0011160577269698697
Parkside Ave & Armitage Ave,41.91690700000001,-87.76717299999999,20,0.0011160577269698697
Public Rack - Lockwood & Archer,41.796679999999995,-87.75516000000002,20,0.0011160577269698697
Public Rack - Wacker Dr & Madison St (East),41.88184658,-87.63650718999999,19,0.0010602548406213762
Troy Ave & 27th St,41.842650000000006,-87.70401,19,0.0010602548406213762
Public Rack - Lavergne Ave & Belle Plaine Ave,41.9553079,-87.75178779999999,19,0.0010602548406213762
Public Rack - Wacker Dr & Madison St (West),41.881991899999996,-87.63729758999999,19,0.0010602548406213762
Columbus Ave & 83rd Pl,41.74134600000001,-87.71369600000001,19,0.0010602548406213762
Marquette Ave & 89th St,41.73366879071473,-87.55834221839905,19,0.0010602548406213762
Racine Ave & 61st St,41.783189,-87.65437199999998,19,0.0010602548406213762
Public Rack - Clifton Ave & Armitage Ave,41.91800358,-87.65627483,19,0.0010602548406213762
Indiana Ave & 103rd St,41.70717027117757,-87.6184719800949,18,0.0010044519542728829
Public Rack - Milwaukee Ave & Warner Ave,41.9562591,-87.7507656,18,0.0010044519542728829
Wentworth Ave & 104th St,41.705307996998194,-87.62921690940857,18,0.0010044519542728829
Public Rack - Prairie Ave & 47th St ,41.80949700000001,-87.61899700000001,18,0.0010044519542728829
Evans Ave & 75th St,41.758489999999995,-87.60641000000001,18,0.0010044519542728829
Public Rack - Mango & Higgins,41.971722,-87.77228800000003,18,0.0010044519542728829
Public Rack - Kedzie Ave & 64th St - SW,41.777031,-87.703223,17,0.0009486490679243893
Public Rack - Bernard St & Foster Ave,41.97563530000001,-87.7126762,17,0.0009486490679243893
Public Rack - Sawyer Ave & Lawrence Ave,41.9683,-87.709435,17,0.0009486490679243893
Public Rack - Milwaukee Ave & Addison St,41.946509999999996,-87.735721,17,0.0009486490679243893
Public Rack - Kedzie Ave & 64th St - SE,41.776984999999996,-87.702916,17,0.0009486490679243893
Kostner Ave & Adams St,41.877917000000004,-87.73573699999999,17,0.0009486490679243893
Public Rack - Western Ave & 100th St,41.711666,-87.681963,17,0.0009486490679243893
Public Rack - Walden Pkwy & 103rd St,41.706205,-87.66896499999999,17,0.0009486490679243893
Public Rack - Tripp Ave & North Ave,41.909953949999995,-87.73271446,17,0.0009486490679243893
Lake/Morgan Corral,41.8854978,-87.65231570000002,17,0.0009486490679243893
Public Rack - Sacramento Ave & Devon Ave,41.997575,-87.70464899999999,17,0.0009486490679243893
Public Rack - State ST & 42nd St,41.819067,-87.626417,17,0.0009486490679243893
Stewart Ave & 63rd St,41.779835,-87.634774,17,0.0009486490679243893
Front Ave & 115th St,41.68577,-87.61248,17,0.0009486490679243893
Stewart Ave & 83rd St,41.74371699999998,-87.634088,17,0.0009486490679243893
Public Rack - Spaulding Ave & Bryn Mawr Ave,41.98296400000001,-87.71144100000001,16,0.0008928461815758959
Public Rack - Avers & Lawrence,41.968420000000016,-87.72446000000001,16,0.0008928461815758959
Rhodes Ave & 71st St,41.76599999999999,-87.611726,16,0.0008928461815758959
Public Rack - Calumet Ave & 51st St,41.80222100000001,-87.61845700000002,16,0.0008928461815758959
North Ave & New England Ave,41.9092204,-87.79714060000002,16,0.0008928461815758959
Addison Red Line Corral,41.947197599999996,-87.65395140000004,16,0.0008928461815758959
Public Rack - Norwood Park Station ,41.991899999999994,-87.79916000000001,16,0.0008928461815758959
Wabash Ave & 83rd St,41.743359762253235,-87.62284398078917,16,0.0008928461815758959
Public Rack - Kenmore Ave & Armitage Ave,41.918211720000016,-87.65452851000003,16,0.0008928461815758959
Bradley Park,41.717878301935,-87.56459176540375,16,0.0008928461815758959
Halsted St & 83rd St,41.743069999999996,-87.64370000000001,16,0.0008928461815758959
Public Rack - Forest Glen Station ,41.97871000000001,-87.75552,16,0.0008928461815758959
Public Rack - Avondale Ave & Addison St,41.94655000000001,-87.719827,16,0.0008928461815758959
Lavergne Ave & Archer Ave,41.798159999999996,-87.74771999999999,15,0.0008370432952274024
Public Rack - Hiawatha & Mendota,42.006989999999995,-87.77800699999999,15,0.0008370432952274024
St. Louis Ave & 71st St,41.764354000000004,-87.710121,15,0.0008370432952274024
Menard Ave & North Ave,41.9097167,-87.7702037,15,0.0008370432952274024
Commercial Ave & 97th St,41.71893,-87.55112,15,0.0008370432952274024
Kildare Ave & 85th St (Kostner Ave & 87th St TEMPORARY),41.734928999999994,-87.731187,15,0.0008370432952274024
Public Rack - Drake Ave & Leland Ave,41.96598530000002,-87.716876,15,0.0008370432952274024
Public Rack - Pulaski Rd & Armitage Ave,41.917019999999994,-87.727096,15,0.0008370432952274024
Damen Ave & 74th St,41.75927403933124,-87.67363429069519,15,0.0008370432952274024
Public Rack - Pulaski Rd & Lake St,41.885577,-87.72605999999999,15,0.0008370432952274024
Public Rack - Bryn Mawr Ave & Spaulding Ave,41.9830926,-87.71158449999999,15,0.0008370432952274024
Public Rack - Central Ave & Pensacola Ave,41.9600246,-87.76713709999999,15,0.0008370432952274024
Springfield Ave & 47th St,41.808070779999994,-87.72122412000002,15,0.0008370432952274024
Laramie Ave & Gladys Ave,41.875806000000004,-87.755285,15,0.0008370432952274024
Public Rack - Jeffrey Blvd & 71st St,41.76633300000001,-87.576154,15,0.0008370432952274024
Public Rack - Milwaukee Ave & Sunnyside Ave,41.96252220000001,-87.7560059,14,0.0007812404088789088
Public Rack - Central & Leland,41.965408,-87.767339,14,0.0007812404088789088
State St & 76th St,41.756971,-87.62462099999999,14,0.0007812404088789088
Vincennes Ave & 75th St,41.75797,-87.63121,14,0.0007812404088789088
Indiana Ave & 133rd St,41.65380000000001,-87.61719,14,0.0007812404088789088
Public Rack - Kedzie Ave & Chicago Ave,41.895559999999996,-87.70641,14,0.0007812404088789088
Troy St & Jackson Blvd,41.87750499999999,-87.70484999999998,14,0.0007812404088789088
Public Rack - Ewing Ave & 107th St,41.700378,-87.535276,14,0.0007812404088789088
Public Rack - Jensen Park,41.964864000000006,-87.72077399999999,14,0.0007812404088789088
Public Rack - Homan Ave & Lake St,41.884739999999994,-87.71135699999999,14,0.0007812404088789088
Loomis St & 89th St,41.73237975329554,-87.65806943178177,14,0.0007812404088789088
Public Rack - Milwaukee Ave & Lawrence Ave,41.967385700000015,-87.76016989999998,14,0.0007812404088789088
Michigan Ave & 114th St,41.687014794671185,-87.62105226516724,13,0.0007254375225304154
Major Taylor Trail & 124th St,41.66869635332246,-87.63711333274841,13,0.0007254375225304154
Public Rack - Linder Ave & 64th Pl,41.775524,-87.757972,13,0.0007254375225304154
Public Rack - Ford City Mall,41.757154,-87.741409,13,0.0007254375225304154
Lavergne Ave & 44th St,41.81311,-87.74868999999998,13,0.0007254375225304154
Public Rack - Irving Park Rd & Leclaire Ave,41.95341800000001,-87.75484099999998,13,0.0007254375225304154
Public Rack - Avers Ave & Ogden Ave,41.852642,-87.72103,13,0.0007254375225304154
Burley Ave & 91st St,41.73054,-87.54557999999999,13,0.0007254375225304154
Public Rack - Jeffery Blvd & 67th St,41.773259,-87.57666399999998,13,0.0007254375225304154
Kildare & Cermak,41.851413999999984,-87.73215000000002,13,0.0007254375225304154
Public Rack - Lotus Ave & Lawrence Ave,41.96765350000001,-87.76362980000003,13,0.0007254375225304154
Public Rack - Trumbull Ave & 111th St,41.691596,-87.70739699999999,13,0.0007254375225304154
Kedzie Ave & 104th St,41.70378981538462,-87.70138436923077,13,0.0007254375225304154
Public Rack - Western Ave & Chicago Ave,41.89582300000001,-87.68713000000001,13,0.0007254375225304154
Public Rack - Pulaski Rd & 44th St,41.81289999999999,-87.7225,12,0.0006696346361819218
Steelworkers Park (Updated),41.737948,-87.53083599999998,12,0.0006696346361819218
Public Rack - Western Ave & 92nd Pl,41.725538,-87.681968,12,0.0006696346361819218
Public Rack - S. Kilpatrick and W. 79th,41.74929999999999,-87.73958,12,0.0006696346361819218
Komensky Ave & 55th St,41.79327899999999,-87.724189,12,0.0006696346361819218
Public Rack - St Louis Ave & Berteau Ave,41.958373,-87.715685,12,0.0006696346361819218
Manistee Ave & 95th St,41.7226,-87.55692,12,0.0006696346361819218
Public Rack - Princeton Ave & 43rd St,41.81588299999999,-87.633718,12,0.0006696346361819218
Public Rack - Monticello & Lawrence,41.968213999999996,-87.71954099999999,12,0.0006696346361819218
Commercial Ave & 100th St,41.71331739547703,-87.55109757184982,12,0.0006696346361819218
Public Rack - California Ave & Ogden Ave,41.8608706,-87.69568100000001,12,0.0006696346361819218
Troy St & 27th St,41.84266,-87.70405,12,0.0006696346361819218
Laramie Ave & Augusta Blvd,41.89865,-87.75546999999999,12,0.0006696346361819218
Fullerton & Monitor,41.9237918,-87.77231159999998,11,0.0006138317498334284
Michigan Ave & 108th St,41.69815,-87.62111000000002,11,0.0006138317498334284
Homan Ave & Fillmore St,41.8681132328767,-87.71091118219177,11,0.0006138317498334284
Public Rack - Milwaukee Ave & Pensacola Ave,41.95951079999999,-87.75339579999999,11,0.0006138317498334284
Pulaski Rd & 60th St,41.784186,-87.72256399999999,11,0.0006138317498334284
Public Rack - Orleans St & Chicago Ave,41.896443760000004,-87.63797544,11,0.0006138317498334284
Public Rack - Washington Park Ct & 51st St,41.8021917,-87.61514440000002,11,0.0006138317498334284
Public Rack - Linder & Elston,41.983559,-87.76577,11,0.0006138317498334284
Public Rack - Kenneth & Carmen,41.972642,-87.739239,11,0.0006138317498334284
Public Rack - Mont Clare Ave & Higgins Ave,41.98060199999999,-87.80496300000001,11,0.0006138317498334284
Eberhart Ave & 131st St,41.658413151101065,-87.61071089698817,11,0.0006138317498334284
Public Rack - Irving Park Rd & Menard Ave,41.953233899999994,-87.7721894,11,0.0006138317498334284
Public Rack - Peterson Park,41.97870999999999,-87.75551999999999,11,0.0006138317498334284
Public Rack - Christiana Ave & 55th St,41.793307,-87.707702,11,0.0006138317498334284
Public Rack - Hollywood Park,41.98929,-87.71182000000002,11,0.0006138317498334284
Public Rack - Central Park Ave & Fulton Blvd,41.8861512,-87.7155114,11,0.0006138317498334284
Public Rack - N. Oakview and W. Gregory St,41.9801,-87.84396,11,0.0006138317498334284
Public Rack - Milwaukee Ave & Kennedy Expy,41.9712722,-87.76388690000002,11,0.0006138317498334284
Summit Ave & 86th St,41.737848476733404,-87.64489978551862,10,0.0005580288634849348
Damen Ave & 33rd St,41.83410800000001,-87.67558999999999,10,0.0005580288634849348
Carpenter St & 63rd St,41.77987,-87.650919,10,0.0005580288634849348
Wentworth Ave & 111th St,41.69259,-87.62825,10,0.0005580288634849348
Stony Island Ave & South Chicago Ave,41.751173,-87.585337,10,0.0005580288634849348
Public Rack - Ottowa Ave & Touhy Ave,42.011492200000006,-87.8182017,10,0.0005580288634849348
Public Rack - King Dr & Oakwood Blvd,41.822827,-87.61648600000001,10,0.0005580288634849348
Ada St & 113th Pl,41.68759,-87.65540999999999,10,0.0005580288634849348
Public Rack - Nashotah & Northwest Hwy,41.988140999999985,-87.79144699999999,10,0.0005580288634849348
MLK Dr & 111th St,41.692629999999994,-87.6136,10,0.0005580288634849348
Public Rack - Oak Park Ave & Foster Ave,41.9746022,-87.8119558,10,0.0005580288634849348
Martin Luther King Dr & 111th St,41.69263895647178,-87.61367386484746,10,0.0005580288634849348
Hubbard St Depot Public Rack,41.889777200000005,-87.68035099999999,10,0.0005580288634849348
Public Rack - Western Ave & Jarvis Ave,42.016397999999995,-87.69037599999999,10,0.0005580288634849348
Public Rack - Keystone Ave & North Ave,41.909623,-87.727951,10,0.0005580288634849348
Sacramento Blvd & Polk St,41.87095899999999,-87.700259,10,0.0005580288634849348
Mango Ave & Grand Ave,41.91965055,-87.76941355,9,0.0005022259771364414
Public Rack - South Boulevard Beach,42.027305,-87.6683105,9,0.0005022259771364414
Torrence Ave & 106th St,41.702800850225906,-87.55972623825073,9,0.0005022259771364414
Public Rack - Leclaire Ave & Division St,41.90205,-87.75304999999999,9,0.0005022259771364414
Public Rack - Oketo & Talcott,41.988596,-87.812525,9,0.0005022259771364414
Public Rack - Chase Ave & Touhy Ave - NE,42.014539000000006,-87.69013590000002,9,0.0005022259771364414
Public Rack - Imlay & Milwaukee,41.998982999999996,-87.78955999999998,9,0.0005022259771364414
Public Rack - Christiana & Lincoln,41.99346,-87.71273399999998,9,0.0005022259771364414
Public Rack - Central Park & Peterson,41.990092999999995,-87.718753,9,0.0005022259771364414
Ave H & 110th St,41.69553,-87.53304,9,0.0005022259771364414
Public Rack - Wentworth Ave & 103rd St,41.70725699999999,-87.627826,9,0.0005022259771364414
Public Rack - Penn Elementary School / KIPP Ascend Middle School,41.8586742,-87.72238349999999,9,0.0005022259771364414
Shields Ave & 57th St,41.79075999999999,-87.6345,9,0.0005022259771364414
Public Rack - Laramie Ave & Belmont Ave,41.93868550000001,-87.75563,9,0.0005022259771364414
Public Rack - St Louis & Lincoln,41.995652,-87.71632799999999,9,0.0005022259771364414
Public Rack - Hamlin Ave & Madison St,41.880833,-87.72079700000002,9,0.0005022259771364414
Public Rack - Milwaukee Ave & Leland Ave,41.96611239999999,-87.7593376,9,0.0005022259771364414
Steelworkers Park Public Rack,41.73794800000001,-87.53083600000001,9,0.0005022259771364414
New England Ave & North Ave,41.90929,-87.79715000000002,9,0.0005022259771364414
Harlem Ave & Roscoe St,41.941590000000005,-87.80719999999998,9,0.0005022259771364414
Public Rack - California Ave & Devon Ave - NE,41.99826000000001,-87.69948100000002,9,0.0005022259771364414
Public Rack - Lynch & Elston,41.980931,-87.761302,9,0.0005022259771364414
Public Rack - Woodlawn Ave & 63rd St S,41.779484000000004,-87.59602799999999,9,0.0005022259771364414
Public Rack - Delphina & Foster,41.9736,-87.84109800000002,9,0.0005022259771364414
Public Rack - Plainfield Ave & Irving Park Rd,41.952133,-87.833817,8,0.00044642309078794795
Public Rack - Cicero & 64th,41.77643,-87.742389,8,0.00044642309078794795
Public Rack - Kenton & Lawrence,41.967988999999996,-87.74304899999998,8,0.00044642309078794795
Public Rack - Odell & Talcott,41.98731,-87.81023,8,0.00044642309078794795
Public Rack - Natoma Ave & 61st St,41.780936,-87.787643,8,0.00044642309078794795
Public Rack - Talman Ave & 51st St,41.800908,-87.690802,8,0.00044642309078794795
Western Ave & 81st St,41.74642600000001,-87.68312299999998,8,0.00044642309078794795
Public Rack - Central & Prescott,41.992794,-87.765586,8,0.00044642309078794795
Marshfield Ave & 59th St,41.786833,-87.66621499999998,8,0.00044642309078794795
Public Rack - Chappel Ave & 71st St,41.766366,-87.575287,8,0.00044642309078794795
Lake/Sangamon Corral,41.885469300000004,-87.65089409999999,8,0.00044642309078794795
Public Rack - 63rd Pl & Narraganssett Ave,41.77658579999999,-87.7820753,8,0.00044642309078794795
Public Rack - Kostner Ave & Diversey Ave,41.931803,-87.737285,8,0.00044642309078794795
Public Rack - California Ave & Devon Ave - NW,41.998481,-87.69985,8,0.00044642309078794795
Public Rack - Melvina & Foster,41.975596,-87.78348400000002,8,0.00044642309078794795
Public Rack - Throop St & 58th St,41.788541,-87.65621,8,0.00044642309078794795
Public Rack - Nordica Ave & Addison St,41.945428,-87.803458,8,0.00044642309078794795
South Chicago Ave & Elliot Ave,41.747363,-87.580046,8,0.00044642309078794795
Public Rack - Melvina Ave & Belmont Ave,41.9384207,-87.7813896,8,0.00044642309078794795
Public Rack - Overhill Ave & Touhy Ave,42.0114627,-87.81900973,8,0.00044642309078794795
Public Rack - Strohacker Park,41.79482,-87.73211199999999,8,0.00044642309078794795
Public Rack - Wilbur Wright College South,41.95828,-87.78745000000002,7,0.0003906202044394544
Daley Center Plaza Corral,41.8841951,-87.629701,7,0.0003906202044394544
Public Rack - Maplewood Ave & Chicago Ave,41.892492,-87.69157399999999,7,0.0003906202044394544
Public Rack - Ewing Ave & 99th St,41.715961400000005,-87.5351111,7,0.0003906202044394544
Public Rack - Pullman - Planet Fitness,41.69782,-87.59779,7,0.0003906202044394544
Public Rack - Evans Ave & 63rd St,41.78050600000002,-87.607519,7,0.0003906202044394544
Public Rack - Northwest Hwy & Neva Ave,41.9958546,-87.8050971,7,0.0003906202044394544
Public Rack - Chase Ave & Touhy Ave - NW,42.014271,-87.69040800000002,7,0.0003906202044394544
Michigan Ave & 113th St,41.68905,-87.62079,7,0.0003906202044394544
Public Rack - N Narragansett Ave & Grand Ave,41.92258040000001,-87.7849799,7,0.0003906202044394544
Public Rack - Kimball & Ardmore,41.98702400000001,-87.71397000000002,7,0.0003906202044394544
Avers Ave & 103rd St,41.705862995555556,-87.71709551133333,7,0.0003906202044394544
Public Rack - 85th Pl & Pulaski Rd,41.737389,-87.721334,7,0.0003906202044394544
Public Rack - Kedvale Ave & 63rd St W,41.778761,-87.726892,7,0.0003906202044394544
Public Rack - Emerald Ave & 45th St,41.812380999999995,-87.644633,7,0.0003906202044394544
Public Rack - Lighthouse Beach,42.0647467,-87.6757017,7,0.0003906202044394544
Public Rack - 63rd St and Nagle Ave,41.7776014,-87.78221579999999,7,0.0003906202044394544
Public Rack - Central Ave & Corcoran Pl,41.887342,-87.765041,6,0.0003348173180909609
Public Rack - Langley Ave & 49th St,41.805217999999996,-87.60907599999997,6,0.0003348173180909609
Public Rack - Ashland Ave & 46th St,41.810537,-87.665404,6,0.0003348173180909609
Yates Ave & 95th St,41.72237,-87.56478,6,0.0003348173180909609
Public Rack - Natoma Ave & Bryn Mawr Ave,41.982886,-87.790461,6,0.0003348173180909609
Public Rack - Pullman - Walmart,41.69696,-87.59829,6,0.0003348173180909609
Public Rack - Mulligan & Northwest Hwy,41.985317,-87.786721,6,0.0003348173180909609
Public Rack - Nordica & Archer,41.792212,-87.797662,6,0.0003348173180909609
Public Rack - Damen Ave & 47th St,41.808884,-87.67513,6,0.0003348173180909609
Public Rack - 4810 Keeler Ave,41.968578099999995,-87.73303579999998,6,0.0003348173180909609
Public Rack - Prairie Ave & Garfield Blvd S,41.794344,-87.619062,6,0.0003348173180909609
Public Rack - Octavia Ave & Touhy Ave,42.01173846,-87.80832137,6,0.0003348173180909609
Public Rack - Sayer & Northwest Hwy,41.99434000000001,-87.802532,6,0.0003348173180909609
Public Rack - Neva Ave & Grand Ave,41.923604000000005,-87.804659,6,0.0003348173180909609
Public Rack - Justine St & 87th St,41.736018999999985,-87.66243,6,0.0003348173180909609
Public Rack - Winona St & Elston Ave,41.974342699999994,-87.75038739999998,6,0.0003348173180909609
Public Rack - Western Ave & 47th Pl,41.808038,-87.68470900000003,6,0.0003348173180909609
Lake/Carpenter Corral,41.8857214,-87.6533778,6,0.0003348173180909609
Hubbard St Depot,41.88977720000001,-87.68035099999999,6,0.0003348173180909609
Public Rack - Lawndale Ave & Polk St,41.8707651,-87.7183735,6,0.0003348173180909609
Public Rack - Fullerton Ave & Narragansett Ave,41.92373899999999,-87.78583499999999,6,0.0003348173180909609
Public Rack - Halsted St & 102nd St,41.70794,-87.64317700000001,6,0.0003348173180909609
Public Rack - Western Ave & 105th St,41.702609,-87.68149200000002,6,0.0003348173180909609
Public Rack - Legler Regional Library,41.879312,-87.725428,6,0.0003348173180909609
Public Rack - Hoyne Ave & 51st St,41.80100099999999,-87.67677300000001,6,0.0003348173180909609
Public Rack - Avenue M & 132nd St,41.655691999999995,-87.537595,6,0.0003348173180909609
Public Rack - Narragansett Ave & Fullerton Ave,41.92378,-87.7843998,6,0.0003348173180909609
Public Rack - Campbell Ave & Pratt Blvd,42.00507,-87.692643,6,0.0003348173180909609
Public Rack - Langley Ave & 105th Pl,41.702472,-87.606477,6,0.0003348173180909609
Public Rack - Kildare Ave & Washignton Blvd,41.88183800000001,-87.733661,6,0.0003348173180909609
Public Rack - Cicero Ave & Cortland St - midblock,41.91582,-87.746074,5,0.0002790144317424674
Public Rack - Laramie Ave & Grand Ave,41.917002,-87.755972,5,0.0002790144317424674
Public Rack - Elston Ave & Gunnison St,41.9685781,-87.7405685,5,0.0002790144317424674
Franciso Ave & Bloomingdale Ave,41.91395999999999,-87.69939999999998,5,0.0002790144317424674
Public Rack - Menard Ave & Belmont Ave,41.9384526,-87.77110089999998,5,0.0002790144317424674
Public Rack - Whipple St & 63rd St,41.77888000000001,-87.69981099999998,5,0.0002790144317424674
Public Rack - Pulaski Rd & Roosevelt Rd,41.866103,-87.724463,5,0.0002790144317424674
Public Rack - Michigan Ave & 119th St,41.677934,-87.620754,5,0.0002790144317424674
Public Rack - Northwest Hwy & Bryn Mawr,41.98300799999999,-87.78263400000002,5,0.0002790144317424674
Public Rack - Mason Ave & Milwaukee Ave,41.985683,-87.777065,5,0.0002790144317424674
Public Rack - Christiana Ave & Bryn Mawr Ave,41.98283800000001,-87.71232999999998,5,0.0002790144317424674
Public Rack - Eli Whitney Public School,41.840249,-87.72547199999998,5,0.0002790144317424674
Lake/Aberdeen Corral,41.8856975,-87.65453649999998,5,0.0002790144317424674
Public Rack - Canfield & Victoria,41.985067,-87.823171,5,0.0002790144317424674
Public Rack - Komensky Ave & 59th St,41.78611570864197,-87.72361537283952,5,0.0002790144317424674
Public Rack - Irving Park Rd & Austin Ave,41.953139,-87.777118,5,0.0002790144317424674
Public Rack - Avers & Granville,41.993947,-87.725095,5,0.0002790144317424674
Public Rack - Karlov Ave & Lawrence Ave,41.9683053,-87.7300646,5,0.0002790144317424674
Public Rack - Austin Ave & Archer Ave,41.794209,-87.7716154,5,0.0002790144317424674
Public Rack - Kedzie Ave & 58th St,41.788263,-87.703576,5,0.0002790144317424674
Public Rack - Hiawatha Ave & Minnehaha Ave,41.999522400000004,-87.76048990000001,5,0.0002790144317424674
Ada St & 113th Place,41.68759,-87.65541,5,0.0002790144317424674
Public Rack - Kedzie Ave & 54th St - SE,41.794326000000005,-87.703471,5,0.0002790144317424674
Public Rack - Mackinaw Ave & 108th St,41.699008,-87.54283300000002,5,0.0002790144317424674
Public Rack - Wood St & 47th St,41.80864,-87.66997400000001,5,0.0002790144317424674
Public Rack - Norwood Park,41.98660399999999,-87.79394,5,0.0002790144317424674
Public Rack - Linder Ave & Archer Ave,41.796005,-87.759575,5,0.0002790144317424674
Public Rack - Midway Orange Line,41.78589399999999,-87.73803099999999,5,0.0002790144317424674
Public Rack - Division St & Christiana Ave,41.902539999999995,-87.71085,5,0.0002790144317424674
Public Rack - Ewing Ave & Indianapolis Ave,41.712353,-87.53544999999998,5,0.0002790144317424674
Public Rack - Linder & 51st,41.799981,-87.759999,5,0.0002790144317424674
Racine/Lake Corral,41.8856855,-87.65689150000001,5,0.0002790144317424674
Public Rack - Halsted St & 95th St - SE,41.721004,-87.64303099999998,4,0.00022321154539397398
Public Rack - Neenah & Dakin,41.95170800000001,-87.79074599999998,4,0.00022321154539397398
Public Rack - Pulaski Rd & 65th St,41.773551,-87.722805,4,0.00022321154539397398
Public Rack - Houston Ave & 131st St,41.656961,-87.548521,4,0.00022321154539397398
Public Rack - Wabash Ave & 87th St,41.736063,-87.622952,4,0.00022321154539397398
Public Rack - Racine Ave & 109th Pl,41.694835,-87.653041,4,0.00022321154539397398
Hastings St Depot LWS,41.863516399999995,-87.67974849999999,4,0.00022321154539397398
Public Rack - Wrightwood Metra Station,41.74891,-87.7037,4,0.00022321154539397398
Public Rack - Halsted St & 109th St,41.695655,-87.642804,4,0.00022321154539397398
Public Rack - Rockwell & 111th St,41.691359,-87.68572,4,0.00022321154539397398
Public Rack - Haft Ave & Milwaukee Ave,41.9955785,-87.7863994,4,0.00022321154539397398
Public Rack - Cicero Ave & North Ave,41.909329,-87.745838,4,0.00022321154539397398
Public Rack - Cicero Ave & Altgeld St,41.925734,-87.746414,4,0.00022321154539397398
Public Rack - Oketo & Northwest Hwy,42.000333,-87.812447,4,0.00022321154539397398
Woodlawn & 103rd,41.707338,-87.59399,4,0.00022321154539397398
Public Rack - Trebes Park,41.92238502000001,-87.65825217000001,4,0.00022321154539397398
Public Rack - Peoria St & 60th St,41.784872,-87.647482,4,0.00022321154539397398
Public Rack - Christiana Ave & Lawrence Ave,41.96854700000001,-87.71258199999998,4,0.00022321154539397398
Public Rack - Ashland Ave & 71st St,41.76577,-87.66433,4,0.00022321154539397398
Public Rack - Kilpatrick & Elston,41.970024,-87.74341000000003,4,0.00022321154539397398
Public Rack - Western Ave & 96th St,41.71862099999999,-87.681516,4,0.00022321154539397398
Public Rack - Montrose Ave & Lavergne Ave,41.960606999999996,-87.7516346,4,0.00022321154539397398
S Michigan Ave & E 118th St,41.679804,-87.620843,4,0.00022321154539397398
Public Rack - Martin Luther King Dr & 44th St,41.814445,-87.616265,4,0.00022321154539397398
Public Rack - Kolin Ave & Archer Ave,41.800514,-87.731802,4,0.00022321154539397398
Public Rack - Parkside & 63rd,41.77813200000001,-87.76303600000001,4,0.00022321154539397398
Public Rack - Wood St & 103rd St,41.706498,-87.667091,4,0.00022321154539397398
Public Rack - Lockwood Ave & Diversey Ave,41.931540999999996,-87.75904,4,0.00022321154539397398
Public Rack - Lawrence Ave & Kimball Ave,41.968277,-87.712629,4,0.00022321154539397398
Washington/Green (Green Side) Corral,41.8833012,-87.6486656,4,0.00022321154539397398
Public Rack - Kostner & Peterson,41.98993000000001,-87.737967,4,0.00022321154539397398
Public Rack - Marquette Rd & 67th St,41.773095000000005,-87.61288600000002,4,0.00022321154539397398
Public Rack - Racine Ave & 74th St,41.759439,-87.654146,4,0.00022321154539397398
Public Rack - Halsted St & 41st St,41.820147,-87.64568,4,0.00022321154539397398
Public Rack - Cottage Grove & 84th St,41.741957,-87.60483900000001,4,0.00022321154539397398
Public Rack - Ozanam Ave & Devon Ave,41.9969968,-87.8213419,4,0.00022321154539397398
Public Rack - Lee Street Beach,42.0362804,-87.6703326,4,0.00022321154539397398
N Whipple St & Irving Park Rd,41.95418900000001,-87.70444799999997,4,0.00022321154539397398
Public Rack - Menard Ave & Grand Ave,41.9197904,-87.7709818,4,0.00022321154539397398
Public Rack - Osceola Ave & Touhy Ave,42.0119181,-87.8126378,4,0.00022321154539397398
Public Rack - East End Ave & 87th St,41.737054,-87.583998,4,0.00022321154539397398
Public Rack - Forest Glen & Peterson,41.98986,-87.742921,4,0.00022321154539397398
Public Rack - Pullman Community Center,41.70428,-87.59313,4,0.00022321154539397398
Public Rack - Menard Ave & Adams Blvd,41.877684,-87.769356,4,0.00022321154539397398
Public Rack - Lawndale Ave & 63rd St,41.7787155,-87.7140552,4,0.00022321154539397398
Public Rack - Laramie Ave & Fullerton Ave,41.9240754,-87.7568589,4,0.00022321154539397398
California Ave & 29th St,41.840222,-87.694129,4,0.00022321154539397398
Public Rack - Chopin Park,41.942675,-87.761899,4,0.00022321154539397398
Madison St & Wells St,41.88199,-87.63418,4,0.00022321154539397398
Public Rack - Halsted St & 95th St - SW,41.720964,-87.643447,4,0.00022321154539397398
Public Rack - 111th St - Morgan Park Metra,41.692738000000006,-87.670569,4,0.00022321154539397398
Green St & 86th St,41.737848476733404,-87.64489978551863,4,0.00022321154539397398
Lasalle St & Washington St,41.883235099999986,-87.6321117,4,0.00022321154539397398
S Wentworth Ave & W 111th St,41.6926176,-87.6280518,4,0.00022321154539397398
Public Rack - Halsted St & 111th St,41.691838,-87.642747,4,0.00022321154539397398
Public Rack - Western Ave & 107th St,41.698728,-87.681558,4,0.00022321154539397398
Public Rack - Central Park & Bryn Mawr,41.982873,-87.719594,4,0.00022321154539397398
Public Rack - William J Onahan Public School,41.993771,-87.7925631,4,0.00022321154539397398
Public Rack - Kostner & Bryn Mawr,41.982741,-87.737548,3,0.00016740865904548045
Public Rack - Leader & Caldwell,41.991496,-87.75444699999998,3,0.00016740865904548045
Public Rack - Pulaski Rd & Flournoy St,41.8724252,-87.7253448,3,0.00016740865904548045
Public Rack - Kildare Ave & North Ave,41.909866,-87.73399000000002,3,0.00016740865904548045
Public Rack - Green St & 103rd St,41.70665,-87.643422,3,0.00016740865904548045
Public Rack - Komensky Ave & 63rd St,41.77882,-87.72359899999998,3,0.00016740865904548045
Public Rack - Jeffery Blvd & 83rd St,41.744345,-87.575043,3,0.00016740865904548045
Public Rack - Harper Ave & 63rd St,41.780728,-87.58756600000001,3,0.00016740865904548045
Public Rack - Kostner Ave & 16th St,41.8588018,-87.7343019,3,0.00016740865904548045
Public Rack - Kedzie & 103rd St - W,41.705247,-87.701424,3,0.00016740865904548045
Public Rack - Ozark Ave & Addison St,41.94507500000001,-87.820037,3,0.00016740865904548045
Public Rack - Nagle Ave & Belmont Ave,41.938201,-87.787415,3,0.00016740865904548045
Aberdeen St & 106th St,41.70121,-87.64934,3,0.00016740865904548045
Public Rack - Newcastle Ave & Belden Ave,41.921017,-87.797388,3,0.00016740865904548045
Public Rack - Commercial Ave & 89th St,41.733543,-87.551152,3,0.00016740865904548045
Public Rack - Devon Ave & Kinzua Ave,41.997459,-87.76455600000001,3,0.00016740865904548045
Public Rack - Austin & Higgins,41.973152,-87.77791,3,0.00016740865904548045
Public Rack - Kedvale Ave & Peterson Ave,41.9902168,-87.7323063,3,0.00016740865904548045
Public Rack - Cicero Ave & Wrightwood Ave,41.927944,-87.7466394,3,0.00016740865904548045
Public Rack - Ada St & 119th St,41.677326,-87.654473,3,0.00016740865904548045
Perry St & 119th St,41.67785,-87.62519000000002,3,0.00016740865904548045
Public Rack - Rhodes Ave & 79th St,41.751058,-87.611439,3,0.00016740865904548045
Public Rack - Lawndale Ave & 23rd St,41.849956000000006,-87.71671200000002,3,0.00016740865904548045
Public Rack - Mobile Ave & Archer Ave,41.7929013,-87.7802444,3,0.00016740865904548045
Public Rack - Columbus & 79th,41.749218,-87.704409,3,0.00016740865904548045
Public Rack - Parkside & Elston,41.985467,-87.769583,3,0.00016740865904548045
Public Rack - Parkside & Archer,41.795696,-87.763475,3,0.00016740865904548045
Public Rack - Wentworth Park,41.78878,-87.77964,3,0.00016740865904548045
Public Rack - Laramie Ave & Warwick Ave,41.948812,-87.75713,3,0.00016740865904548045
Public Rack - Central Park Ave & Fillmore St,41.8680617,-87.7153897,3,0.00016740865904548045
Kildare Ave & 85th St,41.734929,-87.73118700000002,3,0.00016740865904548045
Public Rack - California & 87th,41.73569,-87.69217199999999,3,0.00016740865904548045
Public Rack - Springfield & 79th,41.749649,-87.721001,3,0.00016740865904548045
Public Rack - Marshfield Ave & 87th St,41.735527,-87.663867,3,0.00016740865904548045
Public Rack - Halsted St & 113th St,41.68851,-87.642512,3,0.00016740865904548045
Public Rack - Waller Ave & Chicago Ave,41.894681,-87.768156,3,0.00016740865904548045
Rainbow - Beach,41.75787096522547,-87.54917675279042,3,0.00016740865904548045
Public Rack - Harlem & Palatine,41.995501999999995,-87.806967,3,0.00016740865904548045
Public Rack - Exchange Ave & 73rd Pl,41.76261263,-87.56381870999999,3,0.00016740865904548045
Public Rack - Harriet E Sayre Public School,41.913547,-87.79876,3,0.00016740865904548045
Public Rack - Pulaski & Rosemont,41.99519099999999,-87.72898899999998,3,0.00016740865904548045
Public Rack - Bryn Mawr Ave & Milwaukee Ave,41.982934,-87.77443400000001,3,0.00016740865904548045
Public Rack - King Dr & 71st St,41.765862,-87.61478700000002,3,0.00016740865904548045
Public Rack - Kedvale Ave & Avondale Ave,41.952874,-87.731229,3,0.00016740865904548045
Public Rack - Western Ave & 104th St - West,41.703952,-87.68195299999998,3,0.00016740865904548045
Public Rack - Neva & Foster,41.974849,-87.806023,3,0.00016740865904548045
Public Rack - Kedzie Ave & 61st Pl W,41.78201,-87.7034,3,0.00016740865904548045
Public Rack - Bell Ave & 95th St,41.721188,-87.678786,3,0.00016740865904548045
Public Rack - Back of the Yards Park,41.804381,-87.657742,2,0.00011160577269698699
Public Rack - Oketo Ave & Belmont Ave,41.938117,-87.811862,2,0.00011160577269698699
Public Rack - Irving Park Rd & Parkside Ave,41.95305439999999,-87.688832,2,0.00011160577269698699
Public Rack - 2302 S Pulaski Rd,41.849437,-87.724879,2,0.00011160577269698699
Public Rack - California Ave & Touhy Ave - SW,42.011867,-87.700407,2,0.00011160577269698699
Public Rack - Kedzie Ave & 62nd Pl,41.780148,-87.70333799999999,2,0.00011160577269698699
Public Rack - Meade Ave & Archer Ave,41.79405,-87.774078,2,0.00011160577269698699
Public Rack - Lawndale Ave & Roosevelt,41.866225,-87.717918,2,0.00011160577269698699
Public Rack - Central Ave & North Ave,41.909414000000005,-87.765817,2,0.00011160577269698699
Public Rack - Sawyer Ave & Bryn Mawr Ave - SW,41.982879,-87.710534,2,0.00011160577269698699
Public Rack - Western Ave & 118th St,41.678349,-87.680919,2,0.00011160577269698699
Public Rack - Elliott Park,42.0377042,-87.6701174,2,0.00011160577269698699
Public Rack - Maplewood Ave & 63rd St,41.779343,-87.686763,2,0.00011160577269698699
Public Rack - Walden Pkwy & 99th St,41.71397,-87.667798,2,0.00011160577269698699
Public Rack - King Dr & 115th St,41.68523900000001,-87.61341799999998,2,0.00011160577269698699
Public Rack - Austin Ave & Roscoe St,41.942196,-87.776472,2,0.00011160577269698699
Public Rack - Komensky Ave & 26th St,41.844168,-87.726317,2,0.00011160577269698699
Public Rack - Albany Ave & 103rd St,41.706747,-87.700047,2,0.00011160577269698699
Public Rack - Lamon Ave & Archer Ave,41.79823,-87.744952,2,0.00011160577269698699
Public Rack - Western & 79th,41.750806,-87.682722,2,0.00011160577269698699
Public Rack - Sawyer Ave & 111th St,41.691411,-87.70229,2,0.00011160577269698699
Public Rack - 61st St & Melvina Ave,41.780658,-87.776651,2,0.00011160577269698699
Public Rack - Harvard Ave & 119th St,41.678227,-87.630775,2,0.00011160577269698699
Public Rack - Wilbur Wright College North,41.95904,-87.78965999999998,2,0.00011160577269698699
Public Rack - Western Ave & 110th St,41.69442,-87.681547,2,0.00011160577269698699
Public Rack - 10557 S Western Ave,41.701719,-87.68128,2,0.00011160577269698699
Public Rack - Sawyer Ave & Chicago Ave,41.8954597,-87.70809330000002,2,0.00011160577269698699
Public Rack - Laflin St &51st ST,41.801354,-87.662076,2,0.00011160577269698699
Public Rack - May St & 87th St,41.73556,-87.651701,2,0.00011160577269698699
Public Rack - Kenneth Ave & 63rd St E,41.778411,-87.733387,2,0.00011160577269698699
Public Rack - Ashland Ave & 63rd St,41.779127,-87.664039,2,0.00011160577269698699
Public Rack - Pulaski Rd & 5th Ave,41.8730082,-87.72525160000002,2,0.00011160577269698699
Public Rack - Halsted St & 80th St,41.748175,-87.644238,2,0.00011160577269698699
Public Rack - Linder Ave & Belmont Ave,41.938743,-87.763298,2,0.00011160577269698699
Public Rack - Kedzie Ave & 63rd St,41.778865,-87.703029,2,0.00011160577269698699
Public Rack - Irving Park Rd & Melvina Ave,41.952869,-87.780728,2,0.00011160577269698699
Public Rack - Neenah & Archer,41.792142,-87.785406,2,0.00011160577269698699
Public Rack - Hamlin Ave & Grand Ave,41.903738,-87.720287,2,0.00011160577269698699
Public Rack - Keeler Ave & 26th St,41.844058,-87.729873,2,0.00011160577269698699
Public Rack - Milwaukee Ave & Waveland Ave,41.947472,-87.73787500000002,2,0.00011160577269698699
Public Rack - Pullman - Ross Dress for Less,41.69868,-87.597,2,0.00011160577269698699
Public Rack - Rockwell Ave & 71st St,41.764753,-87.688641,2,0.00011160577269698699
Public Rack - Laflin St & 51st St,41.801354,-87.662076,2,0.00011160577269698699
Public Rack - Cicero & Rosemont,41.995567,-87.74863999999998,2,0.00011160577269698699
Public Rack - Al Raby School,41.886167,-87.714711,2,0.00011160577269698699
Public Rack - Austin Branch Chicago Public Library,41.889161,-87.765738,2,0.00011160577269698699
Public Rack - Martin Luther King Dr & 69th St,41.769234,-87.615206,2,0.00011160577269698699
Public Rack - Rutherford Ave & Belmont Ave,41.938315,-87.793848,2,0.00011160577269698699
Public Rack - Nordica Ave & Higgins Ave,41.98012149,-87.80211339,2,0.00011160577269698699
Public Rack - Pulaski & Ardmore,41.98579700000001,-87.72833599999998,2,0.00011160577269698699
Public Rack - Burnham Shores Park,42.0403187,-87.6702221,2,0.00011160577269698699
Public Rack - Parnell Ave & 119th St,41.67711,-87.635677,2,0.00011160577269698699
Public Rack - Aida Food Market,41.749896,-87.643693,2,0.00011160577269698699
Public Rack - Cicero Ave & Roscoe St,41.9424235,-87.74713000000001,2,0.00011160577269698699
Public Rack - Halsted St & 63rd St,41.779945,-87.64137800000002,2,0.00011160577269698699
Public Rack - Homan Ave & Roosevelt,41.86649,-87.710786,2,0.00011160577269698699
Public Rack - Pulaski Rd & 15th St,41.8603966,-87.7250977,2,0.00011160577269698699
Public Rack - Kedzie Ave & Arthington St,41.8700949,-87.7062429,2,0.00011160577269698699
Public Rack - Austin Ave & Wrightwood Ave,41.927665999999995,-87.775682,2,0.00011160577269698699
Public Rack - Kedzie Ave & Archer Ave,41.81359,-87.70477999999999,2,0.00011160577269698699
Public Rack - Ashland Ave & 45th St  S,41.811169,-87.66474,2,0.00011160577269698699
Public Rack - Wolcott Ave & 61st St,41.782378,-87.671719,2,0.00011160577269698699
Public Rack - Harlem and W. 59th,41.78495,-87.8011,2,0.00011160577269698699
Public Rack - Lake Park Ave & 44th St,41.814697,-87.598006,2,0.00011160577269698699
Public Rack - Kildare Ave & 63rd St,41.778442,-87.73047,2,0.00011160577269698699
Public Rack - Mackinaw Ave & 106th St,41.702557,-87.542728,2,0.00011160577269698699
Public Rack - Calumet Ave & 71st St,41.765537,-87.617305,2,0.00011160577269698699
Public Rack - Newcastle & Archer,41.792309,-87.79287900000001,2,0.00011160577269698699
Public Rack - Talman Ave & Pershing Rd,41.822592,-87.690725,2,0.00011160577269698699
Public Rack - Indiana Ave & 111th St,41.692535,-87.617711,2,0.00011160577269698699
Public Rack - Longwood Dr & 111th St,41.69163,-87.671782,2,0.00011160577269698699
Public Rack - Western Ave & 106th St - West,41.701379,-87.681826,2,0.00011160577269698699
Public Rack - Western Ave & 107th Pl,41.698022,-87.681175,2,0.00011160577269698699
Public Rack - W. Talcott & N. Oriole,41.990637,-87.816938,2,0.00011160577269698699
Public Rack - Northwest Hwy & Raven St,41.9927877,-87.799284,2,0.00011160577269698699
Public Rack - May St & 78th St,41.752451,-87.652969,2,0.00011160577269698699
Public Rack - Neola & Northwest Hwy,41.990327,-87.79535599999998,2,0.00011160577269698699
Public Rack - Sacramento Blvd & Washington Blvd,41.882994000000004,-87.70003599999998,2,0.00011160577269698699
Public Rack - Western Ave & 111th St - SW,41.69161,-87.681523,2,0.00011160577269698699
Public Rack - Colfax Ave & 83rd St,41.744818,-87.561055,2,0.00011160577269698699
Public Rack - Hoyne Ave & 110th Pl,41.692457999999995,-87.674035,2,0.00011160577269698699
Public Rack - Spaulding Ave & Foster Ave,41.975921,-87.710415,2,0.00011160577269698699
Public Rack - Newcastle Ave & Belmont Ave,41.938022,-87.79610000000001,2,0.00011160577269698699
Public Rack - Central & Berteau,41.956889999999994,-87.767329,2,0.00011160577269698699
Cottage Grove Ave & 107th St,41.70015,-87.60793,2,0.00011160577269698699
Public Rack - Loomis Blvd & 47th St,41.808746,-87.66026000000001,2,0.00011160577269698699
Public Rack - Houston Ave & 91st St,41.72996400000001,-87.54964500000001,2,0.00011160577269698699
Public Rack - Karlov Ave & 26th St,41.844287,-87.727078,2,0.00011160577269698699
Public Rack - Kedzie Ave & Walnut St,41.88589100000001,-87.70642499999998,2,0.00011160577269698699
Public Rack - Michigan Ave & 113th St,41.688872,-87.620879,2,0.00011160577269698699
Public Rack - Michigan Ave & 96th St,41.718957,-87.62067,2,0.00011160577269698699
Public Rack - 63rd St and Natoma Ave,41.777927,-87.78757890000001,2,0.00011160577269698699
Public Rack - Melvina Ave & Montrose Ave,41.95884980000001,-87.7819167,2,0.00011160577269698699
Public Rack - Bensley Ave & 103rd St,41.7084,-87.56319,1,5.5802886348493494e-05
Public Rack - Champlain Ave & 134th St,41.657379,-87.606444,1,5.5802886348493494e-05
Public Rack - The Montessori School of Englewood,41.76766,-87.66781,1,5.5802886348493494e-05
Public Rack - Wolcott Ave & 56th St,41.791198,-87.671949,1,5.5802886348493494e-05
Public Rack - Kedzie Ave & Pershing Rd,41.822897,-87.704154,1,5.5802886348493494e-05
Public Rack - Minnehaha Ave & Devon Ave,41.997456,-87.7619125,1,5.5802886348493494e-05
S Aberdeen St & W 106th St,41.701217,-87.649345,1,5.5802886348493494e-05
Public Rack - McVicker & 52nd,41.797981,-87.773241,1,5.5802886348493494e-05
Public Rack - West Chatham Park,41.745834,-87.631562,1,5.5802886348493494e-05
Public Rack - Cottage Grove Ave & 75th St,41.758739,-87.605769,1,5.5802886348493494e-05
Public Rack - Northwest Hwy & Highland Ave,41.995867,-87.805223,1,5.5802886348493494e-05
Public Rack - Homan Ave & 26th St,41.84456,-87.710058,1,5.5802886348493494e-05
Public Rack - Austin Ave & Wellington Ave,41.9352453,-87.776052,1,5.5802886348493494e-05
Public Rack - Avenue J & 106th St,41.70261,-87.533531,1,5.5802886348493494e-05
Public Rack - Central Ave & George St,41.9326579,-87.7662058,1,5.5802886348493494e-05
Public Rack - Spencer Elementary Technology Academy,41.884655,-87.750498,1,5.5802886348493494e-05
Public Rack - Pulaski Rd & 41st,41.81791,-87.72413,1,5.5802886348493494e-05
Public Rack - Halsted St & 94th St,41.723442,-87.643612,1,5.5802886348493494e-05
Public Rack - Ashburn Metra ,41.7412,-87.71312,1,5.5802886348493494e-05
Public Rack - Milwaukee Ave & Catalpa Ave,41.97723129999999,-87.76897310000001,1,5.5802886348493494e-05
Public Rack - Keef Ave & South Chicago Ave,41.7707,-87.611706,1,5.5802886348493494e-05
STAFF & VISITORS @ West Chicago Warehouse,41.894966,-87.73105200000002,1,5.5802886348493494e-05
Michigan Ave & 118th St,41.67982,-87.62075,1,5.5802886348493494e-05
Public Rack - Vincennes Ave & 87th St,41.735607,-87.645345,1,5.5802886348493494e-05
Public Rack - Pulaski Rd & 40th St,41.81864,-87.72428,1,5.5802886348493494e-05
Public Rack - Lafayette Ave & 119th St,41.677853,-87.623447,1,5.5802886348493494e-05
Public Rack - Stony Island & 87th St,41.7367,-87.585815,1,5.5802886348493494e-05
Sacramento Ave & Polk St,41.87096,-87.7003,1,5.5802886348493494e-05
Public Rack - Ewing Ave & 106th St,41.7024928,-87.5351313,1,5.5802886348493494e-05
Public Rack - Crandon Ave & 80th St,41.749519,-87.568831,1,5.5802886348493494e-05
Public Rack - Vincennes Ave & 95th Pl,41.720562,-87.650971,1,5.5802886348493494e-05
Public Rack - Throop St & 48t ST,41.806999,-87.657942,1,5.5802886348493494e-05
Public Rack - McVicker Ave & Grand Ave,41.92125099999999,-87.776662,1,5.5802886348493494e-05
Public Rack - Lowe Ave & 94th St,41.724234,-87.639453,1,5.5802886348493494e-05
Public Rack - Kostner Ave & Wrightwood Ave,41.92786,-87.735756,1,5.5802886348493494e-05
Public Rack - Rutherford & 53rd,41.795118,-87.790519,1,5.5802886348493494e-05
Public Rack - Central Park Ave & Ogden Ave,41.8543385,-87.7151584,1,5.5802886348493494e-05
Public Rack - Leoti Ave & Central Ave (north),41.998262,-87.763663,1,5.5802886348493494e-05
Public Rack - Ashland Ave & 74th St,41.759735,-87.663736,1,5.5802886348493494e-05
Public Rack - Western Blvd & 53rd St,41.796775,-87.683362,1,5.5802886348493494e-05
Public Rack - Pratt Ave & Odell Ave,42.0044152,-87.8110539,1,5.5802886348493494e-05
Public Rack - 53rd St & Indiana Ave,41.798015,-87.620745,1,5.5802886348493494e-05
Public Rack - Ashland Ave & 45th St,41.811958,-87.664862,1,5.5802886348493494e-05
Public Rack - Devon Ave & Central Ave,41.997463,-87.764063,1,5.5802886348493494e-05
Public Rack - Mason Ave & Archer Ave,41.794199,-87.771388,1,5.5802886348493494e-05
Public Rack - Devon Ave & Minnehaha Ave (east),41.9974341,-87.7628164,1,5.5802886348493494e-05
Public Rack - Mt Greenwood Library - South,41.692883,-87.701048,1,5.5802886348493494e-05
Public Rack - Langley Ave & 79th St,41.751103,-87.607432,1,5.5802886348493494e-05
Public Rack - Cottage Grove Ave & 92nd St,41.727319,-87.60478700000002,1,5.5802886348493494e-05
Public Rack - Morgan St & 87th St,41.73577,-87.648133,1,5.5802886348493494e-05
Public Rack - Kingston Ave & 75th St,41.758905,-87.56218800000002,1,5.5802886348493494e-05
Public Rack - Ewing Ave & 112th St,41.691979,-87.534912,1,5.5802886348493494e-05
Public Rack - Ashland Ave & 76th St,41.75596,-87.66391,1,5.5802886348493494e-05
Public Rack - Brandon Ave & 91st St,41.730218,-87.546758,1,5.5802886348493494e-05
Public Rack - Christiana Ave & Archer Ave,41.81175,-87.707577,1,5.5802886348493494e-05
Public Rack - Kedvale Ave & 63rd St E,41.778768,-87.725957,1,5.5802886348493494e-05
Public Rack - Ewing Ave & 102nd St,41.709948,-87.535365,1,5.5802886348493494e-05
Marmora Ave & Belmont Ave (temporary),41.938251,-87.778601,1,5.5802886348493494e-05
Washington/Green (Washington Side) Corral,41.8831974,-87.6487729,1,5.5802886348493494e-05
Public Rack - Ewing Ave & 101st St,41.7117328,-87.5350591,1,5.5802886348493494e-05
Public Rack - Springfield & 71st,41.764196,-87.720111,1,5.5802886348493494e-05
Public Rack - Dawes Park South,42.0427478,-87.67176420000001,1,5.5802886348493494e-05
Public Rack - Pulaski Rd & 85th St,41.7381,-87.721721,1,5.5802886348493494e-05
Public Rack - Washtenaw Ave & 63rd St,41.77924,-87.691116,1,5.5802886348493494e-05
Public Rack - Cottage Grove Ave & 111th St,41.692645,-87.609758,1,5.5802886348493494e-05
Public Rack - Lemont Ave & Keating Ave,41.9912674,-87.7469243,1,5.5802886348493494e-05
Public Rack - Loomis St & 87th St,41.735465,-87.657585,1,5.5802886348493494e-05
Public Rack - Torrence Ave  & 106th St,41.702566,-87.559923,1,5.5802886348493494e-05
Public Rack - Pulaski & 74th,41.757262,-87.722366,1,5.5802886348493494e-05
Public Rack - Bishop St & 46th St,41.80994,-87.661522,1,5.5802886348493494e-05
Public Rack - Western Ave & 79th St,41.750057,-87.682777,1,5.5802886348493494e-05
Public Rack - Normandy Ave & Archer Ave,41.7923026,-87.78878860000002,1,5.5802886348493494e-05
Public Rack - Prairie Ave & 85th St,41.739986,-87.617645,1,5.5802886348493494e-05
Public Rack - Central Park Ave & 16th St,41.858938,-87.7157269,1,5.5802886348493494e-05
WEST - CHI - CASSETTE REPAIR,41.894927987005616,-87.73085214477966,1,5.5802886348493494e-05
Public Rack - Marshfield Ave & 45th St,41.812343,-87.666239,1,5.5802886348493494e-05
Public Rack - Foster Ave & Drake Ave,41.97556299999999,-87.717352,1,5.5802886348493494e-05
Public Rack - Forrestville Ave & 47th St,41.809319,-87.612921,1,5.5802886348493494e-05
Public Rack - Baltimore Ave & 132nd St,41.655201,-87.546942,1,5.5802886348493494e-05
Public Rack - Hamilton Ave & 95th St,41.720832,-87.676382,1,5.5802886348493494e-05
Kostner & 87th,41.734929,-87.731187,1,5.5802886348493494e-05
Public Rack - Roscoe St & Osceola Ave,41.942201,-87.813168,1,5.5802886348493494e-05
Public Rack - Buffalo Ave & 89th St,41.73341,-87.54454,1,5.5802886348493494e-05
Public Rack - Normandy Ave & Raven St,41.993871,-87.792536,1,5.5802886348493494e-05
Public Rack - Abbott Park,41.721696,-87.622278,1,5.5802886348493494e-05
Public Rack - Pulaski & 84th,41.739387,-87.72137300000001,1,5.5802886348493494e-05
Public Rack - Pulaski Rd & Polk St,41.8703637,-87.72525560000001,1,5.5802886348493494e-05
Public Rack - Stewart Ave & 123rd St,41.670563,-87.632188,1,5.5802886348493494e-05
Public Rack - Laflin St & 79th St,41.750326,-87.66168,1,5.5802886348493494e-05
Public Rack - Avers Ave & Archer Ave,41.804487,-87.719584,1,5.5802886348493494e-05
Public Rack - Wentworth Ave & 79th St,41.750712,-87.629949,1,5.5802886348493494e-05
Public Rack - Cottage Grove Ave & 98th St,41.716172,-87.60435,1,5.5802886348493494e-05
Public Rack - Stony Island Ave & 86th St,41.738473,-87.585851,1,5.5802886348493494e-05
Public Rack - Mason & Archer,41.79456,-87.77092,1,5.5802886348493494e-05
Public Rack - Harvey Ave & North Ave,41.909264,-87.782265,1,5.5802886348493494e-05
California Blvd & 29th St,41.84024,-87.69413,1,5.5802886348493494e-05
Public Rack - Kostner Ave & North Ave,41.90881600000001,-87.73646300000001,1,5.5802886348493494e-05
Public Rack - Percy Julian HS,41.705999,-87.65381,1,5.5802886348493494e-05
Public Rack - Cornell Ave & 87th Pl,41.73688127,-87.58314552,1,5.5802886348493494e-05
Public Rack - Hale Ave & 111th St,41.691801,-87.671351,1,5.5802886348493494e-05
Public Rack - Racine Ave & 76th,41.755786,-87.654054,1,5.5802886348493494e-05
Public Rack - Elston Ave & Kenneth Ave,41.9676176,-87.7395673,1,5.5802886348493494e-05
Public Rack - Roswell B. Mason Elementary School,41.8560219,-87.7298436,1,5.5802886348493494e-05
Public Rack - Menard Ave & Agusta Blvd,41.898333,-87.77050100000001,1,5.5802886348493494e-05
Public Rack - Pulaski Rd & Stevens Ave,41.9910862,-87.729231,1,5.5802886348493494e-05
Public Rack - Newland Ave & Diversey Ave,41.93098,-87.79944,1,5.5802886348493494e-05
Public Rack - Kedzie Ave & 61st Pl E,41.782281,-87.703047,1,5.5802886348493494e-05
Public Rack - St Louis Ave & Flournoy St,41.8727811,-87.7131562,1,5.5802886348493494e-05
Public Rack - 83rd St (Avalon Park) Metra,41.743916,-87.598786,1,5.5802886348493494e-05
Public Rack - Western Ave & 116th St,41.6824,-87.681048,1,5.5802886348493494e-05
Public Rack - Clark Square Park,42.0321198,-87.6699877,1,5.5802886348493494e-05
Public Rack - St Louis & 83rd,41.742321,-87.70967,1,5.5802886348493494e-05
Public Rack - Calumet Ave & 103rd St,41.707061,-87.615309,1,5.5802886348493494e-05
Public Rack - Brooks Park,42.0044152,-87.8070628,1,5.5802886348493494e-05
Public Rack - New England Ave & Grace St,41.949269,-87.798395,1,5.5802886348493494e-05
Public Rack - Lorel Ave & Grand Ave,41.9176685,-87.7595531,1,5.5802886348493494e-05
Public Rack - Western Ave & 106th St - East,41.700576,-87.681294,1,5.5802886348493494e-05
Public Rack - Damen & 81st,41.746488,-87.673132,1,5.5802886348493494e-05
Public Rack - 56th St & Mulligan Ave,41.7905068,-87.7799326,1,5.5802886348493494e-05
Public Rack - Fullerton Ave & Lavergne Ave,41.92398,-87.75195,1,5.5802886348493494e-05
Public Rack - Cottage Grove & 85th St,41.740086,-87.604743,1,5.5802886348493494e-05
Public Rack - Western Ave & 111th St - NW,41.69197,-87.681659,1,5.5802886348493494e-05
Public Rack - Pulaski & 52nd,41.797244,-87.72337699999999,1,5.5802886348493494e-05
Public Rack - Richmond St & Thorndale Ave,41.988931,-87.702785,1,5.5802886348493494e-05
Public Rack - Eberhart Ave & 131st St,41.65759,-87.610713,1,5.5802886348493494e-05
Public Rack - Ozman & Talcott,41.993028,-87.82165899999998,1,5.5802886348493494e-05
Public Rack - Prairie Ave & 78th St,41.752229,-87.617995,1,5.5802886348493494e-05
Public Rack - Mt Greenwood Library N,41.693027,-87.701054,1,5.5802886348493494e-05
Public Rack - Damen & 87th,41.736037,-87.672691,1,5.5802886348493494e-05
Public Rack - Mulligan Ave & 56th St,41.790399,-87.780044,1,5.5802886348493494e-05
Public Rack - Ashland Ave & 83rd St,41.742715,-87.663551,1,5.5802886348493494e-05
Public Rack - Albany Ave & 63rd St,41.778906,-87.70084,1,5.5802886348493494e-05
Public Rack - S Menard & W 63rd,41.77707,-87.76664,1,5.5802886348493494e-05
Public Rack - California Ave & Touhy Ave - NW,42.012177,-87.699865,1,5.5802886348493494e-05
Public Rack - New England Ave & Irving Park Rd,41.7985042,-87.7985042,1,5.5802886348493494e-05
Public Rack - Cicero Ave & Wellington Ave,41.935779,-87.746581,1,5.5802886348493494e-05
Public Rack - Cottage Grove Ave & 87th St,41.736448,-87.60616,1,5.5802886348493494e-05
Public Rack - Artesian & 71st,41.764748,-87.684669,1,5.5802886348493494e-05
Public Rack - Devon Ave & Minnehaha Ave (west),41.997384,-87.763064,1,5.5802886348493494e-05
Public Rack - Dawes Park North,42.0447387,-87.6731301,1,5.5802886348493494e-05
Public Rack - Northwest Hwy & Overhill Ave,42.0114922,-87.8126378,0,0.0
Public Rack - Pulaski Rd & 51st Rd,41.800111,-87.723537,0,0.0
Public Rack - N Sayre Ave & W Belden Ave,41.921425,-87.800825,0,0.0
Public Rack - Cottage Grove Ave & 89th Pl,41.731767,-87.604899,0,0.0
Public Rack - Stony Is Ave & 73rd St,41.762265,-87.585469,0,0.0
Public Rack - Kedzie & 103rd St - East,41.705444,-87.701232,0,0.0
Woodlawn Ave & 103rd St,41.70738,-87.59404,0,0.0
Public Rack - Franklin Park,41.861493,-87.733404,0,0.0
Public Rack - Parnell Ave & 98th St,41.715983,-87.637067,0,0.0
Public Rack - Avenue J & 112th St,41.691844,-87.534181,0,0.0
Hastings St Depot Pillar,41.863605,-87.679764,0,0.0
Public Rack - Ashland Ave & 73rd St,41.760817,-87.663499,0,0.0
Public Rack - May St & 63rd St,41.77977,-87.652943,0,0.0
Public Rack - Cottage Grove & 86th St,41.738409,-87.604822,0,0.0
Public Rack - Western Ave & 111th St - SE,41.691665,-87.681022,0,0.0
Public Rack - Racine Ave & 83rd St,41.743367,-87.653661,0,0.0
Public Rack - Buffalo Ave & 133rd St,41.65428,-87.543539,0,0.0
Public Rack - Sacramento & 71st,41.764396,-87.698106,0,0.0
Public Rack - Yates Ave & 100th St,41.713437,-87.564405,0,0.0
Public Rack - Vincennes Ave & 91st St,41.728122,-87.648524,0,0.0
Public Rack - Clyde Ave & 87th St,41.73715,-87.57319,0,0.0
Public Rack - Lafayette Ave & 87th St - NW,41.736354,-87.626741,0,0.0
Public Rack - Kedvale Ave & 26th St,41.844265,-87.728103,0,0.0
Public Rack - Miami Ave & Milwaukee Ave,41.991473,-87.782085,0,0.0
Public Rack - Emil G Hirch Metropolitan High School,41.754442,-87.601745,0,0.0
Public Rack - Garden Park,42.0294792,-87.66887049999998,0,0.0
Public Rack - Hiawatha Park,41.944068,-87.827302,0,0.0
Public Rack - Ingleside Ave & 79th St,41.751448,-87.601136,0,0.0
Public Rack - Burnside Academy,41.728525,-87.608231,0,0.0
Public Rack - Oakley & 79th Pl,41.749095,-87.679637,0,0.0
Public Rack - Jeffery Blvd & 81st St,41.74927751,-87.57585394,0,0.0
Public Rack - Eggleston Ave & 92nd St,41.726182,-87.63466,0,0.0
Public Rack - Newcastle Ave & Wellington Ave,41.934997,-87.795777,0,0.0
Public Rack - Kedvale Ave & Addison St,41.947174,-87.730837,0,0.0
Public Rack - Holbrook St & Milwaukee Ave,41.992273,-87.783303,0,0.0
Public Rack - Western & 74th,41.759297,-87.683342,0,0.0
Public Rack - Ewing Ave & 95th St,41.722376,-87.5358299,0,0.0
Public Rack - Peterson Ave & Milwaukee Ave,41.989826,-87.780929,0,0.0
Public Rack - Bradley Park,41.718353,-87.564459,0,0.0
Public Rack - Ave N & 106th St,41.702616,-87.538744,0,0.0
Public Rack - Exchange Ave & 131st St,41.65717,-87.552594,0,0.0
"Public Rack - Senka ""Edward Duke"" Park",41.790565,-87.710992,0,0.0
Public Rack - Normal Blvd & 61st Pl,41.782314,-87.637358,0,0.0
Public Rack - Hamlin Ave & Chicago Ave,41.895201,-87.721541,0,0.0
Public Rack - Central Ave & Adams St,41.878264,-87.764886,0,0.0
Public Rack - Torrence Ave & 98th St,41.717059,-87.559986,0,0.0
Public Rack - Torrence Ave & 103rd St,41.70843,-87.56026,0,0.0
Public Rack - Kedzie Ave & 60th St,41.785235,-87.703131,0,0.0
Public Rack - California & 82nd,41.745283,-87.692588,0,0.0
Public Rack - Nina Ave & Avondale Ave,41.9911458,-87.7991043,0,0.0
Public Rack - S Kostner Ave & W 18th Pl,41.8551905,-87.7345547,0,0.0
Public Rack - S. New England/ W. 65th,41.77391,-87.79348,0,0.0
Public Rack - Western & 83rd,41.74385,-87.682864,0,0.0
Public Rack - Ashland Ave & 91st St,41.728271,-87.662673,0,0.0
Public Rack - Peterson Ave & Drake Ave,41.99011900000001,-87.71733700000001,0,0.0
Public Rack - Harlem & Summerdale,41.977814,-87.80681,0,0.0
Public Rack - Elizabeth St & 115th St,41.684942,-87.65266,0,0.0
Public Rack - Peterson Ave & Bernard Ave,41.990234,-87.715634,0,0.0
Public Rack - Maryland Ave & 87th ST,41.736995,-87.60396799999998,0,0.0
Public Rack - 63rd St & Meade Ave,41.778672,-87.7748374,0,0.0
Public Rack - Sayre Ave & 59th St,41.7846778,-87.7958126,0,0.0
Public Rack - Orville T Bright School,41.700168,-87.562148,0,0.0
Public Rack - Stony Island & 95th St,41.72228,-87.584943,0,0.0
Public Rack - Mozart Elementary School,41.921325,-87.722375,0,0.0
Public Rack - Lowe Ave & 98th St,41.715887,-87.639228,0,0.0
Public Rack - Austin & 62nd,41.77966,-87.771414,0,0.0
Public Rack - Mozart & 79th,41.749713,-87.693932,0,0.0
Public Rack - Fairfield Ave & 63rd St,41.77926,-87.692703,0,0.0
MTV Hubbard St,41.8897772,-87.68035100000002,0,0.0
Public Rack - Western Ave & 98th St,41.71525,-87.681698,0,0.0
Public Rack - East End Ave & 75th St,41.75893,-87.582861,0,0.0
Public Rack - Mason Ave & Roosevelt Rd,41.865608,-87.77238900000002,0,0.0
Public Rack - Vincennes Ave & 99th St,41.712937,-87.653984,0,0.0
Public Rack - Central Ave & Congress Pkwy,41.87369,-87.764746,0,0.0
Public Rack - Throop St & 109th Pl,41.694944,-87.654377,0,0.0
Public Rack - Marquette Ave & 79th St,41.75163,-87.558707,0,0.0
Public Rack - California Ave & Touhy Ave - midblock,42.012207,-87.700474,0,0.0
Public Rack - Keeler Ave & 55th St,41.79304,-87.728214,0,0.0
Public Rack - Lowe Park,41.799605,-87.64146400000001,0,0.0
Public Rack - Ewing Ave & 106th St NW,41.70287,-87.535861,0,0.0
Public Rack - Baltimore Ave & 134th St,41.651419,-87.547321,0,0.0
Public Rack - California Ave & Pershing Rd,41.82263199999999,-87.69502400000002,0,0.0
Public Rack - Zapata Academy,41.841655,-87.734366,0,0.0
Public Rack - Oglesby Ave & 95th St,41.722484,-87.565738,0,0.0
Public Rack - Piotrowski Park,41.836682,-87.73083,0,0.0
Public Rack - Leoti Ave & Central Ave (south),41.998324,-87.763384,0,0.0
Public Rack - Higgins Ave & Neva Ave,41.980602,-87.8060476,0,0.0
Public Rack - Normal Ave & 111th St,41.692303,-87.635478,0,0.0
Public Rack - Oglesby Ave & 105th St,41.704672,-87.565519,0,0.0
Public Rack - Homan Ave & 62nd Pl,41.779668,-87.707834,0,0.0
Public Rack - Saginaw Ave & 93rd St,41.726199,-87.559252,0,0.0
Public Rack - 63rd & Western Ave N,41.779334,-87.683768,0,0.0
Public Rack - Panama Ave & Forest Preserve Ave,41.943162,-87.82909,0,0.0
Public Rack - Paxton Ave & 79th St,41.75167773,-87.57045748,0,0.0
Public Rack - Corliss Ave & 103rd St,41.707622,-87.60355,0,0.0
Public Rack - Cicero Ave & Le Moyne St - midblock,41.906919,-87.74623,0,0.0
Public Rack - Michele Clark Magnet High School,41.872849,-87.753432,0,0.0
Public Rack - Laporte Ave & Armitage Ave,41.917047,-87.750008,0,0.0
Public Rack - Vincennes Ave & 77th St,41.75702837,-87.56497151,0,0.0
Public Rack - Homewood Ave & Monterey Ave,41.691691,-87.670161,0,0.0
Public Rack - Kilbourn Ave & Fullerton Ave,41.924447,-87.73998,0,0.0
Public Rack - Avenue O & 118th St,41.681136,-87.54029,0,0.0
Public Rack - State St & 47th st,41.809085,-87.627384,0,0.0
