end_station_name,end_lat,end_lng,stops,percent_of_stops
Navy Pier,41.892278000005014,-87.61204299999592,47271,2.637858240579636
DuSable Lake Shore Dr & Monroe St,41.88095800358556,-87.61674300022909,34310,1.9145970306168116
Michigan Ave & Oak St,41.90096038999876,-87.62377663999459,26848,1.4981958926843533
DuSable Lake Shore Dr & North Blvd,41.91172200134303,-87.62680400103368,26339,1.4697922235329701
Millennium Park,41.88103170000151,-87.62408432000045,22144,1.23569911530104
Theater on the Lake,41.92627699999936,-87.63083400000436,20619,1.1505997136195873
Shedd Aquarium,41.867225961349114,-87.61535540232778,17160,0.9575775297401483
Streeter Dr & Grand Ave,41.892278004809555,-87.61204300265346,15474,0.8634938633565882
Dusable Harbor,41.88697599499173,-87.61281299956663,15229,0.8498221562012074
Montrose Harbor,41.96398200000061,-87.63818099999833,12344,0.6888308290858036
Clark St & Lincoln Ave,41.915688999999475,-87.63459999999722,11384,0.6352600581912499
Michigan Ave & Washington St,41.883984064513506,-87.62468397213563,10923,0.6095349275845944
Michigan Ave & 8th St,41.87277297069895,-87.62398098946267,10838,0.6047916822449724
Clark St & Armitage Ave,41.91830579135724,-87.63628186217342,10745,0.5996020138145626
Wabash Ave & Grand Ave,41.89146605361785,-87.62676097865135,10692,0.5966444608380924
Adler Planetarium,41.866095000000804,-87.60726700000319,10623,0.5927940616800463
Wells St & Concord Ln,41.91213300000128,-87.63465600000171,10494,0.5855954893410907
Michigan Ave & Lake St,41.886021999999876,-87.62439800000242,9704,0.5415112091257809
Indiana Ave & Roosevelt Rd,41.8678880097117,-87.62304100296267,9693,0.5408973773759475
DuSable Lake Shore Dr & Diversey Pkwy,41.93258799999882,-87.63642699999626,9563,0.5336430021506433
Wells St & Elm St,41.90322199999825,-87.63432400000166,9105,0.5080852802030332
McClurg Ct & Ohio St,41.89259210845447,-87.61728912217842,9069,0.5060763762944874
New St & Illinois St,41.89084704062344,-87.61861681938171,8968,0.5004402847732896
LaSalle St & Illinois St,41.89076199999955,-87.63169700000178,8771,0.4894471161626364
Field Museum,41.86531200000066,-87.61786699999818,8698,0.48537350545919633
Dearborn St & Erie St,41.89391647130034,-87.62961805771262,8519,0.475384788802816
Clark St & Elm St,41.902972273887485,-87.63131098981542,8455,0.47181340407651245
DuSable Lake Shore Dr & Belmont Ave,41.940774999999135,-87.6391919999998,8442,0.47108796655398205
Lincoln Park Conservatory,41.923931311365386,-87.63582453131676,8377,0.4674607789413299
Canal St & Madison St,41.882409000000486,-87.6397669999955,7932,0.44262849451625036
State St & Chicago Ave,41.89661720040885,-87.62857854366302,7901,0.4408986050394471
Dearborn Pkwy & Delaware Pl,41.89896900000119,-87.62991200000042,7836,0.437271417426795
Michigan Ave & Jackson Blvd,41.878549103438615,-87.62414615751547,7758,0.43291879229161245
Wilton Ave & Belmont Ave,41.94023191810951,-87.65294373035431,7513,0.4192470851362316
DuSable Lake Shore Dr & Wellington Ave,41.936688449499265,-87.63682901859283,7474,0.41707077256864034
Wells St & Huron St,41.89479530000091,-87.63437430000019,7441,0.41522927731914006
Wells St & Hubbard St,41.88990599999812,-87.63426600000189,7095,0.3959214786425613
Fairbanks Ct & Grand Ave,41.891847372111,-87.62058019638062,7093,0.39580987286986435
Clark St & Newport St,41.944539999998696,-87.65467800000044,6932,0.3868256081677569
Columbus Dr & Randolph St,41.88472800000101,-87.61952099999809,6927,0.3865465937360144
Clinton St & Madison St,41.88238470425066,-87.6411767395409,6784,0.3785667809881798
Wabash Ave & Roosevelt Rd,41.867226999999986,-87.62596100000088,6684,0.3729864923533305
Lakefront Trail & Bryn Mawr Ave,41.98404411519183,-87.65228122472763,6632,0.3700847422632088
Broadway & Barry Ave,41.93758231600741,-87.6440978050232,6382,0.35613402067608546
Broadway & Cornelia Ave,41.94552899999984,-87.64643900000014,6345,0.35406931388119117
Clinton St & Jackson Blvd,41.87831661956817,-87.64098109028036,6316,0.3524510301770849
Mies van der Rohe Way & Chestnut St,41.89858665139949,-87.62191522580056,6312,0.3522278186316909
Kingsbury St & Kinzie St,41.889170546423365,-87.63849660600529,6283,0.3506095349275846
Larrabee St & Webster Ave,41.92182199999931,-87.64413999999971,6277,0.35027471760949364
Lakeview Ave & Fullerton Pkwy,41.925858013580054,-87.63897300175427,6226,0.3474287704057205
Wells St & Evergreen Ave,41.90672448882653,-87.63482999972658,6197,0.3458104867016142
Desplaines St & Kinzie St,41.88871603600002,-87.64444785329972,6030,0.33649140468141575
Sheffield Ave & Waveland Ave,41.94939900000008,-87.65452900000025,6020,0.3359333758179308
Pine Grove Ave & Waveland Ave,41.949472740884026,-87.64645278453827,6016,0.33571016427253686
Southport Ave & Waveland Ave,41.948225999999345,-87.66407120000002,6005,0.3350963325227034
Damen Ave & Pierce Ave,41.90930279513432,-87.67770096419545,5931,0.3309669189329149
Broadway & Waveland Ave,41.94907399999995,-87.64863599999894,5906,0.3295718467742026
Clark St & Wrightwood Ave,41.92954599999952,-87.64311800000338,5897,0.32906962079706614
Field Blvd & South Water St,41.88634906269072,-87.61751654710082,5755,0.32114561093558003
Halsted St & Clybourn Ave,41.90966799999945,-87.64812800000064,5749,0.32081079361748904
Clark St & Lake St,41.886020742632645,-87.63087543554371,5734,0.31997375032226166
State St & Randolph St,41.884621072579414,-87.62783423066139,5709,0.31857867816354934
State St & Kinzie St,41.889375466632664,-87.62707650661469,5663,0.3160117453915186
Halsted St & Roscoe St,41.943670000000175,-87.64895000000129,5654,0.31550951941438216
Green St & Madison St,41.88185932803901,-87.64926373958588,5629,0.31411444725566984
Southport Ave & Roscoe St,41.943738999999454,-87.66401999999786,5588,0.3118265289153816
Sheffield Ave & Fullerton Ave,41.92561629999986,-87.65365739999987,5566,0.3105988654157148
Sheffield Ave & Wrightwood Ave,41.92871200000014,-87.65383299999964,5512,0.3075855095528961
Clark St & North Ave,41.911974000000384,-87.6319420000021,5511,0.30752970666654766
Clark St & Schiller St,41.90799300000054,-87.63150099999913,5501,0.3069716778030627
Lincoln Ave & Fullerton Ave,41.924161029067676,-87.64638036489487,5433,0.30317708153136513
Orleans St & Merchandise Mart Plaza,41.88824299999928,-87.63638999999968,5383,0.30038693721394044
Rush St & Cedar St,41.90230870121904,-87.62769052799847,5317,0.2967039467149399
St. Clair St & Erie St,41.89434778492608,-87.62280135667537,5226,0.291625884057227
University Ave & 57th St,41.7914780028258,-87.59986052955188,5222,0.291402672511833
Clark St & Winnemac Ave,41.97334764047318,-87.6678554713726,5206,0.2905098263302571
Burnham Harbor,41.85741178707396,-87.61379152536392,5183,0.28922635994424173
Ravenswood Ave & Lawrence Ave,41.9684450000005,-87.67422600000076,5151,0.28744066758109
Clinton St & Washington Blvd,41.88324889514034,-87.6411769419525,5130,0.28626880696777157
Rush St & Superior St,41.895764745640356,-87.62590803269997,5081,0.2835344655366954
Halsted St & Wrightwood Ave,41.9291430000006,-87.649076999999,5068,0.282809028014165
Cityfront Plaza Dr & Pioneer Ct,41.89057299999978,-87.62207199999887,5050,0.2818045760598921
Shore Dr & 55th St,41.79521199999959,-87.58071499999953,5046,0.28158136451449817
Federal St & Polk St,41.872077632850456,-87.62954377289884,5045,0.2815255616281496
Michigan Ave & Ida B Wells Dr,41.876202999999826,-87.62446399999955,5040,0.2812465471964072
Sheffield Ave & Wellington Ave,41.936253484041,-87.65266209706002,5025,0.28040950390117975
Lakefront Trail & Wilson Ave,41.96685589999928,-87.64309260000107,5007,0.2794050519469069
Wabash Ave & 9th St,41.87076900000033,-87.62573400000073,4945,0.2759452729933003
McCormick Place,41.85137517290012,-87.61883464890016,4937,0.2754988499025124
Franklin St & Jackson Blvd,41.87770795589958,-87.63532114080083,4918,0.274438595061891
Pine Grove Ave & Irving Park Rd,41.954364316768896,-87.64792842264696,4912,0.2741037777438
Stockton Dr & Wrightwood Ave,41.931320000000945,-87.63874199999994,4861,0.2712578305400269
Clark St & Grace St,41.95077999999949,-87.65917199999974,4813,0.2685792919952992
Daley Center Plaza,41.884240881506074,-87.62963351053038,4762,0.265733344791526
Sheffield Ave & Webster Ave,41.921540000000356,-87.65381800000098,4741,0.26456148417820763
Clark St & Drummond Pl,41.93124800000009,-87.6443359999987,4689,0.26165973408808596
Southport Ave & Wellington Ave,41.93577461766398,-87.66360014677048,4652,0.2595950272931917
Broadway & Belmont Ave,41.94010600363842,-87.64545100451676,4605,0.25697229163481256
Wabash Ave & Wacker Pl,41.886874999999094,-87.62603000000011,4587,0.25596783968053965
LaSalle Dr & Huron St,41.89487699999961,-87.63232600000025,4581,0.25563302236244867
Clark St & Berwyn Ave,41.97802373714621,-87.66817962068434,4569,0.25496338772626675
Canal St & Adams St,41.87925509174508,-87.63990406072303,4551,0.2539589357719939
Buckingham Fountain,41.87001149787571,-87.62374941776825,4542,0.25345670979485746
Kingsbury St & Erie St,41.89391390000065,-87.64173580000086,4541,0.25340090690850897
Mies van der Rohe Way & Chicago Ave,41.89694462637101,-87.62175768613815,4532,0.2528986809313725
Sheridan Rd & Irving Park Rd,41.95424500000059,-87.654406,4526,0.25256386361328154
Sedgwick St & North Ave,41.9109829999998,-87.63852499999884,4509,0.2516152145453571
Franklin St & Illinois St,41.89102331166081,-87.63547987248363,4500,0.25111298856822073
Milwaukee Ave & Grand Ave,41.89157800000028,-87.64838400000005,4488,0.25044335393203876
Clarendon Ave & Junior Ter,41.96100399999964,-87.64960299999925,4410,0.2460907287968563
Clark St & Wellington Ave,41.93649682190073,-87.64753865820114,4375,0.24413762777465903
Kedzie Ave & Milwaukee Ave,41.92932968711863,-87.70801076540265,4332,0.2417381036616738
Clinton St & Lake St,41.88563699999953,-87.64182300000093,4332,0.2417381036616738
Wells St & Randolph St,41.88429500000062,-87.63396300000021,4320,0.2410684690254919
Ellis Ave & 60th St,41.78509714636077,-87.60107276059922,4305,0.2402314257302645
Wilton Ave & Diversey Pkwy,41.93241799194637,-87.65270499668532,4283,0.2390037622305976
Ellis Ave & 55th St,41.794300620540135,-87.6014497734022,4268,0.2381667189353702
Halsted St & Dickens Ave,41.919935999999886,-87.6488299999994,4257,0.2375528871855368
Michigan Ave & Pearson St,41.897660000000215,-87.62351000000066,4241,0.2366600410039609
Wentworth Ave & Cermak Rd*,41.853214418519485,-87.63187229633331,4227,0.23587880059508198
Damen Ave & Cortland St,41.91598299999968,-87.67733500000007,4200,0.2343721226636727
Sedgwick St & Webster Ave,41.92216699999926,-87.63888799999971,4186,0.23359088225479377
Clarendon Ave & Gordon Ter,41.957866524152024,-87.64950513839722,4151,0.23163778123259648
California Ave & Milwaukee Ave,41.92269500000036,-87.69715300000041,4110,0.22934986289230827
Racine Ave & Belmont Ave,41.939743000000384,-87.65886500000056,4088,0.2281221993926414
Halsted St & Fulton St,41.88682194974476,-87.6478294559344,4060,0.22655971857488358
Broadway & Sheridan Rd,41.95283300000093,-87.64999299999918,4029,0.22482982909808025
McClurg Ct & Erie St,41.89450300000074,-87.6178539999991,4009,0.22371377137111037
Wells St & Walton St,41.89993000999902,-87.63443007000019,3994,0.222876728075883
Ritchie Ct & Banks St,41.906865999999916,-87.62621699999893,3991,0.22270931941683753
Aberdeen St & Jackson Blvd,41.87772612999922,-87.65478743000043,3983,0.22226289632604956
Sheffield Ave & Addison St ,41.94701699999938,-87.65441800000056,3978,0.2219838818943071
Dayton St & North Ave,41.91057803489998,-87.64942192879975,3912,0.21830089139530653
Kimbark Ave & 53rd St,41.79945489999961,-87.59477789999909,3898,0.21751965098642762
Sheridan Rd & Montrose Ave,41.96166999999982,-87.65463999999886,3884,0.2167384105775487
Peoria St & Jackson Blvd,41.87764082642958,-87.6496175835714,3854,0.21506432398709388
Stetson Ave & South Water St,41.88683499999953,-87.62231999999898,3846,0.21461790089630597
Michigan Ave & 14th St,41.86405899999963,-87.62372699999885,3843,0.21445049223726048
Damen Ave & Chicago Ave,41.895687370533885,-87.67713508286393,3798,0.21193936235157826
Michigan Ave & 18th St,41.857925999999956,-87.6243359999998,3783,0.21110231905635085
Milwaukee Ave & The 606,41.91375400000037,-87.68266580000126,3721,0.20764254010274427
Elston Ave & Cortland St,41.91643342912698,-87.66674637794495,3682,0.20546622753515303
Lincoln Ave & Diversey Pkwy,41.93222500053769,-87.65861701292455,3677,0.20518721310341057
Franklin St & Monroe St,41.880316224576774,-87.63518444612662,3675,0.2050756073307136
Wells St & Polk St,41.87273154226355,-87.63351649045944,3670,0.20479659289897112
Honore St & Division St,41.90311900000007,-87.67393499999928,3648,0.20356892939930424
Griffin Museum of Science and Industry,41.79172820952984,-87.58394500899946,3626,0.2023412658996374
Bissell St & Armitage Ave*,41.91829556293609,-87.65218332409859,3625,0.20228546301328892
Aberdeen St & Randolph St,41.88411415522958,-87.65426401895205,3619,0.2019506456951979
Calumet Ave & 18th St,41.857617552937796,-87.61941075325012,3602,0.20100199662727355
Clark St & Chicago Ave,41.8967499999999,-87.6308900000003,3565,0.1989372898323793
Sangamon St & Lake St,41.88577925240476,-87.65102460980414,3563,0.1988256840596823
Sheffield Ave & Kingsbury St,41.91052199999915,-87.6531059999992,3506,0.19564491953781818
Cannon Dr & Fullerton Ave,41.92675598750035,-87.63442878479962,3448,0.19240835212960555
Sedgwick St & Huron St,41.89466599999978,-87.63843700000021,3428,0.19129229440263568
Wabash Ave & Adams St,41.879472352350064,-87.62568860589892,3399,0.18967401069852938
Rush St & Hubbard St,41.89017299999981,-87.62618500000053,3398,0.1896182078121809
Franklin St & Chicago Ave,41.89678999999956,-87.63563999999869,3396,0.18950660203948388
Franklin St & Adams St ,41.87943409140054,-87.63550400733948,3380,0.188613755857908
Southport Ave & Wrightwood Ave,41.92877299999975,-87.66391299999873,3378,0.188502150085211
Larrabee St & Division St,41.90348607306829,-87.6433534914294,3360,0.1874976981309381
Sheridan Rd & Buena Ave,41.95848631297978,-87.65502310357772,3348,0.18682806349475622
State St & Harrison St,41.87405299999965,-87.62771600000094,3334,0.1860468230858773
Sheridan Rd & Noyes St (NU),42.058239000000356,-87.67743199999931,3316,0.1850423711316044
Franklin St & Lake St,41.885837000000684,-87.63550000000028,3302,0.18426113072272549
Wabash Ave & Washington St,41.88319999999984,-87.62661999999985,3272,0.1825870441322707
Southport Ave & Belmont Ave,41.939477750405516,-87.6637476682663,3223,0.17985270270119452
Chicago Ave & Sheridan Rd,42.050491000000335,-87.67782099999968,3211,0.1791830680650126
Elizabeth St & Randolph St,41.88433600000015,-87.65890199999956,3191,0.17806701033804273
Desplaines St & Jackson Blvd,41.87811890091216,-87.64394760131836,3190,0.17801120745169421
Lincoln Ave & Melrose St,41.940600000000735,-87.66943500000068,3185,0.17773219301995175
Ogden Ave & Chicago Ave,41.89636245799947,-87.65406127290032,3184,0.17767639013360328
Michigan Ave & Madison St,41.88213399999981,-87.62512499999983,3166,0.17667193817933038
Dearborn St & Monroe St,41.881319815000225,-87.62952091930065,3161,0.17639292374758792
Clark St & Leland Ave,41.967087841183854,-87.66729088701048,3158,0.17622551508854245
Damen Ave & Division St,41.90326600000043,-87.6784349999997,3150,0.1757790919977545
Clifton Ave & Armitage Ave,41.91821599999977,-87.65693600000084,3146,0.17555588045236054
Broadway & Wilson Ave,41.96522099999974,-87.65813900000029,3131,0.17471883715713313
Burling St & Diversey Pkwy,41.93314000000017,-87.64776000000121,3126,0.17443982272539066
Fort Dearborn Dr & 31st St*,41.83867628853784,-87.60883197573139,3089,0.1723751159304964
Clark St & Bryn Mawr Ave,41.983592999999935,-87.66915400000096,3089,0.1723751159304964
Benson Ave & Church St,42.04821399999992,-87.68348500000067,3074,0.171538072635269
Larrabee St & Armitage Ave,41.918084000000235,-87.64374900000014,3059,0.17070102934004158
Racine Ave & Fullerton Ave,41.9255660000001,-87.65841600000032,3029,0.16902694274958677
Fulton Market,41.886871000000205,-87.64808899999842,3012,0.16807829368166238
Marine Dr & Ainslie St,41.971599999999576,-87.65015400000145,2962,0.16528814936423772
Clark St & Arlington Pl,41.92693988588296,-87.64147991324369,2951,0.1646743176144043
Financial Pl & Ida B Wells Dr,41.87502362803285,-87.6330940425396,2929,0.16344665411473744
Greenview Ave & Fullerton Ave,41.92532999999942,-87.66580000000067,2928,0.16339085122838895
Loomis St & Lexington St,41.8722287322402,-87.66136385500431,2909,0.16233059638776756
Halsted St & Willow St,41.91386499999997,-87.64875500000069,2866,0.15993107227478234
Halsted St & Maxwell St,41.864883,-87.64707099999974,2827,0.15775475970719108
Dearborn St & Division St,41.90429999999992,-87.62991000000137,2807,0.15663870198022123
Calumet Ave & 21st St,41.854184249470194,-87.61915374149983,2804,0.15647129332117574
Green St & Washington Blvd,41.883181305772645,-87.6487246167462,2797,0.1560806731167363
Carpenter St & Huron St,41.8945559999996,-87.65344900000042,2758,0.15390436054914505
Canal St & Jackson Blvd,41.87812811112889,-87.6399696817,2744,0.15312312014026613
Clarendon Ave & Leland Ave,41.967967999999836,-87.65000100000121,2735,0.15262089416312968
Sheridan Rd & Argyle St,41.973286820259645,-87.65475958585739,2729,0.15228607684503873
Green St & Lake St ,41.88557999999968,-87.64841000000041,2716,0.15156063932250832
Damen Ave & Wicker Park Ave,41.9088152,-87.67719370000064,2687,0.149942355618402
Morgan St & Lake St*,41.88549170626992,-87.65228927135468,2686,0.1498865527320535
Broadway & Thorndale Ave,41.98974251143966,-87.66014062089978,2681,0.14960753830031104
LaSalle St & Jackson Blvd,41.878165999999695,-87.63192899999869,2675,0.14927272098222008
Orleans St & Hubbard St,41.89002800000042,-87.63661799999986,2664,0.14865888923238665
Wood St & Milwaukee Ave,41.90708480779614,-87.67211673239915,2645,0.14759863439176527
Larrabee St & Kingsbury St,41.89776400000002,-87.64288400000069,2637,0.14715221130097733
Clark St & Eddy St ,41.946279999999554,-87.65627000000089,2630,0.14676159109653786
State St & Van Buren St,41.877181000000085,-87.62784400000058,2620,0.14620356223305292
Southport Ave & Irving Park Rd,41.95417699999973,-87.66435800000097,2609,0.14558973048321952
Wells St & Institute Pl,41.89737986072318,-87.63442039489746,2608,0.14553392759687103
Broadway & Granville Ave,41.99477968840036,-87.66028453489945,2604,0.14531071605147705
Broadway & Oakdale Ave,41.935580419268945,-87.64404982696941,2597,0.14492009584703758
Wabash Ave & 16th St,41.860383999999705,-87.62581299999987,2575,0.14369243234737072
Ashland Ave & Division St,41.90317395710727,-87.66927108239389,2574,0.14363662946102224
Hampden Ct & Diversey Pkwy,41.932469999999824,-87.64241999999959,2566,0.1431902063702343
Damen Ave & Thomas St (Augusta Blvd),41.901314999999855,-87.67740900000051,2563,0.1430227977111888
Aberdeen St & Carroll Ave,41.88818999999997,-87.65458999999993,2561,0.14291119193849183
Woodlawn Ave & 55th St,41.79526400000024,-87.59647099999894,2528,0.14106969668899155
Halsted St & Armitage Ave,41.91823000000003,-87.6487900000004,2512,0.14017685050741563
Woodlawn Ave & 58th St,41.789380999999864,-87.59647899999983,2511,0.14012104762106714
Wilton Ave & Addison St,41.94745900000015,-87.65321599999969,2506,0.1398420331893247
Clinton St & Roosevelt Rd,41.867117782500294,-87.64108795930025,2499,0.13945141298488523
Ogden Ave & Race Ave,41.89179499999988,-87.65875100000025,2499,0.13945141298488523
Western Ave & Winnebago Ave,41.91551999999968,-87.68702199999902,2479,0.13833535525791535
Ashland Ave & Blackhawk St,41.90706599999984,-87.66725199999946,2475,0.13811214371252137
Green St & Randolph St*,41.8836015992031,-87.64862672860889,2446,0.13649386000841507
Clark St & Montrose Ave,41.96158799999933,-87.66603599999945,2440,0.1361590426903241
Sheffield Ave & Willow St,41.91368800000033,-87.65285499999851,2411,0.1345407589862178
Orleans St & Chestnut St (NEXT Apts),41.89820299999969,-87.63753599999912,2409,0.1344291532135208
Delano Ct & Roosevelt Rd,41.86749100000018,-87.63218999999972,2401,0.13398273012273287
900 W Harrison St,41.874753999999974,-87.64980700000021,2399,0.13387112435003587
Dearborn St & Adams St,41.87937555453318,-87.62976150076392,2391,0.13342470125924794
Wood St & Beach Ave,41.90765500000051,-87.67255200000142,2385,0.13308988394115698
Dearborn St & Van Buren St,41.876268,-87.62915500000031,2372,0.13236444641862655
Sangamon St & Washington Blvd,41.883164999999664,-87.65110000000061,2362,0.1318064175551416
Cornell Ave & Hyde Park Blvd,41.8024059999999,-87.58692400000062,2320,0.1294626963285049
Racine Ave & Wrightwood Ave,41.92888699999952,-87.65897099999934,2293,0.12795601839709558
Kingsbury St & Kinzie St 1,41.889070000000174,-87.63834999999787,2288,0.12767700396535311
May St & Taylor St,41.86939043256844,-87.65539649442545,2272,0.1267841577837772
Paulina Ave & North Ave,41.909854652167795,-87.66993016004562,2266,0.12644934046568626
Broadway & Berwyn Ave,41.97836100000037,-87.65978899999938,2264,0.12633773469298926
Noble St & Milwaukee Ave,41.900699999999354,-87.6626070000004,2253,0.12572390294315583
Dearborn St & Maple St,41.90191999999953,-87.63026000000077,2252,0.12566810005680734
Humboldt Blvd & Armitage Ave,41.917513393989836,-87.70180895549952,2252,0.12566810005680734
Lake Park Ave & 53rd St,41.7994942937297,-87.5864498958997,2216,0.12365919614826157
Clark St & Ida B Wells Dr,41.8759326655003,-87.63058453549952,2213,0.1234917874892161
Broadway & Argyle St,41.974229999999835,-87.65977350000028,2212,0.12343598460286759
Morgan St & Polk St,41.87173700000038,-87.65102999999957,2200,0.12276634996668569
State St & Pearson St,41.897448000000146,-87.62872199999987,2192,0.12231992687589772
Fairbanks St & Superior St,41.89574799999999,-87.62010400000067,2191,0.12226412398954924
Paulina St & Division St,41.90355289116383,-87.67042920730839,2189,0.12215251821685225
California Ave & Cortez St,41.90036300000028,-87.69670400000085,2175,0.12137127780797335
Winthrop Ave & Lawrence Ave,41.96881199999955,-87.6576589999998,2172,0.12120386914892785
Desplaines St & Randolph St,41.88370299999985,-87.64423800000054,2170,0.12109226337623089
Eckhart Park,41.89637337000019,-87.66098385999949,2169,0.12103646048988237
Damen Ave & Leland Ave,41.967081000000114,-87.67907600000032,2162,0.12064584028544292
Canal St & Monroe St,41.882905600000484,-87.63974090000046,2162,0.12064584028544292
Damen Ave & Charleston St,41.92008199999998,-87.67785500000085,2150,0.11997620564926101
Lincoln Ave & Sunnyside Ave,41.963004000000026,-87.68478100000108,2149,0.1199204027629125
Damen Ave & Foster Ave,41.9758109755749,-87.67950989857952,2148,0.11986459987656402
Blackstone Ave & 59th St,41.78787699999985,-87.59046100000093,2124,0.11852533060420017
Racine Ave & 18th St,41.8583996000004,-87.65642259999927,2114,0.11796730174071524
Morgan St & 18th St,41.85808600000015,-87.65107300000062,2109,0.11768828730897277
Wacker Dr & Washington St,41.88314336439075,-87.63724207878113,2089,0.11657222958200289
Ashland Ave & Grace St,41.95077207405457,-87.66872860415548,2070,0.11551197474138153
Southport Ave & Clybourn Ave,41.920971011346055,-87.66443744023178,2069,0.11545617185503303
Kingsbury St & Kinzie St 2,41.88918800000061,-87.63838700000265,2066,0.11528876319598755
Walsh Park,41.91460999999985,-87.66796800000061,2054,0.11461912855980562
Ashland Ave & Chicago Ave,41.89595435734341,-87.6677280664444,2053,0.11456332567345714
Ashland Ave & Lake St,41.885920000000255,-87.6671700000004,2053,0.11456332567345714
Wood St & Chicago Ave,41.89563400000031,-87.67206899999978,2046,0.11417270546901769
Milwaukee Ave & Fullerton Ave,41.924690100434766,-87.70059497825609,2038,0.11372628237822974
Ashland Ave & Wellington Ave,41.93608300000019,-87.66980699999924,2036,0.11361467660553275
Spaulding Ave & Armitage Ave,41.917108034789145,-87.71022096276283,2032,0.11339146506013877
Canal St & Taylor St,41.87025699999992,-87.6394740000001,2025,0.11300084485569932
Aberdeen St & Monroe St,41.88028070924666,-87.65511304972307,2018,0.11261022465125986
Western Ave & Walton St,41.89841768944974,-87.6865960163996,2007,0.11199639290142642
Halsted St & Polk St,41.87183999999983,-87.64664000000151,1993,0.11121515249254753
St Clair St & Ohio St,41.892379999999974,-87.62264000000069,1967,0.10976427744748668
Clinton St & Washington Blvd 2,41.883378747252195,-87.6411700659348,1962,0.10948526301574421
Wolcott (Ravenswood) Ave & Montrose Ave,41.961405999999954,-87.67616899999923,1956,0.10915044569765327
Blue Island Ave & 18th St,41.857556000000116,-87.6615349999999,1942,0.10836920528877435
Rush St & Illinois St,41.89086999999971,-87.6258400000004,1898,0.10591387828944064
Jefferson St & Monroe St,41.880329633634574,-87.64274597167967,1892,0.10557906097134967
Western Ave & Leland Ave,41.965720422647635,-87.68845572169063,1887,0.1053000465396072
Seeley Ave & Roscoe St,41.94340300000011,-87.67961799999999,1872,0.1044630032443798
Ashland Ave & Wrightwood Ave,41.9288299989022,-87.66850677987073,1868,0.10423979169898584
Damen Ave & Wellington Ave,41.9358800000004,-87.67841999999946,1865,0.10407238303994036
Ada St & Washington Blvd,41.8828299999998,-87.66120599999978,1858,0.1036817628355009
Sheridan Rd & Lawrence Ave,41.969517000000074,-87.65469100000075,1852,0.10334694551740993
Larrabee St & North Ave,41.91020999999963,-87.64349999999928,1847,0.10306793108566746
LaSalle St & Adams St,41.8793443734602,-87.63198522129908,1845,0.1029563253129705
Ashland Ave & Grand Ave,41.891071999999774,-87.66661100000006,1833,0.10228669067678857
Elizabeth St & Fulton St,41.88674360684884,-87.65943034453083,1830,0.10211928201774309
Peoria St & Kinzie St,41.88896000000013,-87.6497299999997,1825,0.10184026758600062
Larrabee St & Oak St,41.90031783427877,-87.64238663675532,1825,0.10184026758600062
Clark St & 9th St (AMLI),41.87081600000002,-87.63124600000015,1800,0.10044519542728829
Leavitt St & North Ave,41.910192432652735,-87.68233923469457,1800,0.10044519542728829
Leavitt St & Armitage Ave,41.91780499999996,-87.6824370000004,1791,0.09994296945015184
Wabash Ave & Cermak Rd,41.85261899999994,-87.62648800000053,1791,0.09994296945015184
Ellis Ave & 58th St,41.78874613008247,-87.60133399440255,1790,0.09988716656380335
Bissell St & Armitage Ave,41.918295562935974,-87.65218332409859,1778,0.09921753192762142
Wood St & Augusta Blvd,41.89918100000033,-87.67220000000066,1774,0.09899432038222744
Ashland Ave & Augusta Blvd,41.89962000000007,-87.66840999999913,1767,0.09860370017778798
Western Ave & Division St,41.902892999999914,-87.68727499999946,1760,0.09821307997334855
Leavitt St & Chicago Ave,41.895501000000074,-87.68201699999946,1759,0.09815727708700005
Paulina St & Flournoy St,41.87306108789832,-87.66913488507271,1755,0.09793406554160608
Lincoln Ave & Belle Plaine Ave,41.956003550785404,-87.68016144633293,1754,0.09787826265525758
Leavitt St & Belmont Ave,41.93935399999967,-87.68328199999998,1753,0.09782245976890909
California Ave & Francis Pl,41.91849116184235,-87.6974228268954,1749,0.09759924822351511
Lake Park Ave & 56th St,41.79161000000019,-87.58748000000027,1748,0.09754344533716662
Milwaukee Ave & Rockwell St,41.92033000000034,-87.69309000000042,1738,0.09698541647368168
MLK Jr Dr & 29th St,41.84205199999999,-87.61699999999931,1727,0.09637158472384826
Paulina St & 18th St,41.857900999999806,-87.66874500000021,1724,0.09620417606480278
Lincoln Ave & Roscoe St*,41.94335024701694,-87.67066776752472,1721,0.0960367674057573
Halsted St & Belden St,41.92365000000022,-87.64893999999939,1721,0.0960367674057573
California Ave & Division St,41.90302899999985,-87.69747400000023,1721,0.0960367674057573
Ravenswood Ave & Irving Park Rd,41.95468999999971,-87.67392999999984,1717,0.09581355586036332
Lincoln Ave & Byron St,41.95237199999985,-87.67729600000047,1715,0.09570195008766633
Sheffield Ave & Addison St,41.94701699999946,-87.65441800000005,1692,0.09441848370165098
Broadway & Ridge Ave,41.98404461069991,-87.66027382949957,1682,0.09386045483816605
California Ave & North Ave,41.91004400000015,-87.69716699999952,1682,0.09386045483816605
Halsted St & 18th St,41.857505680316926,-87.64599144458771,1682,0.09386045483816605
Damen Ave & Lake St,41.88496590000017,-87.67683540000036,1680,0.09374884906546906
LaSalle St & Washington St,41.88301623238718,-87.63227200874216,1673,0.09335822886102961
University Ave & 59th St,41.78787799999998,-87.59890599999949,1671,0.09324662308833262
Damen Ave & Melrose Ave,41.94060000000012,-87.67850000000065,1670,0.09319082020198412
Throop St & Taylor St,41.86896799999995,-87.65914099999934,1666,0.09296760865659015
Orleans St & Elm St,41.90292400000034,-87.6377149999997,1661,0.09268859422484768
Hudson Ave & Armitage Ave,41.9181800000002,-87.63999999999965,1659,0.0925769884521507
Lincoln Ave & Dickens Ave,41.92012,-87.64160000000092,1654,0.09229797402040824
Franklin St & Washington St,41.883180000000024,-87.63511000000082,1623,0.09056808454360493
Kimball Ave & Belmont Ave,41.93939395344297,-87.71206766366959,1618,0.09028907011186246
Leavitt St & Division St,41.90299699999997,-87.68382500000003,1616,0.09017746433916547
Sedgwick St & Schiller St,41.90762600000014,-87.63856600000061,1603,0.08945202681663507
Clinton St & Tilden St,41.87588500000029,-87.64079499999951,1600,0.08928461815758958
Logan Blvd & Elston Ave,41.929465008167604,-87.68415800529576,1594,0.08894980083949863
Streeter Dr/Grand Ave,41.89240099999968,-87.6123879999994,1582,0.0882801662033167
Sheridan Rd & Loyola Ave,42.00104377979003,-87.66119824329996,1570,0.08761053156713478
California Ave & Fletcher St,41.93842879147997,-87.69800775600014,1493,0.08331370931830079
Noble St & Ohio St,41.892420000000094,-87.6620600000003,1482,0.08269987756846735
Albany Ave & Bloomingdale Ave,41.91402671272993,-87.70512646200011,1481,0.08264407468211886
Campbell Ave & North Ave,41.910535000000046,-87.68955599999933,1480,0.08258827179577036
Kedzie Ave & Palmer Ct,41.92152500000016,-87.7073220000001,1469,0.08197444004593694
Greenview Ave & Diversey Pkwy,41.932592213230784,-87.6658459580064,1467,0.08186283427323995
St. Clair St & Erie St 2,41.8944499999998,-87.62268000000036,1459,0.081416411182452
Stave St & Armitage Ave,41.917741000000035,-87.69139200000033,1456,0.08124900252340651
Artesian Ave & Hubbard St,41.88950000000017,-87.68825700000063,1455,0.08119319963705803
Loomis St & Jackson Blvd,41.87794500000015,-87.66200699999972,1445,0.08063517077357309
Ellis Ave & 53rd St,41.79933626261015,-87.60095811449965,1437,0.08018874768278514
Lincoln Ave & Montana St,41.926569999999785,-87.65060000000052,1424,0.07946331016025474
Larrabee St & Menomonee St,41.9146800000003,-87.64332000000037,1421,0.07929590150120924
Racine Ave & Washington Blvd,41.883073000000394,-87.6569519999997,1411,0.0787378726377243
Clybourn Ave & Division St,41.904612999999785,-87.64055199999962,1402,0.07823564666058787
Morgan St & Lake St,41.88549170626966,-87.65228927135468,1384,0.077231194706315
Racine Ave & Randolph St,41.884081224846845,-87.65692072930267,1381,0.0770637860472695
Broadway & Roscoe Ave,41.94359999999973,-87.64531999999998,1379,0.07695218027457253
The Salt Shed,41.906889999999976,-87.65978000000058,1365,0.07617093986569361
Central Park Ave & Elbridge Ave,41.93533728262992,-87.71688929350023,1361,0.07594772832029964
Wood St & Hubbard St,41.8897149999999,-87.67196600000072,1359,0.07583612254760265
Damen Ave & Sunnyside Ave,41.96325000000021,-87.67925799999972,1344,0.07499907925237526
Damen Ave & Wabansia Ave,41.912256809811865,-87.67724199590953,1344,0.07499907925237526
Blackstone Ave & Hyde Park Blvd,41.80256200000031,-87.59036799999976,1343,0.07494327636602675
Halsted St & Roosevelt Rd,41.86732399999987,-87.64862500000075,1342,0.07488747347967827
Lincoln Ave & Addison St,41.94617600000016,-87.67330799999984,1340,0.07477586770698127
Richmond St & Diversey Ave,41.9319019688598,-87.7011951300998,1326,0.07399462729810237
Harper Ave & 55th St,41.79530000000016,-87.58832999999937,1320,0.0736598099800114
Chicago Ave & Washington St,42.032562000000176,-87.67910100000044,1309,0.07304597823017799
Clark St & Lunt Ave,42.00901118058071,-87.67411172389984,1293,0.07215313204860209
Ravenswood Ave & Berteau Ave,41.95792100000012,-87.6735669999998,1290,0.0719857233895566
Green St & Chicago Ave,41.89386254784255,-87.65045029643568,1284,0.07165090607146564
Wells St & Madison St,41.88198980326438,-87.63417978938055,1273,0.07103707432163221
Damen Ave & Grand Ave,41.89239445296296,-87.67688512802124,1263,0.07047904545814727
Damen Ave & Clybourn Ave,41.93203401182318,-87.67812700601532,1259,0.07025583391275331
Drexel Ave & 60th St,41.785861000000175,-87.60455299999981,1255,0.07003262236735933
Damen Ave & Madison St,41.881369999999876,-87.67493000000002,1252,0.06986521370831385
Peterson/Ridge Metra,41.991799999999834,-87.67489000000003,1251,0.06980941082196535
Archer Ave & Wentworth Ave,41.854686799999946,-87.63085309999983,1250,0.06975360793561686
Wolcott Ave & Polk St,41.87126200000027,-87.67368800000057,1239,0.06913977618578343
Avers Ave & Belmont Ave,41.939407999999965,-87.72357400000013,1237,0.06902817041308644
Milwaukee Ave & Armitage Ave,41.91770999999995,-87.6886400000002,1236,0.06897236752673795
Larrabee St & Kingsbury St 1,41.89776630169364,-87.64288410398724,1236,0.06897236752673795
Emerald Ave & 31st St,41.838197996776074,-87.64514299057578,1234,0.06886076175404097
Lake Park Ave & 35th St,41.83127423549007,-87.60879919460018,1231,0.06869335309499548
Lincoln Ave & Waveland Ave,41.94879699999985,-87.67527800000009,1230,0.06863755020864698
Sheffield/Newport Corral,41.944613199999985,-87.65420179999994,1220,0.06807952134516206
Morgan St & 31st St,41.837799999999966,-87.65114000000068,1216,0.06785630979976807
Paulina St & Montrose Ave,41.96150699999999,-87.67138699999987,1213,0.06768890114072261
Halsted St & Lake St,41.88576000000003,-87.64711000000001,1209,0.06746568959532863
Leavitt St & Addison St,41.94665499999991,-87.68335899999987,1208,0.06740988670898014
California Ave & Montrose Ave,41.961068000000054,-87.69543899999972,1205,0.06724247804993466
Broadway & Sunnyside Ave,41.96341899999981,-87.6560689999994,1204,0.06718667516358616
Inner Lake Shore Dr & Aldine Ave,41.94232000000014,-87.63989000000115,1197,0.0667960549591467
Wentworth Ave & 24th St,41.85008369347585,-87.6321405172348,1190,0.06640543475470725
University Library (NU),42.05293899999995,-87.67344699999997,1187,0.06623802609566178
St. Clair St & Erie St 1,41.89439999999996,-87.62286000000016,1186,0.06618222320931327
Morgan Ave & 14th Pl,41.86237800000006,-87.65106200000004,1183,0.0660148145502678
Damen Ave & Cullerton St,41.85496651875402,-87.67569959163664,1183,0.0660148145502678
State St & 33rd St,41.83473400000001,-87.62581299999964,1182,0.0659590116639193
Racine Ave & Congress Pkwy,41.87464000000037,-87.65703000000016,1176,0.06562419434582833
Glenwood Ave & Morse Ave,42.00797192287019,-87.66550239439982,1172,0.06540098280043437
Wabash Ave & Jackson Blvd,41.878010000000195,-87.62599000000036,1171,0.06534517991408587
State St & 19th St,41.85659400000017,-87.62754200000005,1164,0.06495455970964642
Halsted St & 35th St,41.83066101599809,-87.64717196728294,1159,0.06467554527790395
Greenview Ave & Jarvis Ave,42.015962000000115,-87.66857000000051,1155,0.06445233373250998
Central Park Ave & Bloomingdale Ave,41.9141659999999,-87.71675500000022,1153,0.064340727959813
St. Louis Ave & Fullerton Ave,41.92481559681204,-87.71449506282805,1146,0.06395010775537353
Ashland Ave & Belle Plaine Ave,41.955812707677254,-87.6691294931104,1131,0.06311306446014614
Campbell Ave & Augusta Blvd,41.899577999999956,-87.68949699999973,1125,0.06277824714205518
Troy St & North Ave,41.90976930168999,-87.7052804870995,1122,0.06261083848300969
Southport Ave & Clark St,41.95708100000003,-87.6641989999998,1119,0.06244342982396422
Leavitt St & Lawrence Ave,41.9688850000001,-87.68400100000026,1117,0.06233182405126723
Museum Campus Metra Station,41.86935000000038,-87.62178000000058,1114,0.06216441539222175
Wacker Dr & Randolph St,41.88453999999956,-87.63732000000036,1114,0.06216441539222175
Wells St & Washington St,41.883000000000024,-87.63395999999953,1112,0.06205280961952476
Wells St & 19th St,41.85680200000004,-87.63387900000032,1108,0.061829598074130784
Clark St & Schreiber Ave,41.999245000000165,-87.67124900000003,1105,0.06166218941508531
Clinton St & 18th St,41.85794999999986,-87.64082599999992,1097,0.06121576632429736
Halsted St & Archer Ave,41.84720299999989,-87.64679500000028,1095,0.061104160551600374
Wentworth Ave & 35th St,41.830776999999976,-87.63250399999993,1091,0.06088094900620639
Indiana Ave & 26th St,41.8456870000003,-87.62248099999961,1078,0.06015551148367598
Francisco Ave & Chicago Ave,41.895744999999884,-87.69865299999981,1071,0.05976489127923652
Laflin St & Cullerton St,41.85491457576586,-87.66355991363525,1066,0.059485876847494054
Green St & Randolph St,41.88360165727503,-87.64862671494483,1062,0.05926266530210009
Fort Dearborn Dr & 31st St,41.83855599999998,-87.60821799999997,1061,0.059206862415751585
Campbell Ave & Fullerton Ave,41.92463247164985,-87.68930700630051,1061,0.059206862415751585
Talman Ave & Addison St,41.946635830600144,-87.69461475799987,1057,0.05898365087035762
Pine Grove Ave & Wellington Ave,41.93650999999973,-87.64119000000005,1036,0.05781179025703925
Elston Ave & Wabansia Ave,41.9129190000001,-87.66416899999987,1028,0.057365367166251305
Eddy/Seminary Corral,41.94612790000003,-87.65667210000012,1023,0.05708635273450884
Damen Ave & Ohio St,41.89239445296285,-87.67688512802124,1020,0.056918944075463364
Clark St & Elmdale Ave,41.99086044903829,-87.6697236321464,1019,0.05686314118911487
California Ave & Altgeld St,41.926690000000086,-87.6976680000003,1018,0.05680733830276637
Racine Ave & Broadway,41.968235000000156,-87.65965480000058,1018,0.05680733830276637
Kosciuszko Park,41.930585371380054,-87.72377736349983,1013,0.056528323871023904
Michigan Ave & 11th St,41.86958999999992,-87.62396099999984,1010,0.05636091521197843
Western Ave & Roscoe St,41.94303399999991,-87.68728800000001,1009,0.05630511232562993
Wilton Ave & Diversey Pkwy*,41.93241800000019,-87.65270500000032,1005,0.05608190078023596
Hermitage Ave & Polk St,41.87151399999999,-87.66988600000035,1001,0.05585868923484198
63rd St Beach,41.780910964247944,-87.57632374763489,999,0.055747083462145
Racine Ave & 15th St,41.861267000000154,-87.65662499999989,998,0.055691280575796503
Campbell Ave & Montrose Ave,41.96152400000003,-87.69117700000032,991,0.055300660371357044
Damen Ave & St Paul Ave,41.91301000000016,-87.67777999999979,976,0.05446361707612964
Paulina St & Howard St,42.01915899999998,-87.67357300000002,973,0.054296208417084164
W Armitage Ave & N Sheffield Ave,41.9178049999998,-87.65344900000017,967,0.0539613910989932
California Ave & Byron St,41.952162193259966,-87.69805111299985,952,0.0531243478037658
Winchester Ave & Elston Ave,41.92409085037995,-87.67646007470002,951,0.053068544917417304
Dearborn St & Madison St,41.88206000000033,-87.62963999999938,939,0.05239891028123539
Spaulding Ave & Division St,41.90270659438001,-87.70921957099979,937,0.0522873045085384
Carpenter St & Fulton St,41.88667999999975,-87.6531499999992,936,0.0522315016221899
Wood St & Webster Ave,41.92105672992742,-87.67279744148254,935,0.052175698735841415
Racine Ave & Webster Ave,41.921601707670085,-87.65849437047699,932,0.05200829007679593
Lincoln Ave & Roscoe St,41.943350247017094,-87.67066776752472,932,0.05200829007679593
State St & 35th St,41.83103631401591,-87.62679755687714,930,0.05189668430409895
Harper Ave & 59th St,41.78794281287009,-87.58831517020006,925,0.051617669872356484
Waveland/Racine Corral,41.948821399999964,-87.65928229999969,922,0.051450261213311
Sangamon St & Adams St,41.87909000000007,-87.65127999999945,920,0.051338655440614014
Sheridan Rd & Columbia Ave,42.004582999999926,-87.66140599999964,917,0.05117124678156853
Canal St & Harrison St,41.874255000000026,-87.63957300000028,915,0.051059641008871545
Ashland Ave & 13th St,41.865234000000136,-87.66650700000072,910,0.050780626577129076
May St & Hubbard St,41.890079999999934,-87.65596999999981,906,0.050557415031735095
Kedzie Ave & Leland Ave,41.96668636204987,-87.70805198060025,897,0.05005518905459866
Ogden Ave & Congress Pkwy,41.87500999999994,-87.67328000000006,896,0.049999386168250164
Riverside Plaza & Adams St,41.87925999627838,-87.63879000292681,891,0.049720371736507694
N Green St & W Lake St,41.885579000000234,-87.64848399999958,887,0.04949716019111372
Shields Ave & 31st St,41.838464000000194,-87.63540600000029,882,0.04921814575937126
Rockwell St & Eastwood Ave,41.96590013975994,-87.69363849349989,873,0.048715919782234815
Hoyne Ave & Balmoral Ave,41.97985100000004,-87.68193199999985,870,0.048548511123189336
Halsted St & 21st St,41.85377981072748,-87.6466029882431,869,0.04849270823684084
Avondale Ave & Irving Park Rd,41.95339299999985,-87.73200200000025,863,0.048157890918749884
Wells St & Ohio St,41.892810000000225,-87.63420999999892,863,0.048157890918749884
Albany Ave & Montrose Ave,41.961040999999966,-87.70586600000011,861,0.04804628514605289
Claremont Ave & Hirsch St,41.907780999999915,-87.68585399999978,861,0.04804628514605289
Evanston Civic Center,42.05704400000004,-87.6865539999999,861,0.04804628514605289
Smith Park,41.89204799999994,-87.68939699999981,860,0.0479904822597044
Cottage Grove Ave & Oakwood Blvd,41.82298499999991,-87.60709999999993,860,0.0479904822597044
Larrabee St & Kingsbury St 2,41.89758000000026,-87.6428999999998,855,0.04771146782796193
Addison/Racine Corral,41.94706829999997,-87.65935349999987,844,0.04709763607812851
Paulina St & Cortland St,41.91625999999997,-87.67019000000028,841,0.04693022741908302
May St & Cullerton St,41.85513599999986,-87.65412700000032,840,0.04687442453273453
Troy St & Elston Ave,41.94524356847987,-87.70664990089999,837,0.046707015873689056
Dearborn St & Adams St 1,41.87935635869996,-87.62979103630005,827,0.04614898701020412
Western Ave & Congress Pkwy,41.874748850790105,-87.68644527569997,821,0.04581416969211315
Sheridan Rd & Greenleaf Ave,42.010586562839975,-87.66241209479999,800,0.04464230907879479
Lake Park Ave & 47th St,41.80944300000007,-87.59187499999992,796,0.04441909753340082
Kedzie Ave & Armitage Ave,41.917589999999905,-87.7068499999999,793,0.044251688874355335
Clark/Newport Corral,41.944941099999916,-87.65461100000007,789,0.04402847732896136
Wood St & Taylor St (Temp),41.86926521843869,-87.67373085021973,775,0.04324723692008245
Rockwell St & Fletcher St,41.938819552381055,-87.69298659591819,775,0.04324723692008245
Sheridan Rd & Berwyn Ave,41.97827999999983,-87.6552900000003,766,0.04274501094294601
Southport Ave & Diversey Pkwy,41.932659999999835,-87.66346999999972,758,0.042298587852158065
Malden St & Wilson Ave,41.96526000000015,-87.66274999999992,755,0.04213117919311258
Clark St & Columbia Ave,42.004450629339885,-87.67240240469985,754,0.04207537630676409
Christiana Ave & Lawrence Ave,41.96835449363004,-87.71183066750012,753,0.042019573420415596
Wentworth Ave & 33rd St,41.83452988563004,-87.63182298139996,742,0.04140574167058217
Washtenaw Ave & Lawrence Ave,41.968729699999905,-87.69626029999971,741,0.041349938784233674
Central St Metra,42.06359799999997,-87.69873000000005,733,0.040903515693445726
Larrabee St & Clybourn Ave,41.90660000000005,-87.64322000000014,731,0.04079190992074874
Canal St & Lake St,41.88596999999974,-87.6399900000004,727,0.04056869837535477
LaSalle St & Calhoun Pl ,41.882664000000204,-87.63253000000007,720,0.04017807817091531
Kedzie Ave & George St,41.933885999999966,-87.7072619999999,719,0.04012227528456682
Winchester (Ravenswood) Ave & Balmoral Ave,41.97976200000007,-87.67753000000035,717,0.04001066951186984
Sheffield Ave & School St,41.94235999999988,-87.6542699999994,711,0.03967585219377887
Dorchester Ave & 53rd St,41.79942999999978,-87.59227000000008,702,0.03917362621664243
Indiana Ave & 31st St,41.83884200000005,-87.62185699999996,698,0.038950414671248455
Sacramento Ave & Linden Pl,41.925750000000086,-87.70257999999991,697,0.03889461178489997
Leavitt St & Augusta Blvd,41.899620000000084,-87.68193999999986,697,0.03889461178489997
Elston Ave & George St,41.934003000000054,-87.6908230000002,694,0.03872720312585448
Oakley Ave & Irving Park Rd,41.95434085219001,-87.68607962430025,690,0.03850399158046051
Seminary Ave & Belden Ave,41.92338999999995,-87.6559899999998,673,0.037555342512536116
Clark St & Fletcher St,41.93894,-87.6503099999998,671,0.03744373673983913
Francisco Ave & Bloomingdale Ave,41.9139598867549,-87.69939637615897,671,0.03744373673983913
Calumet Ave & 33rd St,41.83472158142451,-87.61796964857203,669,0.03733213096714214
Monticello Ave & Irving Park Rd,41.95400483875999,-87.71912817970002,668,0.03727632808079365
South Shore Dr & 71st St,41.76640945670003,-87.56568757189979,658,0.036718299217308716
Blackstone Ave & 53rd St,41.7996199999999,-87.59013000000003,646,0.036048664581126794
Lincoln Ave & Winona St,41.97491129676992,-87.69250255939961,638,0.035602241490338846
Prairie Ave & Garfield Blvd,41.79485300000005,-87.61869099999987,622,0.03470939530876295
Halsted St & Melrose St,41.941119999999884,-87.64906999999972,620,0.03459778953606596
Woodlawn Ave & Lake Park Ave,41.81409271048,-87.5970051478999,613,0.03420716933162651
Morgan St & Hubbard St,41.89012000000001,-87.65250999999991,613,0.03420716933162651
Francisco Ave & Foster Ave,41.97563272521002,-87.70141943890006,613,0.03420716933162651
Central Park Ave & North Ave,41.90965687563004,-87.71663195160001,612,0.03415136644527802
Glenwood Ave & Touhy Ave,42.01270099999995,-87.66605800000005,610,0.03403976067258103
Oakley Ave & Lyndale St,41.92261000000001,-87.68513000000004,607,0.03387235201353555
Drake Ave & Addison St,41.94732600000006,-87.71758200000004,601,0.033537534695444585
Leavitt St & Hirsch St,41.9068900000001,-87.68232999999985,600,0.033481731809096096
Western Ave & Grace St,41.95035728593664,-87.6881080508562,598,0.033370126036399106
Milwaukee Ave & Ainslie St,41.968609999999934,-87.76108000000016,596,0.03325852026370212
Dearborn St & Adams St 2,41.879629999999864,-87.6293700000001,594,0.03314691449100513
Eastlake Ter & Howard St,42.01920250193229,-87.66430288553238,594,0.03314691449100513
Rhodes Ave & 32nd St,41.836208000000134,-87.6135330000001,592,0.03303530871830815
Western Ave & Wabansia Ave,41.91208000000005,-87.68751999999994,580,0.032365674082126226
Sawyer Ave & Irving Park Rd,41.95360000000001,-87.70930999999996,579,0.03230987119577773
Milwaukee Ave & Wabansia Ave,41.912616000000035,-87.68146900000006,579,0.03230987119577773
Racine/Eddy Corral,41.94634039999992,-87.6591024000002,578,0.032254068309429236
Dearborn St & Washington St,41.882990000000014,-87.62930000000026,577,0.03219826542308075
Malcolm X College,41.87761800000015,-87.67389499999992,574,0.03203085676403526
Sheffield Ave & Armitage Ave Public Rack,41.91780499999987,-87.65344900000001,568,0.0316960394459443
Wallace St & 35th St,41.830707051440825,-87.64125533401966,566,0.031584433673247314
Broadway & Cuyler Ave,41.95541699999996,-87.65149999999998,566,0.031584433673247314
Wood St & Cortland St,41.91589000000012,-87.67280999999998,554,0.030914799037065392
Halsted St & Court Pl,41.88370000000007,-87.64721999999998,550,0.03069158749167142
Southport Ave & Grace St,41.95154999999986,-87.66403999999986,545,0.030412573059928956
N Southport Ave & W Newport Ave,41.94401883606551,-87.66397502634645,532,0.02968713553739854
Western Ave & Granville Ave,41.99416136901999,-87.68943828199976,530,0.029575529764701552
Kedzie Ave & 48th Pl,41.80475812376844,-87.7042193687937,526,0.029352318219307574
Keystone Ave & Fullerton Ave,41.924589999999974,-87.72784999999982,525,0.029296515332959086
Manor Ave & Leland Ave,41.96587499999995,-87.70082499999992,523,0.029184909560262092
Sedgwick St & Chicago Ave,41.89676999999993,-87.63859999999983,523,0.029184909560262092
Francisco Ave & Montrose Ave,41.96105167601341,-87.70091838175665,523,0.029184909560262092
Shields Ave & 28th Pl,41.84273300000006,-87.63549100000039,520,0.029017500901216617
Drake Ave & Montrose Ave,41.961154075689954,-87.7165690733001,520,0.029017500901216617
Sheffield Ave & Fletcher St,41.939010000000046,-87.65321000000026,518,0.028905895128519626
Paulina St & Adams St,41.878620000000055,-87.66913000000017,511,0.028515274924080174
Noble St & Potomac Ave,41.90542279757865,-87.6627248014525,503,0.028068851833292222
Rockwell St & Division St,41.90274999999988,-87.69201999999979,500,0.027901443174246747
Greenwood Ave & 47th St,41.809835000000014,-87.59938300000024,500,0.027901443174246747
South Shore Dr & 67th St,41.77364300000002,-87.56751400000007,495,0.027622428742504278
Western Ave & Fillmore St,41.86856300000001,-87.68623400000028,493,0.027510822969807287
MLK Jr Dr & Pershing Rd,41.82459999999993,-87.61678000000012,492,0.0274550200834588
Elmwood Ave & Austin St,42.02578400000005,-87.68410699999984,488,0.02723180853806482
Clinton St & Polk St,41.87146651779003,-87.64094913269994,483,0.026952794106322352
Sheffield/Cornelia Corral,41.94528750000001,-87.65422249999999,481,0.02684118833362537
Leavitt St & Archer Ave,41.82879201994,-87.68060445939985,475,0.026506371015534408
Hampden Ct & Diversey Ave,41.93255929999982,-87.64238469999981,468,0.02611575081109495
Rockwell Ave & Logan Blvd,41.92810999999993,-87.69268000000007,462,0.025780933493003994
Cottage Grove Ave & 63rd St,41.78053094070881,-87.6059702038765,459,0.025613524833958512
Stony Island Ave & 63rd St,41.78050600000004,-87.58685299999993,458,0.025557721947610017
Emerald Ave & 28th St,41.843580000000024,-87.64536800000008,452,0.02522290462951906
Clark St & Jarvis Ave,42.015962999999935,-87.67500499999991,451,0.025167101743170564
Elston Ave & Henderson St,41.94151517181264,-87.70099227555178,450,0.025111298856822072
Kedzie Ave & Foster Ave,41.97567199999997,-87.70926099999998,446,0.024888087311428095
McCormick Blvd & Devon Ave,41.9971999999999,-87.7110499999999,440,0.024553269993337137
Western Ave & 24th St,41.84846999999994,-87.685109,439,0.024497467106988642
Central St & Girard Ave,42.064312999999956,-87.68615200000016,438,0.024441664220640147
Dorchester Ave & 63rd St,41.78040564569997,-87.5914159893,437,0.024385861334291655
Clark/Racine Corral,41.950436000000046,-87.65932120000001,436,0.02433005844794316
Spaulding Ave & Milwaukee Ave,41.93088999999981,-87.71071999999974,430,0.0239952411298522
Western Ave & 21st St,41.854108999999966,-87.685838,430,0.0239952411298522
Calumet Ave & 35th St,41.83137900000007,-87.61803399999995,429,0.023939438243503707
Kenwood Ave & 57th St,41.791549566433545,-87.59292102097875,428,0.023883635357155215
Racine Ave & 35th St,41.83068856472103,-87.65621066093445,427,0.02382783247080672
Prairie Ave & 43rd St,41.81665889301998,-87.61941246189991,423,0.023604620925412746
Loomis St & Archer Ave,41.84163253965005,-87.65743495330005,420,0.023437212266367264
Damen Ave & Evergreen Ave,41.90604999999987,-87.67757999999975,420,0.023437212266367264
Knox Ave & Montrose Ave,41.960630999999964,-87.74535899999985,419,0.023381409380018772
Valli Produce - Evanston Plaza,42.039741999999976,-87.69941300000004,416,0.023214000720973293
Clark St & Washington St,41.88300999999981,-87.63100000000018,416,0.023214000720973293
Western Ave & Monroe St,41.881425355368215,-87.68663156883552,415,0.023158197834624798
Bernard St & Elston Ave,41.94992300000004,-87.71394900000011,412,0.02299078917557932
Lincolnwood Dr & Central St,42.064854000000025,-87.71529699999998,404,0.022544366084791368
Marshfield Ave & Wabansia Ave,41.91218,-87.66887999999994,403,0.022488563198442876
Addison/Wilton Corral,41.947382700000055,-87.65317160000006,403,0.022488563198442876
Pulaski Rd & 51st St,41.800434000000045,-87.7247496,402,0.022432760312094385
Cherry Ave & Blackhawk St,41.90722100000002,-87.6556180000001,397,0.022153745880351915
Western Ave & Lyndale St,41.92259999999994,-87.68772000000033,392,0.02187473144860945
Addison/Sheffield SW Corral,41.946953900000025,-87.6544123000001,388,0.021651519903215476
Shore Dr & 53rd St,41.79945000000009,-87.58237000000005,388,0.021651519903215476
Dodge Ave & Church St,42.04830799999997,-87.698224,387,0.02159571701686698
Michigan Ave & 9th St,41.87093999999997,-87.62439000000035,384,0.021428308357821498
Cottage Grove Ave & 51st St,41.80303800000001,-87.60661499999999,373,0.02081447660798807
Franklin St & Adams St Corral,41.87942000000003,-87.63557999999992,372,0.02075867372163958
Burling St & Armitage Ave,41.91807999999981,-87.6472799999993,372,0.02075867372163958
Ridge Blvd & Touhy Ave,42.01213227742002,-87.68291264430012,371,0.020702870835291085
Sacramento Blvd & Addison St,41.946090000000005,-87.70298561607144,370,0.02064706794894259
Budlong Woods Library,41.983664708859976,-87.69642256109991,369,0.020591265062594098
Milwaukee Ave & Cuyler Ave,41.954467999999956,-87.74959399999995,365,0.020368053517200124
N Carpenter St & W Lake St,41.885586000000124,-87.6531892999997,365,0.020368053517200124
Warren Park West,42.001785000000034,-87.68882900000008,360,0.020089039085457654
Ridge Blvd & Howard St,42.019276,-87.68451999999994,358,0.01997743331276067
Warren Park East,42.00454962193999,-87.6806661451,358,0.01997743331276067
California Ave & 21st St,41.85379579347331,-87.69582286477088,356,0.019865827540063684
Marshfield Ave & Diversey Pkwy,41.93203999999996,-87.66970000000018,354,0.019754221767366693
Karlov Ave & Armitage Ave,41.91748000000003,-87.72895200000005,353,0.0196984188810182
Granville Ave & Clark St,41.99439999999997,-87.66983000000002,352,0.01964261599466971
Dorchester Ave & 49th St,41.80577199999998,-87.59246399999995,350,0.01953101022197272
Kedzie Ave & Bryn Mawr Ave,41.98222980691796,-87.7088865869814,349,0.019475207335624228
Keystone Ave & Montrose Ave,41.96110801622998,-87.72897010119986,347,0.01936360156292724
Campbell Ave & Irving Park Rd,41.953628644295364,-87.69078506040277,345,0.019251995790230254
Western Ave & Berteau Ave,41.95773999999993,-87.6882729999999,344,0.01919619290388176
Lakewood Ave & Addison St,41.94719999999994,-87.66085000000017,341,0.01902878424483628
Southport Ave & Newport Ave Public Rack,41.94401899999997,-87.66397499999985,340,0.018972981358487784
Portage Park,41.956070000000025,-87.76471999999998,340,0.018972981358487784
Kostner Ave & Wrightwood Ave,41.927956999999985,-87.73595199999997,336,0.018749769813093814
Albany Ave & Belmont Ave,41.93964586403509,-87.70526192763161,332,0.01852655826769984
Kedzie Ave & 57th St,41.78983000000001,-87.7031,328,0.018303346722305866
Sacramento Ave & Lyndale St,41.92234999999997,-87.70241000000001,326,0.01819174094960888
Big Marsh Park,41.685877055623294,-87.57382392883301,326,0.01819174094960888
Franklin St & Madison St,41.881389999999925,-87.63541999999995,325,0.018135938063260384
California Ave & Lake St,41.88445395656998,-87.69629813679994,324,0.01808013517691189
Kedzie Ave & Chicago Ave,41.89546530304997,-87.70612788370018,324,0.01808013517691189
Central Park Ave & Ogden Ave,41.854063503874436,-87.71511733531952,323,0.018024332290563397
Wacker Dr & Washington St Corral,41.883159999999975,-87.63736000000027,322,0.017968529404214905
Racine Ave & 13th St,41.86505399999997,-87.65695899999993,322,0.017968529404214905
MLK Jr Dr & 47th St,41.809850999999995,-87.61627899999993,317,0.017689514972472436
University Ave & 65th St,41.776940000000025,-87.59842000000002,315,0.01757790919977545
Ashland Ave & Archer Ave,41.839208684029984,-87.6656098589,312,0.01741050054072997
Monticello Ave & Lawrence Ave,41.96841827094466,-87.71870974148851,310,0.01729889476803298
St. Louis Ave & Balmoral Ave,41.98039423474992,-87.71611496150014,305,0.017019880336290514
Troy St & Grace St,41.95024306745568,-87.70643794319534,304,0.01696407744994202
Public Rack - Washtenaw Ave & Superior St,41.89473799999998,-87.695204,300,0.016740865904548048
Grace/Sheffield Corral,41.951158599999985,-87.6546115000001,298,0.01662926013185106
Halsted St & 37th St,41.82705900000004,-87.64572000000013,298,0.01662926013185106
Cottage Grove Ave & 43rd St,41.81649899999999,-87.60658200000005,297,0.016573457245502566
Rockwell St & Archer Ave,41.82272,-87.68981999999994,296,0.016517654359154074
Western Ave & Lunt Ave,42.00859439719995,-87.6904922389002,295,0.01646185147280558
Calumet Ave & 51st St,41.80229465087998,-87.61805358019991,295,0.01646185147280558
Kedzie Ave & 21st St,41.853533632130016,-87.70507303180001,294,0.016406048586457084
Archer & Wentworth,41.85468680000006,-87.63085309999994,293,0.016350245700108592
Conservatory Dr & Lake St,41.885502000000024,-87.716866,293,0.016350245700108592
Western Ave & Howard St,42.018900999999964,-87.69004800000012,293,0.016350245700108592
Pulaski Rd & Eddy St,41.94626400000004,-87.73102300000008,293,0.016350245700108592
California Ave & Granville Ave,41.99418030000005,-87.69955959999989,291,0.016238639927411605
Springfield Ave & North Ave,41.91015800000002,-87.723831,291,0.016238639927411605
Laramie Ave & Irving Park Rd,41.9533354,-87.75838440000003,289,0.016127034154714618
Lincoln Ave & Balmoral Ave,41.97946099999995,-87.69301300000002,289,0.016127034154714618
Lowell Ave & Armitage Ave,41.91707670000004,-87.73535429999998,287,0.01601542838201763
Kedzie Ave & Lake St,41.884603285009995,-87.70630374360002,285,0.015903822609320648
Halsted St & North Branch St,41.89952773053042,-87.64880871280033,284,0.01584801972297215
Dodge Ave & Main St,42.03463185161586,-87.69918769598006,281,0.01568061106392667
Jeffery Blvd & 67th St,41.773517551249995,-87.5771428255001,278,0.01551320240488119
Parnell Ave & 31st St,41.83791099999998,-87.64027899999998,276,0.015401596632184204
2112 W Peterson Ave,41.99117800000007,-87.68359299999993,275,0.01534579374583571
Oakley Ave & Touhy Ave,42.012342000000004,-87.68824299999993,274,0.015289990859487216
Washtenaw Ave & Polk St,41.87111702352943,-87.69371626470584,272,0.015178385086790229
Clark St & Touhy Ave,42.01256011541,-87.67436711519993,269,0.015010976427744748
Wood St & 35th St,41.830104654160046,-87.67029830889996,268,0.014955173541396255
Rockwell St & Cermak Rd,41.85164400000001,-87.69062100000002,263,0.014676159109653787
Public Rack - Racine Ave & Nelson St,41.93725999999997,-87.65898100000001,262,0.014620356223305294
N Paulina St & Lincoln Ave,41.94383800000002,-87.67146900000016,261,0.014564553336956802
South Shore Dr & 74th St,41.76218896038001,-87.55927464999995,261,0.014564553336956802
Western Ave & Gunnison St,41.96965988429754,-87.68952868842973,261,0.014564553336956802
DuSable Museum,41.79156801057999,-87.60785217740003,260,0.014508750450608308
Hoyne Ave & 47th St,41.80822700000001,-87.67717999999998,260,0.014508750450608308
Perry Ave & 69th St,41.769293089950004,-87.6281959291,258,0.01439714467791132
Narragansett Ave & Wrightwood Ave,41.92729000000002,-87.78523000000004,257,0.014341341791562826
Leavitt St/North Ave,41.9100770000002,-87.68230599999985,256,0.014285538905214334
Kilbourn Ave & Milwaukee Ave,41.94841366287965,-87.74002792418588,256,0.014285538905214334
Ogden Ave & Roosevelt Rd,41.866501483160086,-87.6846970700001,256,0.014285538905214334
Eberhart Ave & 61st St,41.784071072760995,-87.61448353528975,255,0.014229736018865841
Washtenaw Ave & Ogden Ave,41.86193049278257,-87.69345045089722,254,0.014173933132517346
Sawyer Ave & Fullerton Ave,41.924479999999924,-87.70919999999994,252,0.014062327359820359
Midway Orange Line,41.786919999999995,-87.73891999999991,251,0.014006524473471867
Kimball Ave & Wrightwood Ave,41.92836999999994,-87.71243999999983,251,0.014006524473471867
Addison/Sheffield SE Corral,41.94702809999996,-87.65425200000003,251,0.014006524473471867
Clark/Eddy,41.94659999999982,-87.65610000000012,249,0.013894918700774878
Wells St & Randolph St Corral,41.88438000000005,-87.63395999999993,249,0.013894918700774878
Winthrop Ave & Bryn Mawr Ave,41.98383999999998,-87.65806,248,0.013839115814426385
Wallace St & 28th St,41.843511000000014,-87.64189999999994,247,0.013783312928077891
Public Rack - Rush St & Oak St,41.90069175999997,-87.62768427999985,243,0.013560101382683917
Maplewood Ave & Peterson Ave,41.99023602867003,-87.69336964020009,243,0.013560101382683917
California Ave & 41st St,41.81867000000002,-87.69441000000005,243,0.013560101382683917
Normal Ave & Archer Ave,41.849527,-87.64059100000001,240,0.013392692723638439
Dodge Ave & Mulford St,42.023463,-87.69959500000002,239,0.013336889837289943
State St & 29th St,41.841710073703034,-87.62691273059038,238,0.01328108695094145
Public Rack - Michigan Ave & Delaware Pl,41.899152529999895,-87.62377648999986,238,0.01328108695094145
Bosworth Ave & Howard St,42.01953700000002,-87.66956300000001,237,0.013225284064592956
Laramie Ave & Addison St,41.94568419999998,-87.7569344,237,0.013225284064592956
North Boundary Park,42.01303000000003,-87.70891000000005,233,0.013002072519198982
Indiana Ave & 40th St,41.82167997407765,-87.62159949546823,232,0.012946269632850489
Lincoln Ave & Peterson Ave,41.990267000000024,-87.70856999999995,232,0.012946269632850489
Public Rack - Clybourn Ave & Webster Ave,41.92155278999996,-87.66449674000005,230,0.012834663860153504
Whipple/Irving Park,41.954189000000035,-87.70444800000004,230,0.012834663860153504
State St & 95th St,41.72184990000002,-87.62285440000004,228,0.012723058087456515
Public Rack - Christiana Ave & Belmont Ave,41.939170000000026,-87.71169000000006,228,0.012723058087456515
Drake Ave & Armitage Ave,41.917489999999944,-87.71523999999981,226,0.01261145231475953
N Shore Channel Trail & Argyle St,41.972196383961105,-87.70278100607543,223,0.012444043655714047
Central Park Ave & 24th St,41.8481,-87.71506799999999,222,0.012388240769365554
Kildare Ave & Montrose Ave,41.961080000000024,-87.73569000000006,221,0.012332437883017062
Fairfield Ave & Pratt Blvd,42.00444819999999,-87.69859730000003,221,0.012332437883017062
Wabansia & Milwaukee,41.91375400000004,-87.68266579999936,216,0.012053423451274595
Shabbona Park,41.94480000000001,-87.79932000000004,214,0.011941817678577608
Damen Ave/Coulter St,41.84920000000005,-87.67564000000007,214,0.011941817678577608
Western Blvd & 48th Pl,41.80566100000001,-87.68339199999996,212,0.011830211905880619
Lock St & 31st St,41.83796199988173,-87.65904890294753,212,0.011830211905880619
Ashland Ave & Pershing Rd,41.82346499999996,-87.66557700000006,211,0.011774409019532127
Kilbourn Ave & Roscoe St,41.94272199999999,-87.739557,210,0.011718606133183632
Public Rack - Dearborn St & Kinzie St 1,41.88907808000012,-87.6294850600001,209,0.01166280324683514
Princeton Ave & 47th St,41.80931770924003,-87.633449288,207,0.011551197474138152
Dan Ryan Woods & 83rd St,41.742805000000004,-87.68017700000001,207,0.011551197474138152
Fairfield Ave & 44th St,41.813617000000015,-87.69322719999995,205,0.011439591701441165
Public Rack - Wells St & North Ave,41.91095637000005,-87.63461626000007,205,0.011439591701441165
Kilbourn Ave & Diversey Ave,41.931790000000014,-87.73934000000006,201,0.011216380156047192
Wood St & Walnut St,41.88534428143118,-87.67168731317524,200,0.011160577269698697
Grace St & Cicero Ave,41.94973,-87.74695000000003,200,0.011160577269698697
California Ave & Touhy Ave,42.01203680000001,-87.70043709999999,199,0.011104774383350205
Pine Grove Ave & Belmont Ave,41.94002,-87.64166000000007,198,0.011048971497001712
Lockwood Ave & Wrightwood Ave,41.927765999999984,-87.75854399999999,197,0.010993168610653217
Cottage Grove Ave & 67th St,41.773720952050034,-87.60563485999991,197,0.010993168610653217
Karlov Ave & Lawrence Ave,41.967947000000024,-87.73040899999991,197,0.010993168610653217
Milwaukee Ave & Diversey Ave,41.93265999999997,-87.71221999999999,192,0.010714154178910749
Kilbourn Ave & Belden Ave,41.922368999999954,-87.73902400000007,189,0.01054674551986527
Walden Pkwy & 100th St,41.712164103598035,-87.66773343086243,189,0.01054674551986527
Public Rack - Wells St & Scott St,41.90478242999985,-87.63458456000032,188,0.010490942633516777
Long Ave & Belmont Ave,41.93832999999999,-87.76166000000008,186,0.01037933686081979
Paulina St & Lincoln Ave Public Rack,41.943837999999914,-87.67146900000037,186,0.01037933686081979
Western Ave & Lake St,41.8847821818182,-87.68656722727265,185,0.010323533974471295
Kilbourn Ave & Irving Park Rd,41.95373300000002,-87.74056899999987,184,0.010267731088122803
Kostner Ave & Belmont Ave,41.93919099999999,-87.73711199999993,182,0.010156125315425814
Public Rack - Michigan Ave & Wacker Dr (South),41.88813083000004,-87.6241723700002,181,0.010100322429077322
Damen Ave & Pershing Rd,41.823192,-87.67659699999999,180,0.010044519542728827
Milwaukee Ave & Wolfram St,41.93301000000003,-87.71428000000006,180,0.010044519542728827
Public Rack - Rush St & Ohio St,41.892592230000005,-87.62585969000003,178,0.009932913770031842
Western Ave & Ardmore Ave,41.986714513800386,-87.6898113715499,177,0.009877110883683347
Melvina Ave & Giddings Ave,41.966480000000026,-87.78202000000002,177,0.009877110883683347
Public Rack - Michigan Ave & Wacker Dr (North),41.88935705999997,-87.62397970999997,177,0.009877110883683347
Pulaski Rd & Congress Pkwy,41.874410210038164,-87.72609159350395,176,0.009821307997334855
Keeler Ave & Carmen Ave,41.974322999999984,-87.73310000000005,175,0.00976550511098636
Ashland Ave & McDowell Ave,41.80971900000002,-87.66347700000001,173,0.009653899338289374
Kostner Ave & Bryn Mawr Ave,41.982765,-87.73809399999999,173,0.009653899338289374
Union Ave & Root St,41.819101999999994,-87.64327799999997,172,0.00959809645194088
Milwaukee Ave & Highland Ave,41.996360000000024,-87.78673999999997,166,0.00926327913384992
Princeton Ave & Garfield Blvd,41.79498199999998,-87.63312399999997,166,0.00926327913384992
Pine Ave & Division St,41.9019,-87.76388999999999,165,0.009207476247501425
LaSalle St & Jackson Blvd Corral,41.87816000000007,-87.63204000000016,164,0.009151673361152933
Kostner Ave & Devon Ave,41.997032000000004,-87.73837,162,0.009040067588455944
Clark/Newport,41.944900000000196,-87.65460000000023,162,0.009040067588455944
Austin Blvd & Madison St,41.88028099999999,-87.77445300000001,161,0.008984264702107453
Edgebrook Metra,41.997509999999984,-87.76539,161,0.008984264702107453
Franklin St & Randolph St,41.88439000000004,-87.63516999999989,160,0.008928461815758957
Winthrop Ave & Sheridan Rd,41.998139999999964,-87.65884999999987,160,0.008928461815758957
Narragansett Ave & North Ave,41.90949999999999,-87.78491,159,0.008872658929410466
Austin Blvd & Lake St,41.887943794272104,-87.77427345514297,158,0.008816856043061972
Addison Red Line,41.94719999999992,-87.6540000000001,158,0.008816856043061972
Wood St & 33rd St,41.83427,-87.67059999999996,158,0.008816856043061972
Stony Island Ave & 67th St,41.77345849948003,-87.58533973910004,156,0.008705250270364985
N Damen Ave & W Chicago Ave,41.89580900000002,-87.67851899999992,156,0.008705250270364985
Pershing Rd & Sacramento Ave,41.822377268101185,-87.69975413003769,156,0.008705250270364985
Rockwell St & 57th St,41.790310000000005,-87.68888000000001,155,0.00864944738401649
Ping Tom Park (East),41.85798859999999,-87.63194470000002,155,0.00864944738401649
Wolcott Ave & Fargo Ave,42.01697700000005,-87.67772499999991,154,0.008593644497667998
Cumberland Ave & Catherine Ave,41.97731999999999,-87.83674,154,0.008593644497667998
California Ave & 23rd Pl,41.84910969176002,-87.69513980680001,154,0.008593644497667998
Lavergne Ave & Diversey Ave,41.93128000000001,-87.75141,153,0.008537841611319505
Kildare Ave & North Ave,41.90953919999998,-87.73385179999995,152,0.00848203872497101
Marmora Ave & Irving Park Rd,41.95310719999999,-87.77473259999995,151,0.008426235838622518
Albany Ave & Douglas Blvd,41.86303143808751,-87.7031740544993,151,0.008426235838622518
Halsted St & 51st St,41.801831640490015,-87.64521390400007,150,0.008370432952274024
Waveland/Wilton Corral,41.94890310000001,-87.65314099999995,150,0.008370432952274024
Mason Ave & Grand Ave,41.92043470000001,-87.77439009999999,149,0.00831463006592553
Jeffery Blvd & 71st St,41.76663823695,-87.57645011410006,149,0.00831463006592553
Richmond St & Lincoln Ave,41.98811739999999,-87.70317539999999,148,0.008258827179577037
Public Rack - Milwaukee Ave & Haussen Ct,41.937752,-87.721623,148,0.008258827179577037
Leclaire Ave & Belmont Ave,41.939040999999996,-87.754197,145,0.008091418520531557
Public Rack - Monticello Ave & Belmont Ave,41.939472000000016,-87.71842299999996,145,0.008091418520531557
St Louis Ave & Foster Ave,41.975983700000036,-87.71598439999987,143,0.00797981274783457
W Washington Blvd & N Peoria St,41.883042999999965,-87.64993099999994,143,0.00797981274783457
Lawndale Ave & 30th St,41.83891240000001,-87.71689549999998,143,0.00797981274783457
Public Rack - Kingsbury Ave & Blackhawk St,41.90822033000007,-87.65166628999992,142,0.007924009861486074
Halsted St & 47th Pl,41.80813391481,-87.64561655450001,142,0.007924009861486074
Ashland Ave & 50th St,41.803022999999996,-87.664699,142,0.007924009861486074
California Ave & Winona St,41.97471121900827,-87.69785512396699,141,0.007868206975137583
LaSalle St & Calhoun Pl Corral,41.88288000000008,-87.63250999999991,139,0.007756601202440595
Monticello Ave & Chicago Ave,41.89580999999999,-87.71763000000003,139,0.007756601202440595
Kedzie Ave & 54th Pl,41.79391633023256,-87.70345877674418,139,0.007756601202440595
Kenneth Ave & Lawrence Ave,41.96791646984131,-87.73998234761909,139,0.007756601202440595
MLK Jr Dr & 56th St,41.793429456580014,-87.6158532619,138,0.007700798316092102
Kenosha Ave & Wellington Ave,41.934456999999995,-87.73379500000006,136,0.007589192543395114
Stony Island Ave & 64th St,41.77888099999999,-87.58664700000004,136,0.007589192543395114
Burnham Greenway & 112th St,41.691773851168335,-87.53043115139008,136,0.007589192543395114
Mozart St & Jackson Blvd,41.87750000000002,-87.69739999999999,135,0.007533389657046622
Lawler Ave & 50th St,41.80216999999999,-87.74893999999999,135,0.007533389657046622
Stony Island Ave & 71st St,41.76649293729999,-87.58646087750002,134,0.007477586770698127
Avers Ave & Foster Ave,41.97541,-87.72452,133,0.007421783884349635
Central Ave & Altgeld St,41.92581190000001,-87.76636849999996,132,0.00736598099800114
Menard Ave & Lawrence Ave,41.967879999999994,-87.77273999999994,131,0.007310178111652647
Grace St & Central Ave,41.9495327,-87.76726479999996,130,0.007254375225304154
Riley O'Neil Memorial Station at City Hall,41.88323510000008,-87.63211170000035,130,0.007254375225304154
St Louis Ave & Armitage Ave,41.917170000000006,-87.71357999999996,130,0.007254375225304154
Cicero Ave & Wrightwood Ave,41.92790569999996,-87.74672949999997,130,0.007254375225304154
Rockwell/Irving Park Hub,41.95421200000003,-87.69316999999992,129,0.00719857233895566
Harlem Ave & Irving Park Rd,41.95326,-87.80713999999996,129,0.00719857233895566
Tripp Ave & 65th St,41.77491000000001,-87.72883,129,0.00719857233895566
Milwaukee Ave & Agatite Ave,41.96149999999995,-87.75489000000006,129,0.00719857233895566
MLK Jr Dr & 63rd St,41.78008063659,-87.6159428567,128,0.007142769452607167
Sacramento Ave & Pratt Blvd,42.00404,-87.70473000000003,128,0.007142769452607167
Sayre Ave & Diversey Ave,41.93097999999999,-87.80105999999999,128,0.007142769452607167
Fairfield Ave & Roosevelt Rd,41.86662400000001,-87.69452099999998,127,0.007086966566258673
Public Rack - Webster Ave & Halsted St,41.92188867999997,-87.64847243000015,127,0.007086966566258673
Cicero Ave & Roscoe Ave,41.942426999999974,-87.74731500000001,126,0.007031163679910179
Lavergne Ave & Fullerton Ave,41.924033999999985,-87.75119100000002,126,0.007031163679910179
Sacramento Blvd & Franklin Blvd,41.890468792438625,-87.70260751247406,125,0.006975360793561687
Archer (Damen) Ave & 37th St,41.826712000000015,-87.683144,125,0.006975360793561687
Virginia Ave & Catalpa Ave,41.98124387692308,-87.70491012307693,125,0.006975360793561687
Steelworkers Park,41.73792999999999,-87.53090999999998,123,0.0068637550208647
Public Rack - Karlov Ave & Milwaukee Ave,41.94270200000002,-87.73001100000005,123,0.0068637550208647
Monticello Ave & Diversey Ave,41.93171999999991,-87.71846000000004,123,0.0068637550208647
Higgins Ave & Austin Ave,41.973420000000004,-87.77865000000003,123,0.0068637550208647
Marshfield Ave & 44th St,41.81387858638744,-87.66642879581154,123,0.0068637550208647
Public Rack - Lincoln Ave & Fullteron Ave (Northwest),41.92582740999994,-87.64943466000013,123,0.0068637550208647
Hale Ave & 107th St,41.69920616812767,-87.66891896724701,122,0.006807952134516205
Central Park Ave & Ardmore Ave,41.986608100000005,-87.71876739999996,122,0.006807952134516205
Narragansett Ave & McLean Ave,41.91590000000001,-87.78511,121,0.006752149248167712
Lawler Ave & North Ave,41.9091754,-87.75225450000002,121,0.006752149248167712
Kedzie Ave & 60th St,41.78458,-87.70319000000002,121,0.006752149248167712
Dearborn St & Adams St Corral,41.87939000000004,-87.62988000000009,120,0.006696346361819219
Long Ave & Diversey Ave,41.931039999999996,-87.76123999999999,120,0.006696346361819219
Prospect Sq & 91st St,41.728233800000005,-87.66752390000003,119,0.006640543475470725
Morgan St & Pershing Rd,41.82361300000001,-87.650931,118,0.006584740589122232
Stewart Ave & 123rd St,41.67060000000001,-87.63244,118,0.006584740589122232
Exchange Ave & 79th St,41.752115006332644,-87.55200700025293,118,0.006584740589122232
Calumet Park,41.71370983035614,-87.53084421157837,118,0.006584740589122232
Lockwood Ave & Grand Ave,41.91759410000001,-87.75841429999997,118,0.006584740589122232
Damen Ave & 81st St,41.74653399999999,-87.673055,117,0.006528937702773738
Public Rack - Kedzie Ave & Argyle St,41.972097,-87.70857199999996,117,0.006528937702773738
Linder Ave & Montrose Ave,41.960810000000016,-87.76488000000002,117,0.006528937702773738
Elston Ave & Carmen Ave,41.973539999999986,-87.74955000000001,116,0.006473134816425244
Pulaski Rd & Lake St,41.885408999999996,-87.72649099999997,114,0.0063615290437282574
Lexington St & California Ave,41.871993799999984,-87.69581079999993,114,0.0063615290437282574
Wentworth Ave & 63rd St,41.78007963264001,-87.62974630520003,113,0.006305726157379765
Carpenter St & Lake St Public Rack,41.885586000000025,-87.65318929999992,113,0.006305726157379765
Cottage Grove Ave & 47th St,41.80985499999998,-87.60675499999992,112,0.0062499232710312705
Harding Ave & Division St,41.902345299999986,-87.7250744,112,0.0062499232710312705
Merrimac Park,41.95261000000001,-87.78535000000002,112,0.0062499232710312705
Kedzie Ave & 24th St,41.84819299999999,-87.705412,111,0.006194120384682777
Meade Ave & Fullerton Ave,41.92475099999999,-87.778272,111,0.006194120384682777
Lynch Ave & Elston Ave,41.98096,-87.76148999999998,110,0.006138317498334284
Campbell Ave & 51st St,41.80093999999999,-87.68676000000004,110,0.006138317498334284
Vincennes Ave & 104th St,41.70492556499765,-87.65686810958869,110,0.006138317498334284
Public Rack - Rush St & Ontario St,41.89310918999997,-87.62535276000006,110,0.006138317498334284
Sacramento Ave & Lunt Ave,42.008199999999995,-87.70460999999993,109,0.00608251461198579
NAVY PIER,41.892278,-87.61204299999987,109,0.00608251461198579
Farragut Ave & Central Ave,41.976659999999995,-87.76822999999999,108,0.006026711725637297
Public Rack - Dearborn St & Kinzie St 2,41.889311599999964,-87.62938823999993,108,0.006026711725637297
St Louis Ave & Norman Bobbins Pl,41.794390000000014,-87.71131999999999,107,0.005970908839288804
Kedzie Ave & Archer Ave,41.81447000000001,-87.70410999999996,107,0.005970908839288804
Homan Ave & 26th St,41.84424999999999,-87.70983000000001,107,0.005970908839288804
Mason Ave & Montrose Ave,41.96056000000001,-87.77588,106,0.0059151059529403095
Commercial Ave & 130th St,41.659150427597744,-87.55076229572296,105,0.005859303066591816
Austin Ave & Milwaukee Ave,41.98736000000001,-87.77805,105,0.005859303066591816
Hoyne Ave & 34th St,41.8320245,-87.67783869999997,105,0.005859303066591816
LaSalle St & Adams St Corral,41.87937993353255,-87.63207982317411,104,0.005803500180243323
Public Rack - Halsted St & Fullerton Ave,41.92554512000002,-87.64781046999998,104,0.005803500180243323
Public Rack - California Ave & Cortez St,41.90010500000002,-87.696817,103,0.00574769729389483
Halsted St & 69th St,41.76906172032001,-87.64461357789997,103,0.00574769729389483
Chicago State University,41.71896342165455,-87.60829567909241,103,0.00574769729389483
Shields Ave & 43rd St,41.81620767856,-87.63481934969997,101,0.005636091521197842
Central & Elston,41.985499999999995,-87.76820000000001,100,0.0055802886348493485
Columbus Ave & 79th St,41.749119,-87.704263,100,0.0055802886348493485
Wabash Ave & 59th St,41.7866436476446,-87.62395236627697,99,0.005524485748500856
Albany Ave & 26th St,41.84450700000001,-87.70165499999997,99,0.005524485748500856
Kostner Ave & 63rd St,41.77874999999998,-87.73246000000002,99,0.005524485748500856
Millard Ave & 26th St,41.84453112462164,-87.71592199802399,99,0.005524485748500856
Stony Island Ave & 75th St,41.758669670399996,-87.58688287099999,98,0.005468682862152362
Public Rack - Rockwell & Division,41.902820000000006,-87.69239699999999,98,0.005468682862152362
Major Ave & Addison St,41.945881688311694,-87.7705151298701,95,0.005301274203106881
Kilpatrick Ave & Parker Ave,41.930737469696965,-87.74407759090911,95,0.005301274203106881
Rainbow Beach,41.757870965225486,-87.54917675279044,95,0.005301274203106881
Public Rack - Clark St & Diversey Pkwy (South),41.93256595999996,-87.64478090000009,95,0.005301274203106881
Ave L & 114th,41.68803,-87.53640999999999,94,0.005245471316758388
Francisco Ave & 47th St,41.80848999999999,-87.69673000000004,93,0.005189668430409895
Francisco Ave & 85th St,41.738902,-87.695518,93,0.005189668430409895
Laramie Ave & Kinzie St,41.88783200000002,-87.75552699999999,93,0.005189668430409895
Waveland/Racine,41.94909999999991,-87.65929999999987,92,0.0051338655440614014
Public Rack - Hyde Park Blvd & 53rd St,41.799468000000005,-87.584206,91,0.005078062657712907
Public Rack - St Clair St & Superior St,41.89570279000001,-87.62331576999999,91,0.005078062657712907
Central Ave & Wellington Ave,41.9349097,-87.7667718,91,0.005078062657712907
LaSalle St & Washington St Corral,41.88288000000004,-87.63250999999985,90,0.005022259771364414
Glenwood Ave & Devon Ave,41.99791000000004,-87.6654500000003,90,0.005022259771364414
Hyacinth Ave & Milwaukee Ave,41.99281999999999,-87.78377000000002,90,0.005022259771364414
Public Rack - Hyde Park Blvd & 55th St,41.79500000000001,-87.58411299999996,89,0.004966456885015921
Clyde Ave & 87th St,41.73715146431055,-87.57274031639099,89,0.004966456885015921
Western Ave & 28th St,41.84151770807001,-87.68513144090002,88,0.0049106539986674275
Hamlin Ave & Grand Ave,41.904032756581394,-87.72156207070542,87,0.004854851112318934
Wallace St & Pershing Rd,41.82350774204948,-87.64079111307423,87,0.004854851112318934
Cottage Grove Ave & 49th St,41.806273,-87.60664300000003,86,0.00479904822597044
Kedzie Ave & Jackson Blvd,41.87716099999998,-87.706134,86,0.00479904822597044
Burnham Greenway & 105th St,41.70457508720709,-87.52823173999786,86,0.00479904822597044
Lamon Ave & Belmont Ave,41.93899208,-87.74927725176467,86,0.00479904822597044
California Ave & 36th St,41.828098,-87.69468400000004,86,0.00479904822597044
Lawndale Ave & 111th St,41.69131919221066,-87.71288573741913,85,0.004743245339621946
Central Park Blvd & 5th Ave,41.875679,-87.71547000000002,85,0.004743245339621946
Public Rack - Clark St & Diversey Pkwy (North 2),41.93333146999998,-87.64542122999974,85,0.004743245339621946
Kilpatrick Ave & Grand Ave,41.912732,-87.74363600000002,85,0.004743245339621946
Albany Ave & 16th St,41.85934289308175,-87.70301999999998,85,0.004743245339621946
Central Park Ave & Washington Blvd,41.8827476,-87.71539940000001,84,0.0046874424532734535
Laramie Ave & Bloomingdale Ave,41.91432,-87.75572000000001,84,0.0046874424532734535
Addison/Racine,41.947299999999935,-87.65920000000004,84,0.0046874424532734535
Damen Ave & Chicago Ave Public Rack,41.89580900000001,-87.67851899999995,83,0.00463163956692496
Public Rack - Kingsbury Ave & Eastman St,41.90687904000003,-87.6508806000001,83,0.00463163956692496
La Villita Park,41.83925,-87.70202,83,0.00463163956692496
State St & Pershing Rd,41.82301523798,-87.62656801850001,82,0.0045758366805764665
Mango Ave & North Ave,41.90958,-87.7691175,82,0.0045758366805764665
North Branch St & Haines St,41.900560000000034,-87.65078999999986,82,0.0045758366805764665
Public Rack - Wells St & Schiller St,41.90755273000004,-87.63451268999985,82,0.0045758366805764665
California & 16th St,41.859228000000016,-87.69556199999994,81,0.004520033794227972
Public Rack - Kimbark Ave & 67th St,41.77404500000001,-87.594322,80,0.004464230907879479
Kedzie Ave & 52nd St,41.79905999999999,-87.70342000000001,80,0.004464230907879479
Lavergne Ave & Lawrence Ave,41.96775,-87.75259000000004,80,0.004464230907879479
Western Ave & 111th St,41.691211034981045,-87.68129736185074,79,0.004408428021530986
Public Rack - Clark St & Diversey Pkwy (North 1),41.93318982999999,-87.64529920000001,78,0.0043526251351824925
Public Rack - Southport Ave & Fullteron Ave,41.92509658000001,-87.66323499000005,78,0.0043526251351824925
Harlem Ave & Bloomingdale Ave,41.91203,-87.80576999999997,78,0.0043526251351824925
Public Rack - Dearborn St & Superior St,41.895719850000056,-87.62953575000007,77,0.004296822248833999
Meade Ave & Addison St,41.94595000000001,-87.77888,77,0.004296822248833999
Public Rack - Sangamon St & Fulton St,41.88692786,-87.65110139999997,77,0.004296822248833999
Leamington Ave & Hirsch St,41.9058405,-87.75486019999998,77,0.004296822248833999
Whipple St & Irving Park Rd,41.95422000000003,-87.70444000000005,77,0.004296822248833999
Central Ave & Lake St,41.887664,-87.76546899999995,74,0.0041294135897885186
Central Park Ave & Douglas Blvd,41.86235,-87.71587,73,0.004073610703440025
Rockwell St & 47th St,41.80853000000001,-87.68942,73,0.004073610703440025
California Ave & Marquette Rd,41.771611,-87.69333099999999,73,0.004073610703440025
Austin Blvd & Chicago Ave,41.89488699999998,-87.774704,73,0.004073610703440025
Knox Ave & Marquette Ave,41.77114000000001,-87.73774000000002,73,0.004073610703440025
Public Rack - Woodlawn Ave & 63rd St N,41.78062099999996,-87.59603299999995,72,0.0040178078170915316
Public Rack - Hamlin Ave & Fullerton Ave,41.92431899999999,-87.72144599999999,72,0.0040178078170915316
Keeler Ave & Roosevelt Rd,41.8664014,-87.73001496999998,72,0.0040178078170915316
Kilbourn Ave & 49th St,41.803850000000004,-87.73566,72,0.0040178078170915316
California Ave & Madison St,41.880979999999994,-87.69597999999998,72,0.0040178078170915316
Ellis Ave & 83rd St,41.744122999999995,-87.599034,72,0.0040178078170915316
Orange Ave & Addison St,41.94484999999998,-87.82423,71,0.003962004930743037
Western Ave & 104th St,41.70458710218909,-87.68120348453522,71,0.003962004930743037
Damen Ave & 51st St,41.800908,-87.67468399999997,71,0.003962004930743037
Wabash Ave & 87th St,41.73655301831961,-87.62264415621758,71,0.003962004930743037
Cottage Grove Ave & 83rd St,41.743441000000004,-87.60483600000002,71,0.003962004930743037
Artesian Ave & 55th St,41.79402000000001,-87.68577000000003,70,0.0039062020443945446
Richmond St & 59th St,41.786489999999986,-87.69732999999998,70,0.0039062020443945446
Spaulding Ave & 16th St,41.85907319999999,-87.7078929,70,0.0039062020443945446
Narragansett Ave & Montrose Ave,41.95997800000001,-87.78692800000002,70,0.0039062020443945446
Kedzie Ave & 38th Pl,41.82351089999999,-87.70410170000001,70,0.0039062020443945446
Western Ave & 43rd St,41.81574,-87.68489000000002,69,0.003850399158046051
Phillips Ave & 79th St,41.751819999999995,-87.565211,69,0.003850399158046051
Halsted St & 73rd St,41.761605438043944,-87.64416097666071,68,0.003794596271697557
Panama Ave & Grace St,41.94766,-87.82925,68,0.003794596271697557
Harding Ave & Chicago Ave,41.895312999999994,-87.72473799999997,68,0.003794596271697557
Public Rack - Southport Ave & Webster Ave,41.921559610000024,-87.66337145999994,68,0.003794596271697557
Sacramento Blvd & Fulton St,41.88653,-87.70164999999999,68,0.003794596271697557
Houston Ave & 92nd St,41.728204215357984,-87.54970014095306,68,0.003794596271697557
Harding Ave & 26th St,41.844218,-87.72334700000002,68,0.003794596271697557
Public Rack - Keystone Ave & Irving Park Rd,41.95344899999999,-87.72963499999999,67,0.0037387933853490637
Damen Ave & Coulter St,41.85014923076921,-87.67513923076928,67,0.0037387933853490637
Kedzie Ave & Roosevelt Rd,41.86649278172,-87.70649617569998,67,0.0037387933853490637
Jeffery Blvd & 76th St,41.75712006802,-87.5758393587,66,0.00368299049900057
Vincennes Ave & 107th St,41.69922,-87.65868999999999,66,0.00368299049900057
Public Rack - Springfield Ave & Lawrence Ave,41.9683986,-87.7256873,65,0.003627187612652077
Menard Ave & Milwaukee Ave,41.98139,-87.77331000000001,65,0.003627187612652077
Ewing Ave & 106th St,41.70266,-87.53564000000004,65,0.003627187612652077
Long Ave & Irving Park Rd,41.95300999999998,-87.76213999999999,64,0.0035713847263035836
Lavergne Ave & Division St,41.90210770000001,-87.7508698,64,0.0035713847263035836
Central Park Ave & Ohio St,41.89187546842104,-87.71641120789475,64,0.0035713847263035836
Mulligan Ave & Archer Ave,41.79296,-87.78052000000002,64,0.0035713847263035836
Wellington Ave & Mulligan Ave,41.93472999999999,-87.78436000000002,63,0.0035155818399550897
Public Rack - Spaulding Ave & Evergreen Ave,41.90531699999999,-87.70952099999992,63,0.0035155818399550897
Public Rack - Wabash Ave & Chicago Ave,41.89678901999997,-87.62644291000004,63,0.0035155818399550897
Nordica Ave & Medill Ave,41.92227000000002,-87.80202000000001,63,0.0035155818399550897
State St & 79th St,41.750794,-87.62442400000002,63,0.0035155818399550897
Monitor Ave & Division St,41.901920000000004,-87.77178000000002,63,0.0035155818399550897
State St & 45th St,41.81313,-87.62584999999997,63,0.0035155818399550897
Halsted St & 104th St,41.70513978893235,-87.6424241065979,62,0.003459778953606596
Spaulding Ave & 63rd,41.7791655,-87.70563919999996,62,0.003459778953606596
Lamon Ave & Armitage Ave,41.91676000000001,-87.74945800000002,62,0.003459778953606596
Public Rack - Cicero Ave & Belle Plaine Ave,41.955625000000005,-87.74751699999999,62,0.003459778953606596
California Ave & 71st St,41.76474800000002,-87.69312099999998,62,0.003459778953606596
Halsted St & 63rd St,41.77938114227999,-87.64462081449999,61,0.0034039760672581027
Long & Irving Park,41.95303800000001,-87.7621632,61,0.0034039760672581027
Meade Ave & Diversey Ave,41.93086,-87.77845,61,0.0034039760672581027
Public Rack - Wabash Ave & Balbo Dr,41.87318755999999,-87.62619832000001,61,0.0034039760672581027
Public Rack - Champlain Ave & 65th St,41.775904,-87.609301,61,0.0034039760672581027
Cicero Ave & Lake St,41.886841,-87.74526100000001,60,0.0033481731809096096
Washtenaw Ave & Peterson Ave,41.990680729613736,-87.69706759656657,60,0.0033481731809096096
Mayfield Ave & Roosevelt Rd,41.86568999999999,-87.77176000000001,60,0.0033481731809096096
Kildare Ave & 47th St,41.80761999999999,-87.73084,60,0.0033481731809096096
State St & 54th St,41.796642000000006,-87.62592300000001,60,0.0033481731809096096
Baltimore Ave & 133rd St,41.65349,-87.54703,60,0.0033481731809096096
California Ave & 26th St,41.843679914576505,-87.69496858119965,60,0.0033481731809096096
Francisco Ave & Hollywood Ave,41.9845826440678,-87.70158111016947,59,0.003292370294561116
Kenmore Ave & School St,41.94166000000004,-87.65560000000004,59,0.003292370294561116
Wabash Ave & 49th St,41.805809999999994,-87.6245,59,0.003292370294561116
Central Ave & Roscoe St,41.942275,-87.76695000000001,59,0.003292370294561116
Marmora Ave & Belmont Ave,41.93828391724137,-87.77449119310347,59,0.003292370294561116
Washington Blvd & Peoria St Public Rack,41.88304299999998,-87.64993099999995,59,0.003292370294561116
Kedzie Ave & 83rd St,41.74252299999999,-87.702279,58,0.003236567408212622
Le Mai Ave & Devon Ave,41.99721999999999,-87.75687000000002,58,0.003236567408212622
Lawndale Ave & 59th St,41.78638,-87.71570000000003,58,0.003236567408212622
Pulaski Rd & Ann Lurie Pl,41.816440000000014,-87.72479999999997,58,0.003236567408212622
Elizabeth St & 47th St,41.808389999999996,-87.656526,58,0.003236567408212622
Greenwood Ave & 97th St,41.7187031547574,-87.59703576564789,58,0.003236567408212622
Western Ave & 101st St,41.71010999999999,-87.68198,58,0.003236567408212622
Grace/Sheffield,41.95119999999998,-87.65459999999992,58,0.003236567408212622
Oketo Ave & Addison St,41.94496000000001,-87.81188999999998,57,0.0031807645218641287
Public Rack - Wells St & Lake St,41.88566760999997,-87.63375584999997,57,0.0031807645218641287
Kildare Ave & Chicago Ave,41.8954357,-87.73348179999999,57,0.0031807645218641287
Central Ave & Madison St,41.88012100000001,-87.763238,57,0.0031807645218641287
Halsted St & 59th St,41.787539,-87.644874,57,0.0031807645218641287
Damen Ave & 87th St,41.736044,-87.672861,57,0.0031807645218641287
Yates Blvd & 75th St,41.758768,-87.56644000000001,57,0.0031807645218641287
Overhill Ave & Belmont Ave,41.937990000000006,-87.81915000000002,56,0.0031249616355156352
LaSalle St & Washington St Corral N,41.882880000000064,-87.63250999999983,56,0.0031249616355156352
Kenneth Ave & 50th St,41.802313102702705,-87.7344078675676,55,0.003069158749167142
Public Rack - Milwaukee Ave & Diversey Ave,41.93123,-87.71150099999993,55,0.003069158749167142
Public Rack - Lowell Ave & Elston Ave,41.96614,-87.73699999999998,55,0.003069158749167142
Larrabee St & Chicago Ave,41.896769999999954,-87.63860000000012,55,0.003069158749167142
Public Rack - Kostner Ave & Armitage Ave,41.917210999999995,-87.73613600000002,55,0.003069158749167142
Public Rack - Rockwell St & Chicago Ave,41.89585499999999,-87.69185699999997,55,0.003069158749167142
Public Rack - Harold Washington Park,41.80108900000001,-87.58479100000002,54,0.0030133558628186487
Racine Ave & Garfield Blvd,41.794228,-87.65507299999999,54,0.0030133558628186487
Damen Ave & 59th St,41.785861065132,-87.67414391040802,54,0.0030133558628186487
Kedzie Ave & Redfield Dr,41.765229999999995,-87.70316000000001,54,0.0030133558628186487
Oglesby Ave & 100th St,41.713397484422444,-87.56584167480469,54,0.0030133558628186487
Michigan Ave & 105th St,41.70346000000001,-87.62037,53,0.0029575529764701547
Ping Tom Park East Public Rack,41.857988600000006,-87.6319447,53,0.0029575529764701547
Commercial Ave & 83rd St,41.744615,-87.551208,53,0.0029575529764701547
Public Rack - Racine Ave & Armitage Ave,41.91814969000003,-87.65830299000002,53,0.0029575529764701547
Bernard St & Peterson Ave,41.99043929999999,-87.715236,53,0.0029575529764701547
Vincennes Ave & 95th St,41.72126000000001,-87.65005,53,0.0029575529764701547
Ewing Ave & 98th St,41.71781,-87.53504,53,0.0029575529764701547
Halsted St & 78th St,41.75248701249013,-87.6439021574879,53,0.0029575529764701547
Phillips Ave & 83rd St,41.744531,-87.56505999999999,53,0.0029575529764701547
Dauphin Ave & 103rd St,41.70725036778182,-87.60766267776489,53,0.0029575529764701547
Mozart St & 79th St,41.749702000000006,-87.69391699999998,52,0.0029017500901216617
Aberdeen St & 103rd St,41.70703999999999,-87.65022000000002,52,0.0029017500901216617
Halsted St & 93rd St,41.72489000000001,-87.64358000000001,52,0.0029017500901216617
Eggleston Ave & 111th St,41.69254,-87.63374000000002,52,0.0029017500901216617
Maplewood Ave & 59th St,41.786334338235285,-87.68743294999997,52,0.0029017500901216617
Nagle Ave & Belmont Ave,41.93852,-87.78735000000002,51,0.002845947203773168
Kedvale Ave & Peterson Ave,41.99007619999999,-87.73170729999998,51,0.002845947203773168
Kedzie Ave & Harrison St,41.87359967461999,-87.70487074930001,51,0.002845947203773168
Public Rack - Jonathan Y Scammon Public School,41.94161200000002,-87.73237199999998,51,0.002845947203773168
Ashland Ave & Garfield Blvd,41.79282200000001,-87.66442900000001,51,0.002845947203773168
Wentworth Ave & 107th St,41.69989,-87.62784999999998,50,0.0027901443174246743
Eggleston Ave & 69th St,41.768898,-87.635876,50,0.0027901443174246743
Public Rack - Trader Joe's Clybourn Ave,41.91467859000007,-87.65491579999988,50,0.0027901443174246743
Augusta Blvd & Laramie Ave,41.8986607,-87.75545510000003,50,0.0027901443174246743
Eberhart Ave & 91st St,41.729285157254864,-87.6110315322876,50,0.0027901443174246743
Baltimore Ave & 87th St,41.73733560041667,-87.54851460456847,50,0.0027901443174246743
Dauphin Ave & 87th St,41.736480000000014,-87.60125200000002,50,0.0027901443174246743
Racine Ave & 65th St,41.775392999999994,-87.654308,49,0.002734341431076181
Cottage Grove Ave & 71st St,41.765719036970005,-87.604959713,49,0.002734341431076181
Clark/Racine,41.95049999999996,-87.6593,49,0.002734341431076181
Archer Ave & Homan Ave,41.81152999999998,-87.70885,48,0.0026785385447276873
Throop St & 52nd St,41.799659,-87.657195,48,0.0026785385447276873
Loomis Blvd & 84th St,41.74148652861804,-87.65841007232666,48,0.0026785385447276873
Scottsdale Park,41.741966,-87.736179,48,0.0026785385447276873
Cicero Ave & Quincy St,41.877613,-87.74540499999998,47,0.002622735658379194
Public Rack - Wells St & Wacker Dr,41.88663266999997,-87.63405977999994,47,0.002622735658379194
St. Louis & 71st St,41.764354,-87.710121,47,0.002622735658379194
Kildare Ave & Archer Ave,41.80040033333333,-87.730531,47,0.002622735658379194
Public Rack - Carpenter St & Madison St,41.88160620000003,-87.65351139999991,47,0.002622735658379194
Kildare Ave & 55th St,41.79332,-87.73059000000002,47,0.002622735658379194
Central Ave & Parker Ave,41.930179007936516,-87.76612112433864,47,0.002622735658379194
Central Park & Augusta Blvd,41.89891080000001,-87.71649010000003,46,0.0025669327720307007
Public Rack - Ogden Ave & Monroe St,41.88001377999996,-87.66761090999994,46,0.0025669327720307007
Burley Ave & 85th St,41.741170000000004,-87.54517999999999,46,0.0025669327720307007
Oriole Ave & Irving Park Rd,41.95224000000001,-87.81696999999998,46,0.0025669327720307007
Sacramento Blvd & Fulton Ave,41.88652799999999,-87.70167,46,0.0025669327720307007
Pulaski Rd & 54th St,41.79499,-87.72361,46,0.0025669327720307007
Public Rack - St Clair St & Ontario St,41.89366468000002,-87.6226649,45,0.002511129885682207
Public Rack - Clybourn Ave & Dickens Ave,41.91908084,-87.66107184999996,45,0.002511129885682207
Mango Ave & Diversey Ave,41.9309625,-87.76988559999997,45,0.002511129885682207
Public Rack - Dearborn St & Jackson Ave,41.87802962,-87.62940127999995,45,0.002511129885682207
Homan Ave & Arthington Ave,41.869629999999994,-87.71054999999997,45,0.002511129885682207
Public Rack - Damen Ave & Division St,41.90328073,-87.67622970999999,45,0.002511129885682207
Avenue O & 134th St,41.65190268532079,-87.53955539376464,44,0.0024553269993337137
Mozart St & 55th St,41.79375,-87.69471999999998,44,0.0024553269993337137
Vincennes Ave & 79th St,41.7506,-87.63408999999999,44,0.0024553269993337137
Damen Ave & 77th St,41.75399814328984,-87.67338311864405,44,0.0024553269993337137
21st St & Pulaski Rd,41.85361349076191,-87.72466860101744,44,0.0024553269993337137
Greenwood Ave & 79th St,41.75129,-87.59760000000001,43,0.00239952411298522
Artesian Ave & Marquette Rd,41.77203,-87.684637,43,0.00239952411298522
Lamon Ave & Chicago Ave,41.89501789999999,-87.74849859999996,43,0.00239952411298522
Public Rack - Emerald Ave & 43rd St,41.81643,-87.64475399999999,43,0.00239952411298522
Lawndale Ave & 16th St,41.85916047755102,-87.7176951734694,43,0.00239952411298522
Hamlin Ave & 62nd Pl,41.779914266666665,-87.7178257866667,43,0.00239952411298522
Ewing Ave & Burnham Greenway,41.70999,-87.53549999999997,43,0.00239952411298522
Cottage Grove Ave & 111th Pl,41.69170975847014,-87.61000156402588,43,0.00239952411298522
Eggleston Ave & 115th St,41.68507,-87.63361,43,0.00239952411298522
Sacramento Ave & 25th St,41.846549510204085,-87.70013105102039,43,0.00239952411298522
Public Rack - Lawndale Ave & Diversey Ave,41.93170199999999,-87.719254,42,0.0023437212266367267
Vernon Ave & 107th St,41.70012137923887,-87.61225998401642,42,0.0023437212266367267
Lavergne Ave & 46th St,41.80934,-87.74783092093021,42,0.0023437212266367267
Halsted St & 119th St,41.67764,-87.64174000000001,42,0.0023437212266367267
Public Rack - Spaulding Ave & North Ave,41.91013799999999,-87.70955300000001,42,0.0023437212266367267
Public Rack - Hamlin Ave & Montrose Ave,41.961216,-87.722416,41,0.0022879183402882333
Calumet Ave & 71st St,41.765508005810005,-87.616917925,41,0.0022879183402882333
Ashland Ave & 66th St,41.774074,-87.663815,41,0.0022879183402882333
Public Rack - Orleans St & Grand Ave,41.89164251000007,-87.63679676999989,41,0.0022879183402882333
Central Ave & Chicago Ave,41.89495474666666,-87.76491331999998,41,0.0022879183402882333
Hastings LWS,41.863516400000044,-87.67974849999996,40,0.0022321154539397393
Kildare Ave & 26th St,41.84437325131325,-87.73249769888325,40,0.0022321154539397393
Kildare Ave & Division St,41.90239300000001,-87.73359799999999,40,0.0022321154539397393
Public Rack - DuSable Lake Shore Dr & Ontario St,41.89434697000001,-87.61569137,40,0.0022321154539397393
Hamilton Park,41.76252,-87.63734,40,0.0022321154539397393
Sacramento Ave & 51st St,41.80068,-87.69894999999998,40,0.0022321154539397393
Halsted St & 96th St,41.71971218361884,-87.6430195569992,40,0.0022321154539397393
Cicero Ave & Wellington Ave,41.93515,-87.74636,40,0.0022321154539397393
Springfield Ave & 71st St,41.764484,-87.720028,40,0.0022321154539397393
Public Rack - Karlov Ave & Kamerling Ave,41.905621,-87.72863600000001,40,0.0022321154539397393
Eggleston Ave & 92nd St,41.727575659299575,-87.63482809066771,40,0.0022321154539397393
Archer Ave & 43rd St,41.81549102499999,-87.70243248461537,40,0.0022321154539397393
Narragansett Ave & School St,41.94012580645161,-87.78648043548388,39,0.0021763125675912463
Ashland Ave & 78th St,41.75220484941116,-87.66369938850403,39,0.0021763125675912463
State St & 111th St,41.69251,-87.62287,39,0.0021763125675912463
Cicero Ave & Flournoy St,41.87213100000001,-87.74661899999998,39,0.0021763125675912463
Milwaukee & Fullerton,41.924690000000034,-87.7006,39,0.0021763125675912463
Kedzie Ave & 66th Pl,41.77258400000001,-87.703007,39,0.0021763125675912463
Springfield Ave & 80th St,41.747629999999994,-87.71945000000001,39,0.0021763125675912463
Tripp Ave & 31st St,41.836966000000004,-87.73050199999999,39,0.0021763125675912463
Lamon Ave & 47th St,41.80781000000001,-87.74569,38,0.0021205096812427523
East End Ave & 87th St,41.73681521440671,-87.58280128240585,38,0.0021205096812427523
Ewing Ave & 97th St,41.719820000000006,-87.53542000000002,38,0.0021205096812427523
Kedzie Ave & 110th St,41.692394745875575,-87.70096063613892,38,0.0021205096812427523
Homewood Ave & 115th St,41.684595072026184,-87.67070800065994,38,0.0021205096812427523
Public Rack - Avers Ave & Irving Park Rd,41.95378900000001,-87.72416100000001,38,0.0021205096812427523
Laflin St & 115th St,41.68498999999999,-87.65990999999998,38,0.0021205096812427523
Oconto Ave & Belmont Ave,41.93783000000001,-87.80787999999997,38,0.0021205096812427523
St Louis Ave & 59th St,41.78589,-87.71056999999998,38,0.0021205096812427523
Halsted St & 56th St,41.79292964598999,-87.64499005649999,38,0.0021205096812427523
Public Rack - South Shore Dr & 71st St,41.766206,-87.56278900000002,38,0.0021205096812427523
Ashland Ave & 74th St,41.75923602425868,-87.66347408294678,37,0.0020647067948942593
St Louis Ave & 51st St,41.80095,-87.71104,37,0.0020647067948942593
Ashland Ave & 63rd St,41.779374,-87.664843,37,0.0020647067948942593
Komensky Ave & 47th St,41.80769000000001,-87.72472000000002,37,0.0020647067948942593
Seeley Ave & Garfield Blvd,41.79408699999999,-87.675478,37,0.0020647067948942593
[Archived] Wilton Ave & Diversey Pkwy,41.932418000000006,-87.65270500000007,37,0.0020647067948942593
Kenmore Ave & Catalpa Ave,41.982030000000044,-87.65653000000015,37,0.0020647067948942593
Major Taylor Trail & 115th St,41.68493159519295,-87.6452887058258,37,0.0020647067948942593
Stony Island Ave & 90th St,41.731394943302355,-87.58574366569519,37,0.0020647067948942593
Public Rack - Langley Ave & Oakwood Blvd,41.822839,-87.60952499999999,37,0.0020647067948942593
Hegewisch Metra Station,41.648500762664085,-87.54608988761902,36,0.0020089039085457658
Kostner Ave & Lake St,41.88592799999999,-87.73540999999999,36,0.0020089039085457658
Pulaski Rd & 75th St,41.75725,-87.72247000000002,36,0.0020089039085457658
Olive Harvey College,41.70958113526255,-87.59023368358612,36,0.0020089039085457658
Granville Ave & Pulaski Rd,41.9924402,-87.72890720000002,36,0.0020089039085457658
Doty Ave & 111th St,41.69501044938143,-87.59871482849121,36,0.0020089039085457658
Cottage Grove Ave & 78th St,41.75317399999998,-87.60502600000001,36,0.0020089039085457658
Laramie Ave & Madison St,41.880207000000006,-87.755337,35,0.0019531010221972723
Vernon Ave & 79th St,41.75094,-87.61378999999998,35,0.0019531010221972723
Public Rack - Western Blvd & 49th St,41.80478,-87.683749,35,0.0019531010221972723
Public Rack - Desplaines St & Fulton St,41.88689240000002,-87.64341688000002,35,0.0019531010221972723
State St & 123rd St,41.67064383687978,-87.62258648872375,35,0.0019531010221972723
California Ave & 16th St,41.85926000000001,-87.69549999999992,35,0.0019531010221972723
Avers Ave & 16th St,41.85909,-87.72121,35,0.0019531010221972723
Public Rack - Morgan St & Madison St,41.88178983999995,-87.65178052999998,34,0.0018972981358487786
Tripp Ave & 15th St,41.860769999999995,-87.73136,34,0.0018972981358487786
Avenue O & 118th St,41.68100145911039,-87.5379312226869,34,0.0018972981358487786
Public Rack - Wacker Dr & Adams St,41.87941640999998,-87.63719314999994,34,0.0018972981358487786
Wentworth Ave & 92nd St,41.72713999999999,-87.62885999999999,34,0.0018972981358487786
Public Rack - Eberhart Ave & 61st St,41.783745,-87.612919,34,0.0018972981358487786
Public Rack - Wells St & Ontario St,41.89338453999997,-87.63401972,34,0.0018972981358487786
Public Rack - Austin Blvd & North Ave,41.909281,-87.775613,34,0.0018972981358487786
Racine Ave & 115th St,41.68476,-87.65195999999999,34,0.0018972981358487786
Karlov Ave & Madison St,41.88085,-87.727907,34,0.0018972981358487786
Torrence Ave & 126th Pl,41.66631200825727,-87.55721569061278,34,0.0018972981358487786
Public Rack - Wells St & Monroe St,41.8806039,-87.63357567999998,33,0.001841495249500285
Archer Ave & 49th St,41.8042,-87.72082,33,0.001841495249500285
Wood St & 84th St,41.741192000000005,-87.668106,33,0.001841495249500285
Major Taylor Trail & 111th St,41.69211,-87.64889999999998,33,0.001841495249500285
Homan Ave & 77th St,41.75373999999999,-87.70750999999997,33,0.001841495249500285
Central Ave & Harrison St,41.872992999999994,-87.76449899999997,33,0.001841495249500285
Commercial Ave & 90th St,41.73183687272728,-87.55216160909089,33,0.001841495249500285
Yates Blvd & 93rd St,41.726166390245105,-87.5662761926651,33,0.001841495249500285
Pulaski Rd & 68th St,41.76949485454545,-87.72284200000001,32,0.0017856923631517918
Public Rack - Kenton Ave & Palmer St,41.9206781,-87.7419523,32,0.0017856923631517918
Vernon Ave & 75th St,41.758360999999994,-87.61413799999995,32,0.0017856923631517918
Throop St & 99th St,41.714139999999986,-87.65470000000002,32,0.0017856923631517918
Public Rack - Leamington & Elston,41.97789399999999,-87.75631500000001,31,0.001729889476803298
Public Rack - Ashland Orange Line CTA,41.83922899000001,-87.66564109999997,31,0.001729889476803298
Halsted St & 111th St,41.692262555891666,-87.64261186122894,31,0.001729889476803298
Komensky Ave & 31st St,41.83670468965517,-87.72564058620691,31,0.001729889476803298
SCOOTERS CLASSIC - 2132 W Hubbard ST,41.889967494708344,-87.6801560819149,31,0.001729889476803298
Hastings St Depot Public Rack,41.8635164,-87.67974850000002,31,0.001729889476803298
Oak Park & Wellington,41.93458599999999,-87.79596130000003,31,0.001729889476803298
Public Rack - Loomis St & Eleanor St,41.84450288000001,-87.66012478000003,31,0.001729889476803298
Halsted St & 123rd St,41.67096,-87.64154000000002,30,0.0016740865904548048
Public Rack - Lake Shore Dr & Hayes Dr,41.78058099999999,-87.57456199999997,30,0.0016740865904548048
Franklin St & Monroe St Corral,41.88056000000003,-87.63524,30,0.0016740865904548048
Public Rack - Orleans St & Ontario St,41.89306681,-87.63873783000003,30,0.0016740865904548048
Bennett Ave & 79th St,41.75178499999999,-87.578496,30,0.0016740865904548048
Greenwood Ave & 91st St,41.72826426816274,-87.59729862213135,29,0.001618283704106311
Martin Luther King Dr & 87th St,41.73676999999999,-87.61439,29,0.001618283704106311
Public Rack - Sheffield Ave & Belden Ave,41.92335973,-87.65362625999997,29,0.001618283704106311
Parnell Ave & 127th St,41.66338,-87.63428999999998,29,0.001618283704106311
Public Rack - Independence Blvd & Roosevelt,41.8662123,-87.7184969,29,0.001618283704106311
W 103rd St & S Avers Ave,41.70584600000001,-87.71707400000001,29,0.001618283704106311
Long Ave & North Ave,41.9092147,-87.7609189,29,0.001618283704106311
Stony Island Ave & 82nd St,41.746559,-87.58600500000001,28,0.0015624808177578176
Lake/Green Corral,41.8854698,-87.64856370000001,28,0.0015624808177578176
Altgeld Gardens,41.656665529673724,-87.59880065917969,28,0.0015624808177578176
Public Rack - Western Ave & Devon Ave,41.99757899999999,-87.689713,28,0.0015624808177578176
Paulina Ave & 87th St,41.73562900000001,-87.66552,28,0.0015624808177578176
Public Rack - Sawyer Ave & Bryn Mawr Ave - SE,41.98301740000001,-87.70969990000002,28,0.0015624808177578176
Harlem Ave & Grace St,41.94894,-87.80683,28,0.0015624808177578176
Michigan Ave & 71st St,41.76528600000001,-87.62174800000001,27,0.0015066779314093243
Woodlawn Ave & 75th St,41.75916,-87.59578286666667,27,0.0015066779314093243
Public Rack - Sheffield Ave & Dickens Ave,41.91999262000001,-87.65357154000002,27,0.0015066779314093243
Western Ave & 62nd St,41.780982571428574,-87.68340077714286,27,0.0015066779314093243
Newcastle Ave & Irving Park Rd,41.95255999999999,-87.79755,27,0.0015066779314093243
Western Ave & 79th St,41.750843,-87.68270100000001,27,0.0015066779314093243
Public Rack - Washtenaw Ave & Devon Ave,41.997764,-87.69722099999994,27,0.0015066779314093243
Public Rack - Kimball Ave & Lawrence Ave,41.96791249999999,-87.71343530000001,26,0.0014508750450608308
Oak Park Ave & Wellington Ave,41.93459000000001,-87.79585999999999,26,0.0014508750450608308
Public Rack - Laramine Ave & Winnemac Ave,41.9718249,-87.75756229999998,26,0.0014508750450608308
Princeton Ave & 95th St,41.72175,-87.63075000000002,26,0.0014508750450608308
Latrobe Ave & Chicago Ave,41.89480669354839,-87.75654153225805,26,0.0014508750450608308
Long Ave & Belden Ave,41.9227143125,-87.7609525,26,0.0014508750450608308
Public Rack - Oakley Blvd & Grand Ave,41.890651000000005,-87.68410299999996,26,0.0014508750450608308
Public Rack - Garfield Park Conservatory,41.886579999999995,-87.71664600000003,26,0.0014508750450608308
Pulaski Rd & 84th St,41.74040699999998,-87.72190700000003,26,0.0014508750450608308
Public Rack - Halsted St Metra Station,41.860435390000006,-87.64683101999996,25,0.0013950721587123371
Public Rack - Nagel & Higgins,41.97631199999999,-87.78763999999998,25,0.0013950721587123371
Central Park Ave & 66th St,41.773258,-87.71314299999999,25,0.0013950721587123371
Elizabeth St & 92nd St,41.726798963701185,-87.65429019927979,25,0.0013950721587123371
Public Rack - Milwaukee Ave & Culyer Ave,41.954680100000004,-87.74942349999999,25,0.0013950721587123371
Public Rack - Greenwood Ave & Lake Park Ave,41.81737199999999,-87.59957600000001,25,0.0013950721587123371
St. Louis Ave & 59th St,41.78589,-87.71056999999999,24,0.0013392692723638436
Public Rack - Richard Daley College,41.75486,-87.72364,24,0.0013392692723638436
Public Rack - Lafayette Ave & 95th St,41.72178699999999,-87.624939,24,0.0013392692723638436
Public Rack - Rockwell Ave & Touhy Ave ,42.01234399999999,-87.69538300000004,24,0.0013392692723638436
Public Rack - Milwaukee Ave & School St,41.940647999999996,-87.726087,24,0.0013392692723638436
Pulaski Rd & 60th Pl,41.78315,-87.72257,24,0.0013392692723638436
Kenton Ave & Madison St,41.88042000000001,-87.74107999999998,24,0.0013392692723638436
Loomis St & 95th St,41.72147999999999,-87.65774,23,0.0012834663860153504
Public Rack - Prairie Ave & Garfield Blvd N,41.79480875000001,-87.61890695999999,23,0.0012834663860153504
Public Rack - Kimball Ave & Carmen Ave,41.973896,-87.71329699999997,23,0.0012834663860153504
Public Rack - Milwaukee Ave & Higgins Ave,41.96859640000001,-87.76120919999997,23,0.0012834663860153504
Kedzie Ave & 45th St,41.81139017647059,-87.70400229411766,23,0.0012834663860153504
Public Rack - Oak Park & Higgins,41.97888799999999,-87.79623500000001,23,0.0012834663860153504
Public Rack - Minuteman Park,41.78533300000001,-87.76260150000002,23,0.0012834663860153504
Major Ave & Bloomingdale Ave,41.91258790714285,-87.76873539285714,23,0.0012834663860153504
Monitor Ave & Fullerton Ave,41.92379,-87.77228,23,0.0012834663860153504
Public Rack - Wells St & Grand Ave,41.89103356000001,-87.63415517000006,23,0.0012834663860153504
Racine Ave & 57th St,41.789696880483376,-87.65469789505005,23,0.0012834663860153504
Kedzie Ave & 73rd St,41.76070299999999,-87.70229199999999,23,0.0012834663860153504
Public Rack - Pulaski Rd & Fullerton Ave,41.924618,-87.727398,23,0.0012834663860153504
Public Rack - Menard Ave & Dakin St - midblock,41.951732,-87.772005,23,0.0012834663860153504
Public Rack - Leavitt St & Potomac Ave,41.904976000000005,-87.68205099999994,23,0.0012834663860153504
Artesian Ave & 71st St,41.76434499999999,-87.68441699999998,22,0.0012276634996668569
Central Park Ave & Augusta Blvd,41.89894000000002,-87.71648999999995,22,0.0012276634996668569
Homan Ave & 65th St,41.775157416666666,-87.70812345833336,22,0.0012276634996668569
Whipple St & Roosevelt Rd,41.86655255555555,-87.70149186111111,22,0.0012276634996668569
Roscoe & Harlem,41.94160620000001,-87.80729640000001,22,0.0012276634996668569
Public Rack - Clark St & Oak St,41.90107054000003,-87.63147892999999,22,0.0012276634996668569
Public Rack - Hoyne Ave & Walton St,41.898502,-87.67951999999997,21,0.0011718606133183634
Public Rack - Clifton Ave & Webster Ave,41.92153608,-87.65719603999999,21,0.0011718606133183634
Public Rack - Olmstead Ave & Oliphant Ave,42.002311199999994,-87.8170946,21,0.0011718606133183634
State St & 127th St,41.66388,-87.622,21,0.0011718606133183634
Harding Ave & 31st St,41.83672000000001,-87.72302999999998,21,0.0011718606133183634
Public Rack - Keating & Peterson,41.990159000000006,-87.74718299999999,21,0.0011718606133183634
South Chicago Ave & 83rd St,41.743921,-87.57522500000002,21,0.0011718606133183634
Public Rack - Centennial Park South,42.046487899999995,-87.67323929999999,21,0.0011718606133183634
Public Rack - Hoyne Ave & Grand Ave,41.890918000000006,-87.67928800000003,21,0.0011718606133183634
Public Rack - Centennial Park North,42.0485144,-87.67362840000001,21,0.0011718606133183634
Constance Ave & 95th St,41.72229074095263,-87.57896840572357,21,0.0011718606133183634
May St & 69th St,41.768938,-87.65293399999999,21,0.0011718606133183634
Karlov Ave & Fillmore St,41.86815000000001,-87.72759999999998,21,0.0011718606133183634
Rockwell St & 63rd St,41.77879017021277,-87.68858320000001,21,0.0011718606133183634
Public Rack - Burling Ave & Armitage Ave,41.91814107999997,-87.64714057999998,21,0.0011718606133183634
Mason Ave & Belmont Ave,41.938368200000006,-87.7725029,20,0.0011160577269698697
Public Rack - Central Ave & Lawrence Ave,41.96786410000001,-87.76759309999998,20,0.0011160577269698697
Parkside Ave & Armitage Ave,41.916907,-87.76717299999999,20,0.0011160577269698697
Public Rack - Lockwood & Archer,41.79667999999999,-87.75516000000002,20,0.0011160577269698697
Public Rack - Touhy Ave & Oconto Ave,42.01177390000001,-87.80766459999998,20,0.0011160577269698697
MLK Jr Dr & 83rd St,41.743116,-87.61480000000002,20,0.0011160577269698697
Public Rack - 532 E 43rd St,41.81684700000001,-87.61329399999998,20,0.0011160577269698697
Columbus Ave & 83rd Pl,41.741346,-87.71369600000001,19,0.0010602548406213762
Marquette Ave & 89th St,41.73366879071473,-87.55834221839905,19,0.0010602548406213762
Public Rack - Wacker Dr & Madison St (East),41.88184658,-87.63650718999999,19,0.0010602548406213762
Public Rack - Wacker Dr & Madison St (West),41.881991899999996,-87.63729758999999,19,0.0010602548406213762
Troy Ave & 27th St,41.84265,-87.70401,19,0.0010602548406213762
Public Rack - Clifton Ave & Armitage Ave,41.91800358,-87.65627483,19,0.0010602548406213762
Racine Ave & 61st St,41.783189,-87.65437199999998,19,0.0010602548406213762
Public Rack - Lavergne Ave & Belle Plaine Ave,41.955307899999994,-87.7517878,19,0.0010602548406213762
Evans Ave & 75th St,41.75849000000001,-87.60641000000001,18,0.0010044519542728829
Public Rack - Milwaukee Ave & Warner Ave,41.9562591,-87.7507656,18,0.0010044519542728829
Wentworth Ave & 104th St,41.705307996998194,-87.62921690940857,18,0.0010044519542728829
Public Rack - Prairie Ave & 47th St ,41.80949700000001,-87.618997,18,0.0010044519542728829
Public Rack - Mango & Higgins,41.971722,-87.77228800000003,18,0.0010044519542728829
Indiana Ave & 103rd St,41.70717027117757,-87.6184719800949,18,0.0010044519542728829
Kostner Ave & Adams St,41.877917,-87.73573699999999,17,0.0009486490679243893
Public Rack - Milwaukee Ave & Addison St,41.946509999999996,-87.735721,17,0.0009486490679243893
Front Ave & 115th St,41.68577,-87.61248,17,0.0009486490679243893
Stewart Ave & 83rd St,41.74371699999999,-87.63408799999999,17,0.0009486490679243893
Public Rack - Walden Pkwy & 103rd St,41.706205,-87.668965,17,0.0009486490679243893
Public Rack - Kedzie Ave & 64th St - SW,41.777030999999994,-87.70322300000001,17,0.0009486490679243893
Public Rack - Western Ave & 100th St,41.711666,-87.681963,17,0.0009486490679243893
Public Rack - Kedzie Ave & 64th St - SE,41.776984999999996,-87.702916,17,0.0009486490679243893
Stewart Ave & 63rd St,41.779835000000006,-87.634774,17,0.0009486490679243893
Public Rack - Sacramento Ave & Devon Ave,41.997575,-87.704649,17,0.0009486490679243893
Lake/Morgan Corral,41.8854978,-87.65231570000002,17,0.0009486490679243893
Public Rack - Bernard St & Foster Ave,41.97563530000001,-87.71267620000002,17,0.0009486490679243893
Public Rack - Tripp Ave & North Ave,41.90995395,-87.73271446,17,0.0009486490679243893
Public Rack - Sawyer Ave & Lawrence Ave,41.9683,-87.70943500000001,17,0.0009486490679243893
Public Rack - State ST & 42nd St,41.819067,-87.626417,17,0.0009486490679243893
Public Rack - Avers & Lawrence,41.968419999999995,-87.72446000000002,16,0.0008928461815758959
Public Rack - Calumet Ave & 51st St,41.802221,-87.61845700000002,16,0.0008928461815758959
Public Rack - Kenmore Ave & Armitage Ave,41.918211720000016,-87.65452851000003,16,0.0008928461815758959
Halsted St & 83rd St,41.743069999999996,-87.6437,16,0.0008928461815758959
Public Rack - Forest Glen Station ,41.97871000000001,-87.75552,16,0.0008928461815758959
Rhodes Ave & 71st St,41.76599999999999,-87.611726,16,0.0008928461815758959
North Ave & New England Ave,41.9092204,-87.7971406,16,0.0008928461815758959
Wabash Ave & 83rd St,41.74335976225324,-87.62284398078917,16,0.0008928461815758959
Public Rack - Spaulding Ave & Bryn Mawr Ave,41.982963999999996,-87.71144100000001,16,0.0008928461815758959
Bradley Park,41.717878301935,-87.56459176540375,16,0.0008928461815758959
Public Rack - Avondale Ave & Addison St,41.94655,-87.719827,16,0.0008928461815758959
Addison Red Line Corral,41.947197599999996,-87.65395140000003,16,0.0008928461815758959
Public Rack - Norwood Park Station ,41.991899999999994,-87.79916000000001,16,0.0008928461815758959
Public Rack - Bryn Mawr Ave & Spaulding Ave,41.983092600000006,-87.71158449999997,15,0.0008370432952274024
Springfield Ave & 47th St,41.808070779999994,-87.72122411999999,15,0.0008370432952274024
Kildare Ave & 85th St (Kostner Ave & 87th St TEMPORARY),41.734928999999994,-87.731187,15,0.0008370432952274024
Public Rack - Pulaski Rd & Armitage Ave,41.917019999999994,-87.727096,15,0.0008370432952274024
Menard Ave & North Ave,41.9097167,-87.7702037,15,0.0008370432952274024
Public Rack - Central Ave & Pensacola Ave,41.9600246,-87.7671371,15,0.0008370432952274024
Laramie Ave & Gladys Ave,41.875806000000004,-87.755285,15,0.0008370432952274024
Damen Ave & 74th St,41.75927403933123,-87.67363429069519,15,0.0008370432952274024
Lavergne Ave & Archer Ave,41.79816,-87.74771999999999,15,0.0008370432952274024
Public Rack - Hiawatha & Mendota,42.00699,-87.77800699999999,15,0.0008370432952274024
Public Rack - Jeffrey Blvd & 71st St,41.76633300000002,-87.576154,15,0.0008370432952274024
Public Rack - Pulaski Rd & Lake St,41.885577,-87.72605999999999,15,0.0008370432952274024
Public Rack - Drake Ave & Leland Ave,41.96598530000002,-87.716876,15,0.0008370432952274024
St. Louis Ave & 71st St,41.764354,-87.710121,15,0.0008370432952274024
Commercial Ave & 97th St,41.71893,-87.55112,15,0.0008370432952274024
Troy St & Jackson Blvd,41.87750499999999,-87.70484999999998,14,0.0007812404088789088
Public Rack - Jensen Park,41.964864,-87.72077399999993,14,0.0007812404088789088
Indiana Ave & 133rd St,41.6538,-87.61719,14,0.0007812404088789088
Public Rack - Milwaukee Ave & Sunnyside Ave,41.9625222,-87.7560059,14,0.0007812404088789088
Public Rack - Kedzie Ave & Chicago Ave,41.89556,-87.70641000000002,14,0.0007812404088789088
Public Rack - Ewing Ave & 107th St,41.700378,-87.53527600000001,14,0.0007812404088789088
Loomis St & 89th St,41.73237975329553,-87.65806943178177,14,0.0007812404088789088
Public Rack - Milwaukee Ave & Lawrence Ave,41.967385700000015,-87.76016989999998,14,0.0007812404088789088
State St & 76th St,41.756971,-87.624621,14,0.0007812404088789088
Vincennes Ave & 75th St,41.75797,-87.63121,14,0.0007812404088789088
Public Rack - Central & Leland,41.965408,-87.767339,14,0.0007812404088789088
Public Rack - Homan Ave & Lake St,41.884739999999994,-87.71135699999998,14,0.0007812404088789088
Public Rack - Avers Ave & Ogden Ave,41.85264200000001,-87.72103,13,0.0007254375225304154
Kedzie Ave & 104th St,41.70378981538462,-87.70138436923078,13,0.0007254375225304154
Public Rack - Ford City Mall,41.75715400000001,-87.741409,13,0.0007254375225304154
Michigan Ave & 114th St,41.687014794671185,-87.62105226516724,13,0.0007254375225304154
Major Taylor Trail & 124th St,41.66869635332246,-87.63711333274841,13,0.0007254375225304154
Public Rack - Western Ave & Chicago Ave,41.89582300000001,-87.68713000000001,13,0.0007254375225304154
Public Rack - Linder Ave & 64th Pl,41.775524,-87.757972,13,0.0007254375225304154
Kildare & Cermak,41.851413999999984,-87.73215000000002,13,0.0007254375225304154
Public Rack - Lotus Ave & Lawrence Ave,41.967653500000004,-87.76362980000002,13,0.0007254375225304154
Public Rack - Trumbull Ave & 111th St,41.691596,-87.70739699999999,13,0.0007254375225304154
Public Rack - Irving Park Rd & Leclaire Ave,41.953418,-87.75484099999997,13,0.0007254375225304154
Lavergne Ave & 44th St,41.81311,-87.74868999999998,13,0.0007254375225304154
Burley Ave & 91st St,41.730540000000005,-87.54557999999999,13,0.0007254375225304154
Public Rack - Jeffery Blvd & 67th St,41.773259,-87.576664,13,0.0007254375225304154
Steelworkers Park (Updated),41.737948,-87.53083599999998,12,0.0006696346361819218
Public Rack - Monticello & Lawrence,41.968213999999996,-87.71954099999999,12,0.0006696346361819218
Komensky Ave & 55th St,41.793279,-87.724189,12,0.0006696346361819218
Public Rack - Western Ave & 92nd Pl,41.72553799999999,-87.68196799999998,12,0.0006696346361819218
Public Rack - California Ave & Ogden Ave,41.8608706,-87.69568100000001,12,0.0006696346361819218
Commercial Ave & 100th St,41.71331739547703,-87.55109757184982,12,0.0006696346361819218
Public Rack - Pulaski Rd & 44th St,41.8129,-87.72250000000001,12,0.0006696346361819218
Manistee Ave & 95th St,41.7226,-87.55692000000002,12,0.0006696346361819218
Public Rack - St Louis Ave & Berteau Ave,41.958373,-87.715685,12,0.0006696346361819218
Laramie Ave & Augusta Blvd,41.89865000000001,-87.75546999999999,12,0.0006696346361819218
Troy St & 27th St,41.84266,-87.70405,12,0.0006696346361819218
Public Rack - S. Kilpatrick and W. 79th,41.74929999999999,-87.73958000000002,12,0.0006696346361819218
Public Rack - Princeton Ave & 43rd St,41.81588299999999,-87.633718,12,0.0006696346361819218
Public Rack - Washington Park Ct & 51st St,41.8021917,-87.6151444,11,0.0006138317498334284
Pulaski Rd & 60th St,41.784186,-87.72256399999999,11,0.0006138317498334284
Public Rack - Peterson Park,41.97871,-87.75552000000002,11,0.0006138317498334284
Public Rack - Irving Park Rd & Menard Ave,41.9532339,-87.7721894,11,0.0006138317498334284
Public Rack - Orleans St & Chicago Ave,41.896443760000004,-87.63797544,11,0.0006138317498334284
Public Rack - Central Park Ave & Fulton Blvd,41.8861512,-87.7155114,11,0.0006138317498334284
Public Rack - Kenneth & Carmen,41.972642,-87.739239,11,0.0006138317498334284
Public Rack - Christiana Ave & 55th St,41.793307,-87.707702,11,0.0006138317498334284
Public Rack - Linder & Elston,41.983559,-87.76577,11,0.0006138317498334284
Public Rack - N. Oakview and W. Gregory St,41.9801,-87.84395999999998,11,0.0006138317498334284
Michigan Ave & 108th St,41.69815,-87.62111000000002,11,0.0006138317498334284
Fullerton & Monitor,41.9237918,-87.77231159999998,11,0.0006138317498334284
Public Rack - Mont Clare Ave & Higgins Ave,41.98060199999999,-87.80496300000003,11,0.0006138317498334284
Public Rack - Hollywood Park,41.98929,-87.71182000000002,11,0.0006138317498334284
Eberhart Ave & 131st St,41.658413151101065,-87.61071089698817,11,0.0006138317498334284
Public Rack - Milwaukee Ave & Pensacola Ave,41.9595108,-87.75339579999999,11,0.0006138317498334284
Public Rack - Milwaukee Ave & Kennedy Expy,41.9712722,-87.7638869,11,0.0006138317498334284
Homan Ave & Fillmore St,41.86811323287671,-87.71091118219177,11,0.0006138317498334284
Stony Island Ave & South Chicago Ave,41.751173,-87.585337,10,0.0005580288634849348
MLK Dr & 111th St,41.692629999999994,-87.6136,10,0.0005580288634849348
Public Rack - Oak Park Ave & Foster Ave,41.9746022,-87.8119558,10,0.0005580288634849348
Wentworth Ave & 111th St,41.69259,-87.62825,10,0.0005580288634849348
Public Rack - King Dr & Oakwood Blvd,41.822827,-87.61648600000001,10,0.0005580288634849348
Public Rack - Ottowa Ave & Touhy Ave,42.0114922,-87.81820170000002,10,0.0005580288634849348
Public Rack - Western Ave & Jarvis Ave,42.016398,-87.690376,10,0.0005580288634849348
Sacramento Blvd & Polk St,41.87095899999999,-87.70025899999999,10,0.0005580288634849348
Martin Luther King Dr & 111th St,41.69263895647179,-87.61367386484746,10,0.0005580288634849348
Carpenter St & 63rd St,41.77987,-87.650919,10,0.0005580288634849348
Public Rack - Keystone Ave & North Ave,41.909623,-87.72795099999999,10,0.0005580288634849348
Ada St & 113th Pl,41.68759,-87.65540999999999,10,0.0005580288634849348
Summit Ave & 86th St,41.737848476733404,-87.64489978551862,10,0.0005580288634849348
Public Rack - Nashotah & Northwest Hwy,41.988140999999985,-87.79144699999999,10,0.0005580288634849348
Damen Ave & 33rd St,41.83410800000001,-87.67559,10,0.0005580288634849348
Hubbard St Depot Public Rack,41.889777200000005,-87.68035099999999,10,0.0005580288634849348
Public Rack - Chase Ave & Touhy Ave - NE,42.014539000000006,-87.69013590000002,9,0.0005022259771364414
Public Rack - Laramie Ave & Belmont Ave,41.9386855,-87.75563,9,0.0005022259771364414
Public Rack - Hamlin Ave & Madison St,41.880832999999996,-87.720797,9,0.0005022259771364414
Public Rack - Christiana & Lincoln,41.99346,-87.712734,9,0.0005022259771364414
Public Rack - Central Park & Peterson,41.990093,-87.71875300000002,9,0.0005022259771364414
Public Rack - St Louis & Lincoln,41.995652,-87.71632799999999,9,0.0005022259771364414
Mango Ave & Grand Ave,41.91965055,-87.76941355,9,0.0005022259771364414
Harlem Ave & Roscoe St,41.941590000000005,-87.80719999999998,9,0.0005022259771364414
Public Rack - California Ave & Devon Ave - NE,41.99826,-87.699481,9,0.0005022259771364414
New England Ave & North Ave,41.90929,-87.79715,9,0.0005022259771364414
Public Rack - Oketo & Talcott,41.988596,-87.812525,9,0.0005022259771364414
Shields Ave & 57th St,41.79075999999999,-87.6345,9,0.0005022259771364414
Public Rack - Woodlawn Ave & 63rd St S,41.77948399999999,-87.59602799999999,9,0.0005022259771364414
Public Rack - Wentworth Ave & 103rd St,41.707257000000006,-87.627826,9,0.0005022259771364414
Public Rack - Penn Elementary School / KIPP Ascend Middle School,41.8586742,-87.72238349999999,9,0.0005022259771364414
Public Rack - Leclaire Ave & Division St,41.902049999999996,-87.75304999999999,9,0.0005022259771364414
Public Rack - South Boulevard Beach,42.027305,-87.6683105,9,0.0005022259771364414
Torrence Ave & 106th St,41.702800850225906,-87.55972623825073,9,0.0005022259771364414
Steelworkers Park Public Rack,41.73794800000001,-87.53083600000001,9,0.0005022259771364414
Ave H & 110th St,41.69553,-87.53304,9,0.0005022259771364414
Public Rack - Imlay & Milwaukee,41.998983,-87.78956,9,0.0005022259771364414
Public Rack - Milwaukee Ave & Leland Ave,41.96611239999999,-87.7593376,9,0.0005022259771364414
Public Rack - Delphina & Foster,41.9736,-87.84109800000002,9,0.0005022259771364414
Public Rack - Lynch & Elston,41.980931,-87.761302,9,0.0005022259771364414
Western Ave & 81st St,41.74642600000001,-87.68312300000001,8,0.00044642309078794795
Public Rack - Chappel Ave & 71st St,41.766366,-87.575287,8,0.00044642309078794795
Public Rack - Throop St & 58th St,41.788541,-87.65621,8,0.00044642309078794795
Public Rack - Melvina Ave & Belmont Ave,41.9384207,-87.7813896,8,0.00044642309078794795
Public Rack - Overhill Ave & Touhy Ave,42.0114627,-87.81900973000003,8,0.00044642309078794795
Public Rack - Central & Prescott,41.992794,-87.765586,8,0.00044642309078794795
South Chicago Ave & Elliot Ave,41.747363,-87.580046,8,0.00044642309078794795
Public Rack - Kenton & Lawrence,41.967988999999996,-87.74304899999998,8,0.00044642309078794795
Public Rack - Odell & Talcott,41.98731,-87.81023,8,0.00044642309078794795
Public Rack - Talman Ave & 51st St,41.800908,-87.69080199999999,8,0.00044642309078794795
Public Rack - Kostner Ave & Diversey Ave,41.931803,-87.737285,8,0.00044642309078794795
Public Rack - Plainfield Ave & Irving Park Rd,41.952133,-87.83381700000001,8,0.00044642309078794795
Public Rack - Strohacker Park,41.79482,-87.73211199999999,8,0.00044642309078794795
Public Rack - Nordica Ave & Addison St,41.945428,-87.803458,8,0.00044642309078794795
Public Rack - 63rd Pl & Narraganssett Ave,41.7765858,-87.7820753,8,0.00044642309078794795
Public Rack - Melvina & Foster,41.975596,-87.78348400000002,8,0.00044642309078794795
Public Rack - Natoma Ave & 61st St,41.78093599999999,-87.787643,8,0.00044642309078794795
Public Rack - Cicero & 64th,41.77643,-87.742389,8,0.00044642309078794795
Marshfield Ave & 59th St,41.786833,-87.66621499999998,8,0.00044642309078794795
Public Rack - California Ave & Devon Ave - NW,41.998481,-87.69985,8,0.00044642309078794795
Lake/Sangamon Corral,41.885469300000004,-87.65089409999999,8,0.00044642309078794795
Public Rack - Evans Ave & 63rd St,41.780506,-87.607519,7,0.0003906202044394544
Michigan Ave & 113th St,41.68905,-87.62078999999999,7,0.0003906202044394544
Public Rack - Ewing Ave & 99th St,41.715961400000005,-87.5351111,7,0.0003906202044394544
Public Rack - Chase Ave & Touhy Ave - NW,42.014271,-87.690408,7,0.0003906202044394544
Public Rack - Emerald Ave & 45th St,41.812380999999995,-87.64463299999998,7,0.0003906202044394544
Public Rack - N Narragansett Ave & Grand Ave,41.92258040000001,-87.7849799,7,0.0003906202044394544
Avers Ave & 103rd St,41.70586299555556,-87.71709551133334,7,0.0003906202044394544
Daley Center Plaza Corral,41.8841951,-87.629701,7,0.0003906202044394544
Public Rack - Kimball & Ardmore,41.98702400000001,-87.71396999999999,7,0.0003906202044394544
Public Rack - Kedvale Ave & 63rd St W,41.77876100000001,-87.72689199999998,7,0.0003906202044394544
Public Rack - Pullman - Planet Fitness,41.69782,-87.59779,7,0.0003906202044394544
Public Rack - Maplewood Ave & Chicago Ave,41.892492,-87.691574,7,0.0003906202044394544
Public Rack - Lighthouse Beach,42.0647467,-87.6757017,7,0.0003906202044394544
Public Rack - 63rd St and Nagle Ave,41.7776014,-87.7822158,7,0.0003906202044394544
Public Rack - Wilbur Wright College South,41.95828,-87.78745000000002,7,0.0003906202044394544
Public Rack - 85th Pl & Pulaski Rd,41.737389,-87.721334,7,0.0003906202044394544
Public Rack - Northwest Hwy & Neva Ave,41.99585460000001,-87.8050971,7,0.0003906202044394544
Public Rack - Central Ave & Corcoran Pl,41.887342000000004,-87.765041,6,0.0003348173180909609
Public Rack - Mulligan & Northwest Hwy,41.985317,-87.786721,6,0.0003348173180909609
Public Rack - Lawndale Ave & Polk St,41.8707651,-87.7183735,6,0.0003348173180909609
Public Rack - Avenue M & 132nd St,41.655692,-87.537595,6,0.0003348173180909609
Public Rack - Langley Ave & 49th St,41.805217999999996,-87.609076,6,0.0003348173180909609
Hubbard St Depot,41.88977720000001,-87.68035099999999,6,0.0003348173180909609
Public Rack - Justine St & 87th St,41.736019,-87.66243,6,0.0003348173180909609
Public Rack - Ashland Ave & 46th St,41.810537000000004,-87.665404,6,0.0003348173180909609
Public Rack - Kildare Ave & Washignton Blvd,41.881838,-87.733661,6,0.0003348173180909609
Yates Ave & 95th St,41.722370000000005,-87.56478,6,0.0003348173180909609
Public Rack - Winona St & Elston Ave,41.9743427,-87.7503874,6,0.0003348173180909609
Public Rack - Neva Ave & Grand Ave,41.923604000000005,-87.804659,6,0.0003348173180909609
Public Rack - Western Ave & 47th Pl,41.808038,-87.68470900000001,6,0.0003348173180909609
Public Rack - Western Ave & 105th St,41.702609,-87.68149200000002,6,0.0003348173180909609
Public Rack - Hoyne Ave & 51st St,41.80100099999999,-87.67677300000001,6,0.0003348173180909609
Public Rack - Narragansett Ave & Fullerton Ave,41.92378,-87.7843998,6,0.0003348173180909609
Public Rack - 4810 Keeler Ave,41.968578099999995,-87.7330358,6,0.0003348173180909609
Public Rack - Nordica & Archer,41.792212,-87.797662,6,0.0003348173180909609
Public Rack - Langley Ave & 105th Pl,41.702472,-87.606477,6,0.0003348173180909609
Public Rack - Fullerton Ave & Narragansett Ave,41.923739,-87.78583500000003,6,0.0003348173180909609
Public Rack - Legler Regional Library,41.879312,-87.725428,6,0.0003348173180909609
Public Rack - Pullman - Walmart,41.69696,-87.59829,6,0.0003348173180909609
Public Rack - Natoma Ave & Bryn Mawr Ave,41.982886,-87.79046100000001,6,0.0003348173180909609
Public Rack - Prairie Ave & Garfield Blvd S,41.79434400000001,-87.619062,6,0.0003348173180909609
Lake/Carpenter Corral,41.8857214,-87.6533778,6,0.0003348173180909609
Public Rack - Damen Ave & 47th St,41.808884,-87.67512999999998,6,0.0003348173180909609
Public Rack - Octavia Ave & Touhy Ave,42.01173846,-87.80832137,6,0.0003348173180909609
Public Rack - Campbell Ave & Pratt Blvd,42.00507,-87.692643,6,0.0003348173180909609
Public Rack - Sayer & Northwest Hwy,41.99434,-87.802532,6,0.0003348173180909609
Public Rack - Halsted St & 102nd St,41.70794,-87.64317700000001,6,0.0003348173180909609
Public Rack - Karlov Ave & Lawrence Ave,41.9683053,-87.7300646,5,0.0002790144317424674
Public Rack - Canfield & Victoria,41.98506700000001,-87.823171,5,0.0002790144317424674
Public Rack - Komensky Ave & 59th St,41.78611570864199,-87.72361537283952,5,0.0002790144317424674
Public Rack - Kedzie Ave & 58th St,41.788263,-87.703576,5,0.0002790144317424674
Public Rack - Linder & 51st,41.799981,-87.759999,5,0.0002790144317424674
Public Rack - Christiana Ave & Bryn Mawr Ave,41.982838,-87.71232999999998,5,0.0002790144317424674
Public Rack - Kedzie Ave & 54th St - SE,41.794326000000005,-87.703471,5,0.0002790144317424674
Public Rack - Pulaski Rd & Roosevelt Rd,41.866103,-87.724463,5,0.0002790144317424674
Public Rack - Midway Orange Line,41.78589399999999,-87.73803099999999,5,0.0002790144317424674
Lake/Aberdeen Corral,41.8856975,-87.65453649999998,5,0.0002790144317424674
Public Rack - Linder Ave & Archer Ave,41.796005,-87.75957500000001,5,0.0002790144317424674
Public Rack - Ewing Ave & Indianapolis Ave,41.712353,-87.53545,5,0.0002790144317424674
Public Rack - Wood St & 47th St,41.80864,-87.66997400000001,5,0.0002790144317424674
Public Rack - Mason Ave & Milwaukee Ave,41.985683,-87.777065,5,0.0002790144317424674
Public Rack - Laramie Ave & Grand Ave,41.917002,-87.75597200000001,5,0.0002790144317424674
Public Rack - Michigan Ave & 119th St,41.677934,-87.620754,5,0.0002790144317424674
Public Rack - Mackinaw Ave & 108th St,41.699008,-87.54283299999999,5,0.0002790144317424674
Public Rack - Austin Ave & Archer Ave,41.794209,-87.7716154,5,0.0002790144317424674
Public Rack - Norwood Park,41.98660399999999,-87.79394,5,0.0002790144317424674
Public Rack - Irving Park Rd & Austin Ave,41.953139,-87.777118,5,0.0002790144317424674
Racine/Lake Corral,41.8856855,-87.65689150000001,5,0.0002790144317424674
Public Rack - Avers & Granville,41.993947,-87.725095,5,0.0002790144317424674
Public Rack - Elston Ave & Gunnison St,41.9685781,-87.7405685,5,0.0002790144317424674
Public Rack - Division St & Christiana Ave,41.902539999999995,-87.71085,5,0.0002790144317424674
Public Rack - Eli Whitney Public School,41.840249,-87.72547199999998,5,0.0002790144317424674
Public Rack - Whipple St & 63rd St,41.77888,-87.69981099999998,5,0.0002790144317424674
Public Rack - Menard Ave & Belmont Ave,41.9384526,-87.77110089999998,5,0.0002790144317424674
Ada St & 113th Place,41.68759,-87.65541,5,0.0002790144317424674
Public Rack - Hiawatha Ave & Minnehaha Ave,41.9995224,-87.7604899,5,0.0002790144317424674
Franciso Ave & Bloomingdale Ave,41.91395999999999,-87.69939999999998,5,0.0002790144317424674
Public Rack - Northwest Hwy & Bryn Mawr,41.983008,-87.78263399999999,5,0.0002790144317424674
Public Rack - Cicero Ave & Cortland St - midblock,41.91581999999999,-87.746074,5,0.0002790144317424674
Public Rack - Neenah & Dakin,41.95170800000001,-87.790746,4,0.00022321154539397398
Public Rack - Menard Ave & Grand Ave,41.9197904,-87.7709818,4,0.00022321154539397398
S Wentworth Ave & W 111th St,41.6926176,-87.6280518,4,0.00022321154539397398
Public Rack - Houston Ave & 131st St,41.656961,-87.548521,4,0.00022321154539397398
Public Rack - Lawndale Ave & 63rd St,41.7787155,-87.7140552,4,0.00022321154539397398
Public Rack - Peoria St & 60th St,41.784872,-87.647482,4,0.00022321154539397398
Public Rack - Martin Luther King Dr & 44th St,41.814445,-87.616265,4,0.00022321154539397398
Public Rack - Haft Ave & Milwaukee Ave,41.9955785,-87.7863994,4,0.00022321154539397398
N Whipple St & Irving Park Rd,41.95418900000001,-87.70444799999997,4,0.00022321154539397398
Public Rack - Western Ave & 96th St,41.71862099999999,-87.681516,4,0.00022321154539397398
Public Rack - Cicero Ave & North Ave,41.90932900000001,-87.74583800000002,4,0.00022321154539397398
Green St & 86th St,41.737848476733404,-87.64489978551863,4,0.00022321154539397398
Public Rack - William J Onahan Public School,41.993771,-87.7925631,4,0.00022321154539397398
Public Rack - Ozanam Ave & Devon Ave,41.9969968,-87.8213419,4,0.00022321154539397398
Public Rack - Halsted St & 111th St,41.691838,-87.642747,4,0.00022321154539397398
Public Rack - Rockwell & 111th St,41.691359,-87.68572,4,0.00022321154539397398
Public Rack - Ashland Ave & 71st St,41.765769999999996,-87.66433000000002,4,0.00022321154539397398
Public Rack - Parkside & 63rd,41.77813200000001,-87.76303600000001,4,0.00022321154539397398
Public Rack - Christiana Ave & Lawrence Ave,41.96854700000001,-87.71258199999998,4,0.00022321154539397398
Public Rack - Central Park & Bryn Mawr,41.982873,-87.719594,4,0.00022321154539397398
California Ave & 29th St,41.84022199999999,-87.694129,4,0.00022321154539397398
Public Rack - Lee Street Beach,42.0362804,-87.6703326,4,0.00022321154539397398
Public Rack - Forest Glen & Peterson,41.98986000000001,-87.742921,4,0.00022321154539397398
Public Rack - Montrose Ave & Lavergne Ave,41.960607,-87.7516346,4,0.00022321154539397398
Public Rack - Menard Ave & Adams Blvd,41.877684,-87.769356,4,0.00022321154539397398
Public Rack - Halsted St & 109th St,41.695655,-87.642804,4,0.00022321154539397398
Public Rack - Kilpatrick & Elston,41.970024,-87.74341000000003,4,0.00022321154539397398
Public Rack - Laramie Ave & Fullerton Ave,41.9240754,-87.7568589,4,0.00022321154539397398
Public Rack - Wrightwood Metra Station,41.74891,-87.7037,4,0.00022321154539397398
Public Rack - Racine Ave & 109th Pl,41.694835,-87.653041,4,0.00022321154539397398
Public Rack - Halsted St & 41st St,41.820147,-87.64568,4,0.00022321154539397398
Lasalle St & Washington St,41.883235099999986,-87.6321117,4,0.00022321154539397398
Public Rack - Halsted St & 95th St - SE,41.721004,-87.643031,4,0.00022321154539397398
Public Rack - Halsted St & 95th St - SW,41.720964,-87.643447,4,0.00022321154539397398
Public Rack - 111th St - Morgan Park Metra,41.692738,-87.670569,4,0.00022321154539397398
Public Rack - Western Ave & 107th St,41.698728,-87.681558,4,0.00022321154539397398
Public Rack - Oketo & Northwest Hwy,42.000333000000005,-87.812447,4,0.00022321154539397398
Public Rack - Cicero Ave & Altgeld St,41.925734,-87.746414,4,0.00022321154539397398
Washington/Green (Green Side) Corral,41.8833012,-87.6486656,4,0.00022321154539397398
Public Rack - East End Ave & 87th St,41.737054,-87.583998,4,0.00022321154539397398
Public Rack - Pulaski Rd & 65th St,41.773551,-87.722805,4,0.00022321154539397398
Woodlawn & 103rd,41.707338,-87.59399,4,0.00022321154539397398
Public Rack - Trebes Park,41.92238502000001,-87.65825217000001,4,0.00022321154539397398
Public Rack - Marquette Rd & 67th St,41.773095000000005,-87.612886,4,0.00022321154539397398
Public Rack - Racine Ave & 74th St,41.759439,-87.654146,4,0.00022321154539397398
Public Rack - Lockwood Ave & Diversey Ave,41.931541,-87.75903999999998,4,0.00022321154539397398
S Michigan Ave & E 118th St,41.679804,-87.620843,4,0.00022321154539397398
Public Rack - Osceola Ave & Touhy Ave,42.0119181,-87.8126378,4,0.00022321154539397398
Public Rack - Wabash Ave & 87th St,41.736063,-87.622952,4,0.00022321154539397398
Public Rack - Lawrence Ave & Kimball Ave,41.968277,-87.712629,4,0.00022321154539397398
Public Rack - Wood St & 103rd St,41.706498,-87.667091,4,0.00022321154539397398
Public Rack - Kostner & Peterson,41.98993,-87.737967,4,0.00022321154539397398
Public Rack - Kolin Ave & Archer Ave,41.800514,-87.731802,4,0.00022321154539397398
Public Rack - Pullman Community Center,41.70428,-87.59313,4,0.00022321154539397398
Public Rack - Chopin Park,41.942675,-87.761899,4,0.00022321154539397398
Hastings St Depot LWS,41.863516399999995,-87.67974849999999,4,0.00022321154539397398
Madison St & Wells St,41.88199,-87.63418,4,0.00022321154539397398
Public Rack - Cottage Grove & 84th St,41.741957000000006,-87.60483900000001,4,0.00022321154539397398
Public Rack - Leader & Caldwell,41.991496,-87.75444699999998,3,0.00016740865904548045
Public Rack - Harriet E Sayre Public School,41.913547,-87.79876,3,0.00016740865904548045
Public Rack - Kedvale Ave & Avondale Ave,41.952874,-87.73122900000001,3,0.00016740865904548045
Public Rack - Rhodes Ave & 79th St,41.751058,-87.611439,3,0.00016740865904548045
Public Rack - Cicero Ave & Wrightwood Ave,41.927944,-87.7466394,3,0.00016740865904548045
Public Rack - Marshfield Ave & 87th St,41.735527,-87.663867,3,0.00016740865904548045
Public Rack - Komensky Ave & 63rd St,41.77882,-87.72359900000001,3,0.00016740865904548045
Public Rack - Austin & Higgins,41.973152,-87.77791,3,0.00016740865904548045
Public Rack - Kildare Ave & North Ave,41.909866,-87.73399000000002,3,0.00016740865904548045
Public Rack - Kedzie Ave & 61st Pl W,41.78201,-87.7034,3,0.00016740865904548045
Public Rack - Pulaski & Rosemont,41.99519099999999,-87.72898900000001,3,0.00016740865904548045
Kildare Ave & 85th St,41.734929,-87.73118700000002,3,0.00016740865904548045
Public Rack - Parkside & Archer,41.795696,-87.763475,3,0.00016740865904548045
Public Rack - Central Park Ave & Fillmore St,41.8680617,-87.7153897,3,0.00016740865904548045
Public Rack - Waller Ave & Chicago Ave,41.894681,-87.768156,3,0.00016740865904548045
Public Rack - Neva & Foster,41.974849,-87.806023,3,0.00016740865904548045
Public Rack - California & 87th,41.73569,-87.69217199999999,3,0.00016740865904548045
Public Rack - Lawndale Ave & 23rd St,41.849956,-87.716712,3,0.00016740865904548045
Public Rack - Pulaski Rd & Flournoy St,41.8724252,-87.7253448,3,0.00016740865904548045
Public Rack - Wentworth Park,41.78878,-87.77964,3,0.00016740865904548045
Public Rack - Harlem & Palatine,41.995501999999995,-87.806967,3,0.00016740865904548045
Perry St & 119th St,41.67785,-87.62519000000002,3,0.00016740865904548045
Public Rack - Exchange Ave & 73rd Pl,41.76261262999999,-87.56381870999999,3,0.00016740865904548045
Public Rack - Jeffery Blvd & 83rd St,41.744345,-87.575043,3,0.00016740865904548045
Public Rack - Harper Ave & 63rd St,41.780728,-87.587566,3,0.00016740865904548045
Public Rack - Western Ave & 104th St - West,41.703952,-87.68195299999998,3,0.00016740865904548045
Public Rack - Parkside & Elston,41.985467,-87.769583,3,0.00016740865904548045
Public Rack - Kostner & Bryn Mawr,41.982741,-87.737548,3,0.00016740865904548045
Public Rack - King Dr & 71st St,41.765862,-87.61478700000002,3,0.00016740865904548045
Public Rack - Kedvale Ave & Peterson Ave,41.9902168,-87.7323063,3,0.00016740865904548045
Public Rack - Bryn Mawr Ave & Milwaukee Ave,41.982934,-87.774434,3,0.00016740865904548045
Public Rack - Bell Ave & 95th St,41.721188,-87.678786,3,0.00016740865904548045
Public Rack - Kedzie & 103rd St - W,41.705247,-87.701424,3,0.00016740865904548045
Public Rack - Laramie Ave & Warwick Ave,41.948812,-87.75713,3,0.00016740865904548045
Public Rack - Mobile Ave & Archer Ave,41.7929013,-87.7802444,3,0.00016740865904548045
Rainbow - Beach,41.75787096522547,-87.54917675279042,3,0.00016740865904548045
Public Rack - Ada St & 119th St,41.677326,-87.654473,3,0.00016740865904548045
Public Rack - Ozark Ave & Addison St,41.94507500000001,-87.820037,3,0.00016740865904548045
Public Rack - Springfield & 79th,41.749649,-87.721001,3,0.00016740865904548045
Public Rack - Halsted St & 113th St,41.68851,-87.642512,3,0.00016740865904548045
Public Rack - Kostner Ave & 16th St,41.8588018,-87.7343019,3,0.00016740865904548045
Public Rack - Devon Ave & Kinzua Ave,41.997459,-87.76455600000001,3,0.00016740865904548045
Public Rack - Columbus & 79th,41.749218,-87.704409,3,0.00016740865904548045
Aberdeen St & 106th St,41.70121,-87.64934,3,0.00016740865904548045
Public Rack - Commercial Ave & 89th St,41.733543,-87.551152,3,0.00016740865904548045
Public Rack - Newcastle Ave & Belden Ave,41.921017,-87.797388,3,0.00016740865904548045
Public Rack - Nagle Ave & Belmont Ave,41.938201,-87.787415,3,0.00016740865904548045
Public Rack - Green St & 103rd St,41.70665,-87.643422,3,0.00016740865904548045
Public Rack - Talman Ave & Pershing Rd,41.822592,-87.690725,2,0.00011160577269698699
Public Rack - Ashland Ave & 45th St  S,41.811169,-87.66474,2,0.00011160577269698699
Public Rack - Maplewood Ave & 63rd St,41.779343,-87.686763,2,0.00011160577269698699
Public Rack - Lake Park Ave & 44th St,41.814697,-87.598006,2,0.00011160577269698699
Public Rack - Newcastle & Archer,41.792309,-87.79287900000001,2,0.00011160577269698699
Public Rack - Kenneth Ave & 63rd St E,41.778411,-87.733387,2,0.00011160577269698699
Public Rack - Kedzie Ave & Archer Ave,41.81359,-87.70477999999999,2,0.00011160577269698699
Public Rack - Kedzie Ave & 63rd St,41.778865,-87.703029,2,0.00011160577269698699
Public Rack - Western Ave & 106th St - West,41.701379,-87.681826,2,0.00011160577269698699
Public Rack - Pulaski Rd & 5th Ave,41.8730082,-87.72525160000002,2,0.00011160577269698699
Public Rack - Keeler Ave & 26th St,41.844058,-87.729873,2,0.00011160577269698699
Public Rack - Cicero & Rosemont,41.995567,-87.74863999999998,2,0.00011160577269698699
Public Rack - Longwood Dr & 111th St,41.69163,-87.671782,2,0.00011160577269698699
Public Rack - Wilbur Wright College North,41.95904,-87.78965999999998,2,0.00011160577269698699
Public Rack - Newcastle Ave & Belmont Ave,41.938022,-87.79610000000001,2,0.00011160577269698699
Public Rack - Sawyer Ave & Chicago Ave,41.8954597,-87.70809330000002,2,0.00011160577269698699
Public Rack - Kildare Ave & 63rd St,41.778442,-87.73047,2,0.00011160577269698699
Public Rack - Indiana Ave & 111th St,41.692535,-87.617711,2,0.00011160577269698699
Public Rack - Kedzie Ave & Walnut St,41.885891,-87.70642500000001,2,0.00011160577269698699
Public Rack - Houston Ave & 91st St,41.729964,-87.54964500000001,2,0.00011160577269698699
Public Rack - 2302 S Pulaski Rd,41.849437,-87.72487900000002,2,0.00011160577269698699
Public Rack - Neola & Northwest Hwy,41.990327,-87.79535599999998,2,0.00011160577269698699
Public Rack - Sacramento Blvd & Washington Blvd,41.882994000000004,-87.700036,2,0.00011160577269698699
Public Rack - Sawyer Ave & 111th St,41.691411,-87.70229,2,0.00011160577269698699
Public Rack - Loomis Blvd & 47th St,41.808746,-87.66026,2,0.00011160577269698699
Public Rack - Harvard Ave & 119th St,41.678227,-87.630775,2,0.00011160577269698699
Public Rack - Spaulding Ave & Foster Ave,41.975921,-87.710415,2,0.00011160577269698699
Cottage Grove Ave & 107th St,41.70015,-87.60793,2,0.00011160577269698699
Public Rack - Hoyne Ave & 110th Pl,41.692457999999995,-87.674035,2,0.00011160577269698699
Public Rack - May St & 78th St,41.752451,-87.652969,2,0.00011160577269698699
Public Rack - Oketo Ave & Belmont Ave,41.938117,-87.811862,2,0.00011160577269698699
Public Rack - Central & Berteau,41.95689,-87.767329,2,0.00011160577269698699
Public Rack - Michigan Ave & 113th St,41.688872,-87.620879,2,0.00011160577269698699
Public Rack - Western Ave & 110th St,41.69442,-87.681547,2,0.00011160577269698699
Public Rack - W. Talcott & N. Oriole,41.990637,-87.816938,2,0.00011160577269698699
Public Rack - Melvina Ave & Montrose Ave,41.9588498,-87.7819167,2,0.00011160577269698699
Public Rack - Martin Luther King Dr & 69th St,41.769234,-87.615206,2,0.00011160577269698699
Public Rack - Pulaski Rd & 15th St,41.8603966,-87.7250977,2,0.00011160577269698699
Public Rack - Mackinaw Ave & 106th St,41.702557,-87.542728,2,0.00011160577269698699
Public Rack - Irving Park Rd & Parkside Ave,41.9530544,-87.688832,2,0.00011160577269698699
Public Rack - Kedzie Ave & 62nd Pl,41.780148,-87.70333799999999,2,0.00011160577269698699
Public Rack - 10557 S Western Ave,41.701719,-87.68128,2,0.00011160577269698699
Public Rack - Wolcott Ave & 61st St,41.782378,-87.671719,2,0.00011160577269698699
Public Rack - Halsted St & 80th St,41.748175,-87.644238,2,0.00011160577269698699
Public Rack - Albany Ave & 103rd St,41.706747,-87.700047,2,0.00011160577269698699
Public Rack - 63rd St and Natoma Ave,41.777927,-87.78757890000001,2,0.00011160577269698699
Public Rack - Cicero Ave & Roscoe St,41.9424235,-87.74713000000001,2,0.00011160577269698699
Public Rack - Halsted St & 63rd St,41.779945,-87.64137800000002,2,0.00011160577269698699
Public Rack - Austin Ave & Wrightwood Ave,41.927665999999995,-87.775682,2,0.00011160577269698699
Public Rack - Central Ave & North Ave,41.909414000000005,-87.765817,2,0.00011160577269698699
Public Rack - Northwest Hwy & Raven St,41.9927877,-87.799284,2,0.00011160577269698699
Public Rack - Meade Ave & Archer Ave,41.79405,-87.774078,2,0.00011160577269698699
Public Rack - Ashland Ave & 63rd St,41.779127,-87.664039,2,0.00011160577269698699
Public Rack - Parnell Ave & 119th St,41.67711,-87.635677,2,0.00011160577269698699
Public Rack - Sawyer Ave & Bryn Mawr Ave - SW,41.982879,-87.710534,2,0.00011160577269698699
Public Rack - Rutherford Ave & Belmont Ave,41.938315,-87.793848,2,0.00011160577269698699
Public Rack - Karlov Ave & 26th St,41.844287,-87.727078,2,0.00011160577269698699
Public Rack - Milwaukee Ave & Waveland Ave,41.947472,-87.73787500000002,2,0.00011160577269698699
Public Rack - 61st St & Melvina Ave,41.780658,-87.776651,2,0.00011160577269698699
Public Rack - Hamlin Ave & Grand Ave,41.903738,-87.720287,2,0.00011160577269698699
Public Rack - Walden Pkwy & 99th St,41.71397,-87.667798,2,0.00011160577269698699
Public Rack - May St & 87th St,41.73556,-87.651701,2,0.00011160577269698699
Public Rack - California Ave & Touhy Ave - SW,42.011867,-87.700407,2,0.00011160577269698699
Public Rack - Western Ave & 111th St - SW,41.69161,-87.681523,2,0.00011160577269698699
Public Rack - Colfax Ave & 83rd St,41.744818,-87.561055,2,0.00011160577269698699
Public Rack - Lawndale Ave & Roosevelt,41.866225,-87.717918,2,0.00011160577269698699
Public Rack - Neenah & Archer,41.792142,-87.785406,2,0.00011160577269698699
Public Rack - Burnham Shores Park,42.0403187,-87.6702221,2,0.00011160577269698699
Public Rack - Western Ave & 118th St,41.678349,-87.680919,2,0.00011160577269698699
Public Rack - Laflin St & 51st St,41.801354,-87.662076,2,0.00011160577269698699
Public Rack - Linder Ave & Belmont Ave,41.938743,-87.763298,2,0.00011160577269698699
Public Rack - Elliott Park,42.0377042,-87.6701174,2,0.00011160577269698699
Public Rack - Austin Branch Chicago Public Library,41.889161,-87.765738,2,0.00011160577269698699
Public Rack - Western Ave & 107th Pl,41.698022,-87.681175,2,0.00011160577269698699
Public Rack - Pullman - Ross Dress for Less,41.69868,-87.597,2,0.00011160577269698699
Public Rack - King Dr & 115th St,41.68523900000001,-87.613418,2,0.00011160577269698699
Public Rack - Al Raby School,41.886167,-87.714711,2,0.00011160577269698699
Public Rack - Laflin St &51st ST,41.801354,-87.662076,2,0.00011160577269698699
Public Rack - Pulaski & Ardmore,41.98579700000001,-87.72833599999998,2,0.00011160577269698699
Public Rack - Harlem and W. 59th,41.78495,-87.8011,2,0.00011160577269698699
Public Rack - Rockwell Ave & 71st St,41.764753,-87.688641,2,0.00011160577269698699
Public Rack - Aida Food Market,41.749896,-87.643693,2,0.00011160577269698699
Public Rack - Calumet Ave & 71st St,41.765537,-87.617305,2,0.00011160577269698699
Public Rack - Michigan Ave & 96th St,41.718957,-87.62067,2,0.00011160577269698699
Public Rack - Irving Park Rd & Melvina Ave,41.952869,-87.780728,2,0.00011160577269698699
Public Rack - Back of the Yards Park,41.804381,-87.657742,2,0.00011160577269698699
Public Rack - Kedzie Ave & Arthington St,41.8700949,-87.7062429,2,0.00011160577269698699
Public Rack - Lamon Ave & Archer Ave,41.79823,-87.744952,2,0.00011160577269698699
Public Rack - Nordica Ave & Higgins Ave,41.98012149,-87.80211339,2,0.00011160577269698699
Public Rack - Western & 79th,41.750806,-87.682722,2,0.00011160577269698699
Public Rack - Austin Ave & Roscoe St,41.94219600000001,-87.776472,2,0.00011160577269698699
Public Rack - Komensky Ave & 26th St,41.844168,-87.726317,2,0.00011160577269698699
Public Rack - Homan Ave & Roosevelt,41.86649,-87.710786,2,0.00011160577269698699
Public Rack - Mulligan Ave & 56th St,41.790399,-87.780044,1,5.5802886348493494e-05
Public Rack - Cottage Grove Ave & 98th St,41.716172,-87.60435,1,5.5802886348493494e-05
Public Rack - Pulaski Rd & Polk St,41.8703637,-87.72525560000001,1,5.5802886348493494e-05
Sacramento Ave & Polk St,41.87096,-87.7003,1,5.5802886348493494e-05
Public Rack - Hamilton Ave & 95th St,41.720832,-87.676382,1,5.5802886348493494e-05
Public Rack - Brooks Park,42.0044152,-87.8070628,1,5.5802886348493494e-05
Public Rack - Cottage Grove Ave & 87th St,41.736448,-87.60616,1,5.5802886348493494e-05
Public Rack - Ewing Ave & 102nd St,41.709948,-87.535365,1,5.5802886348493494e-05
Public Rack - Milwaukee Ave & Catalpa Ave,41.97723130000001,-87.76897310000001,1,5.5802886348493494e-05
Public Rack - Morgan St & 87th St,41.73577,-87.648133,1,5.5802886348493494e-05
Public Rack - Central Ave & George St,41.9326579,-87.7662058,1,5.5802886348493494e-05
Public Rack - Brandon Ave & 91st St,41.730218,-87.546758,1,5.5802886348493494e-05
Public Rack - Kostner Ave & North Ave,41.90881600000001,-87.73646300000001,1,5.5802886348493494e-05
Public Rack - Damen & 81st,41.746488,-87.673132,1,5.5802886348493494e-05
Public Rack - Vincennes Ave & 95th Pl,41.720562,-87.650971,1,5.5802886348493494e-05
Public Rack - Newland Ave & Diversey Ave,41.93098,-87.79944,1,5.5802886348493494e-05
STAFF & VISITORS @ West Chicago Warehouse,41.894966,-87.73105200000002,1,5.5802886348493494e-05
Public Rack - Cicero Ave & Wellington Ave,41.935779,-87.746581,1,5.5802886348493494e-05
Public Rack - Racine Ave & 76th,41.755786,-87.654054,1,5.5802886348493494e-05
Washington/Green (Washington Side) Corral,41.8831974,-87.6487729,1,5.5802886348493494e-05
Public Rack - Lorel Ave & Grand Ave,41.9176685,-87.7595531,1,5.5802886348493494e-05
Public Rack - Ashland Ave & 83rd St,41.742715,-87.663551,1,5.5802886348493494e-05
Public Rack - Harvey Ave & North Ave,41.909264,-87.782265,1,5.5802886348493494e-05
Public Rack - Champlain Ave & 134th St,41.657379,-87.606444,1,5.5802886348493494e-05
Public Rack - Throop St & 48t ST,41.806999,-87.657942,1,5.5802886348493494e-05
Public Rack - Washtenaw Ave & 63rd St,41.77924,-87.691116,1,5.5802886348493494e-05
Public Rack - Kedvale Ave & 63rd St E,41.778768,-87.725957,1,5.5802886348493494e-05
Public Rack - Devon Ave & Minnehaha Ave (west),41.997384,-87.763064,1,5.5802886348493494e-05
Public Rack - Central Park Ave & 16th St,41.858938,-87.7157269,1,5.5802886348493494e-05
Public Rack - Leoti Ave & Central Ave (north),41.998262,-87.763663,1,5.5802886348493494e-05
Public Rack - Mt Greenwood Library - South,41.692883,-87.701048,1,5.5802886348493494e-05
Public Rack - Marshfield Ave & 45th St,41.812343,-87.666239,1,5.5802886348493494e-05
Public Rack - Kingston Ave & 75th St,41.758905,-87.562188,1,5.5802886348493494e-05
Public Rack - Roswell B. Mason Elementary School,41.8560219,-87.7298436,1,5.5802886348493494e-05
Public Rack - Foster Ave & Drake Ave,41.97556299999999,-87.717352,1,5.5802886348493494e-05
Public Rack - Langley Ave & 79th St,41.751103,-87.607432,1,5.5802886348493494e-05
Public Rack - Bensley Ave & 103rd St,41.7084,-87.56319,1,5.5802886348493494e-05
Public Rack - Artesian & 71st,41.764748,-87.684669,1,5.5802886348493494e-05
Public Rack - Wolcott Ave & 56th St,41.791198,-87.671949,1,5.5802886348493494e-05
Public Rack - Menard Ave & Agusta Blvd,41.898333,-87.77050100000001,1,5.5802886348493494e-05
Public Rack - Damen & 87th,41.736037,-87.672691,1,5.5802886348493494e-05
Public Rack - Forrestville Ave & 47th St,41.80931900000001,-87.61292100000001,1,5.5802886348493494e-05
Public Rack - Ashland Ave & 74th St,41.759735,-87.663736,1,5.5802886348493494e-05
Public Rack - St Louis & 83rd,41.742321,-87.70967,1,5.5802886348493494e-05
Public Rack - 83rd St (Avalon Park) Metra,41.743916,-87.598786,1,5.5802886348493494e-05
Public Rack - Mason Ave & Archer Ave,41.794199,-87.771388,1,5.5802886348493494e-05
Public Rack - Eberhart Ave & 131st St,41.65759,-87.610713,1,5.5802886348493494e-05
Public Rack - Laflin St & 79th St,41.750326,-87.66168,1,5.5802886348493494e-05
Public Rack - Ewing Ave & 106th St,41.7024928,-87.5351313,1,5.5802886348493494e-05
Public Rack - Albany Ave & 63rd St,41.778906,-87.70084,1,5.5802886348493494e-05
Public Rack - Prairie Ave & 85th St,41.739986,-87.617645,1,5.5802886348493494e-05
Public Rack - Mt Greenwood Library N,41.693027,-87.701054,1,5.5802886348493494e-05
Public Rack - Hale Ave & 111th St,41.691801,-87.671351,1,5.5802886348493494e-05
Public Rack - Keef Ave & South Chicago Ave,41.7707,-87.611706,1,5.5802886348493494e-05
Public Rack - Pulaski Rd & Stevens Ave,41.9910862,-87.729231,1,5.5802886348493494e-05
Public Rack - Roscoe St & Osceola Ave,41.942201,-87.813168,1,5.5802886348493494e-05
Public Rack - 56th St & Mulligan Ave,41.7905068,-87.7799326,1,5.5802886348493494e-05
Marmora Ave & Belmont Ave (temporary),41.938251,-87.778601,1,5.5802886348493494e-05
Public Rack - Devon Ave & Minnehaha Ave (east),41.9974341,-87.7628164,1,5.5802886348493494e-05
Public Rack - S Menard & W 63rd,41.77707,-87.76664,1,5.5802886348493494e-05
WEST - CHI - CASSETTE REPAIR,41.894927987005616,-87.73085214477966,1,5.5802886348493494e-05
Public Rack - Western Ave & 106th St - East,41.700576,-87.681294,1,5.5802886348493494e-05
Public Rack - Stony Island Ave & 86th St,41.738473,-87.585851,1,5.5802886348493494e-05
Public Rack - Cottage Grove Ave & 92nd St,41.727319,-87.604787,1,5.5802886348493494e-05
Public Rack - New England Ave & Grace St,41.949269,-87.798395,1,5.5802886348493494e-05
Public Rack - Mason & Archer,41.79456,-87.77092,1,5.5802886348493494e-05
Public Rack - California Ave & Touhy Ave - NW,42.012177,-87.699865,1,5.5802886348493494e-05
Public Rack - Devon Ave & Central Ave,41.997463,-87.764063,1,5.5802886348493494e-05
Public Rack - Kedzie Ave & 61st Pl E,41.782281,-87.703047,1,5.5802886348493494e-05
Public Rack - Western Ave & 79th St,41.750057,-87.682777,1,5.5802886348493494e-05
Public Rack - Western Ave & 111th St - NW,41.69197,-87.681659,1,5.5802886348493494e-05
Public Rack - Cottage Grove & 85th St,41.740086,-87.604743,1,5.5802886348493494e-05
Public Rack - Pulaski & 74th,41.757262,-87.722366,1,5.5802886348493494e-05
Public Rack - Ashland Ave & 76th St,41.75596,-87.66391,1,5.5802886348493494e-05
Public Rack - Dawes Park North,42.0447387,-87.6731301,1,5.5802886348493494e-05
Public Rack - Ewing Ave & 112th St,41.691979,-87.534912,1,5.5802886348493494e-05
Michigan Ave & 118th St,41.67982,-87.62075,1,5.5802886348493494e-05
Public Rack - Lafayette Ave & 119th St,41.677853,-87.623447,1,5.5802886348493494e-05
Public Rack - Pulaski Rd & 40th St,41.81864,-87.72428,1,5.5802886348493494e-05
Public Rack - McVicker Ave & Grand Ave,41.921251,-87.776662,1,5.5802886348493494e-05
Public Rack - West Chatham Park,41.745834,-87.631562,1,5.5802886348493494e-05
Public Rack - Richmond St & Thorndale Ave,41.988931,-87.702785,1,5.5802886348493494e-05
Public Rack - Crandon Ave & 80th St,41.749519,-87.568831,1,5.5802886348493494e-05
Public Rack - Western Ave & 116th St,41.6824,-87.681048,1,5.5802886348493494e-05
Public Rack - Christiana Ave & Archer Ave,41.81175,-87.707577,1,5.5802886348493494e-05
Public Rack - 53rd St & Indiana Ave,41.798015,-87.620745,1,5.5802886348493494e-05
Public Rack - Spencer Elementary Technology Academy,41.884655,-87.750498,1,5.5802886348493494e-05
Public Rack - The Montessori School of Englewood,41.76766,-87.66781,1,5.5802886348493494e-05
Kostner & 87th,41.734929,-87.731187,1,5.5802886348493494e-05
S Aberdeen St & W 106th St,41.701217,-87.649345,1,5.5802886348493494e-05
California Blvd & 29th St,41.84024,-87.69413,1,5.5802886348493494e-05
Public Rack - McVicker & 52nd,41.797981,-87.773241,1,5.5802886348493494e-05
Public Rack - Baltimore Ave & 132nd St,41.655201,-87.546942,1,5.5802886348493494e-05
Public Rack - Avers Ave & Archer Ave,41.804487,-87.719584,1,5.5802886348493494e-05
Public Rack - Dawes Park South,42.0427478,-87.67176420000001,1,5.5802886348493494e-05
Public Rack - Springfield & 71st,41.764196,-87.720111,1,5.5802886348493494e-05
Public Rack - Abbott Park,41.721696,-87.622278,1,5.5802886348493494e-05
Public Rack - Pulaski & 84th,41.739387,-87.72137300000001,1,5.5802886348493494e-05
Public Rack - Lowe Ave & 94th St,41.724234,-87.639453,1,5.5802886348493494e-05
Public Rack - Stewart Ave & 123rd St,41.670563,-87.632188,1,5.5802886348493494e-05
Public Rack - Lemont Ave & Keating Ave,41.9912674,-87.7469243,1,5.5802886348493494e-05
Public Rack - Ewing Ave & 101st St,41.7117328,-87.5350591,1,5.5802886348493494e-05
Public Rack - Torrence Ave  & 106th St,41.702566,-87.559923,1,5.5802886348493494e-05
Public Rack - Cottage Grove Ave & 111th St,41.692645,-87.609758,1,5.5802886348493494e-05
Public Rack - Vincennes Ave & 87th St,41.735607,-87.645345,1,5.5802886348493494e-05
Public Rack - Ozman & Talcott,41.993028,-87.821659,1,5.5802886348493494e-05
Public Rack - Percy Julian HS,41.705999,-87.65381,1,5.5802886348493494e-05
Public Rack - New England Ave & Irving Park Rd,41.7985042,-87.7985042,1,5.5802886348493494e-05
Public Rack - Stony Island & 87th St,41.7367,-87.585815,1,5.5802886348493494e-05
Public Rack - Fullerton Ave & Lavergne Ave,41.92398,-87.75195,1,5.5802886348493494e-05
Public Rack - St Louis Ave & Flournoy St,41.8727811,-87.7131562,1,5.5802886348493494e-05
Public Rack - Buffalo Ave & 89th St,41.73341,-87.54454,1,5.5802886348493494e-05
Public Rack - Northwest Hwy & Highland Ave,41.995867,-87.805223,1,5.5802886348493494e-05
Public Rack - Cottage Grove Ave & 75th St,41.758739,-87.605769,1,5.5802886348493494e-05
Public Rack - Calumet Ave & 103rd St,41.707061,-87.615309,1,5.5802886348493494e-05
Public Rack - Bishop St & 46th St,41.80994,-87.661522,1,5.5802886348493494e-05
Public Rack - Western Blvd & 53rd St,41.796775,-87.683362,1,5.5802886348493494e-05
Public Rack - Pulaski Rd & 85th St,41.7381,-87.721721,1,5.5802886348493494e-05
Public Rack - Kostner Ave & Wrightwood Ave,41.92786,-87.735756,1,5.5802886348493494e-05
Public Rack - Elston Ave & Kenneth Ave,41.9676176,-87.7395673,1,5.5802886348493494e-05
Public Rack - Halsted St & 94th St,41.723442,-87.643612,1,5.5802886348493494e-05
Public Rack - Prairie Ave & 78th St,41.752229,-87.617995,1,5.5802886348493494e-05
Public Rack - Pulaski & 52nd,41.797244,-87.72337699999999,1,5.5802886348493494e-05
Public Rack - Normandy Ave & Archer Ave,41.7923026,-87.78878860000002,1,5.5802886348493494e-05
Public Rack - Avenue J & 106th St,41.70261,-87.533531,1,5.5802886348493494e-05
Public Rack - Loomis St & 87th St,41.735465,-87.657585,1,5.5802886348493494e-05
Public Rack - Wentworth Ave & 79th St,41.750712,-87.629949,1,5.5802886348493494e-05
Public Rack - Cornell Ave & 87th Pl,41.73688127,-87.58314552,1,5.5802886348493494e-05
Public Rack - Minnehaha Ave & Devon Ave,41.997456,-87.7619125,1,5.5802886348493494e-05
Public Rack - Ashburn Metra ,41.7412,-87.71312,1,5.5802886348493494e-05
Public Rack - Pulaski Rd & 41st,41.81791,-87.72413,1,5.5802886348493494e-05
Public Rack - Austin Ave & Wellington Ave,41.9352453,-87.776052,1,5.5802886348493494e-05
Public Rack - Normandy Ave & Raven St,41.993871,-87.792536,1,5.5802886348493494e-05
Public Rack - Clark Square Park,42.0321198,-87.6699877,1,5.5802886348493494e-05
Public Rack - Kedzie Ave & Pershing Rd,41.822897,-87.704154,1,5.5802886348493494e-05
Public Rack - Central Park Ave & Ogden Ave,41.8543385,-87.7151584,1,5.5802886348493494e-05
Public Rack - Rutherford & 53rd,41.795118,-87.790519,1,5.5802886348493494e-05
Public Rack - Pratt Ave & Odell Ave,42.0044152,-87.8110539,1,5.5802886348493494e-05
Public Rack - Homan Ave & 26th St,41.84456,-87.710058,1,5.5802886348493494e-05
Public Rack - Ashland Ave & 45th St,41.811958,-87.664862,1,5.5802886348493494e-05
Public Rack - Ashland Ave & 91st St,41.728271,-87.662673,0,0.0
Public Rack - Throop St & 109th Pl,41.694944,-87.654377,0,0.0
Public Rack - Homewood Ave & Monterey Ave,41.691691,-87.670161,0,0.0
Public Rack - Cottage Grove & 86th St,41.738409,-87.604822,0,0.0
Public Rack - N Sayre Ave & W Belden Ave,41.921425,-87.800825,0,0.0
Public Rack - Emil G Hirch Metropolitan High School,41.754442,-87.601745,0,0.0
Public Rack - Miami Ave & Milwaukee Ave,41.991473,-87.782085,0,0.0
Public Rack - Elizabeth St & 115th St,41.684942,-87.65266,0,0.0
Public Rack - Lowe Park,41.799605,-87.64146400000001,0,0.0
Public Rack - Kedvale Ave & 26th St,41.844265,-87.728103,0,0.0
Public Rack - Kedzie Ave & 60th St,41.785235,-87.703131,0,0.0
Public Rack - Normal Ave & 111th St,41.692303,-87.635478,0,0.0
Public Rack - May St & 63rd St,41.77977,-87.652943,0,0.0
Public Rack - Sayre Ave & 59th St,41.7846778,-87.7958126,0,0.0
Public Rack - 63rd & Western Ave N,41.779334,-87.683768,0,0.0
Public Rack - Vincennes Ave & 99th St,41.712937,-87.653984,0,0.0
Public Rack - California Ave & Pershing Rd,41.82263199999999,-87.695024,0,0.0
Public Rack - Vincennes Ave & 77th St,41.75702837,-87.56497151,0,0.0
Public Rack - Western & 83rd,41.74385,-87.682864,0,0.0
Public Rack - Leoti Ave & Central Ave (south),41.998324,-87.763384,0,0.0
Public Rack - California & 82nd,41.745283,-87.692588,0,0.0
Public Rack - Central Ave & Congress Pkwy,41.87369,-87.764746,0,0.0
Public Rack - Avenue O & 118th St,41.681136,-87.54029,0,0.0
Public Rack - Peterson Ave & Bernard Ave,41.990234,-87.715634,0,0.0
Public Rack - Baltimore Ave & 134th St,41.651419,-87.547321,0,0.0
Public Rack - Marquette Ave & 79th St,41.75163,-87.558707,0,0.0
Public Rack - Zapata Academy,41.841655,-87.734366,0,0.0
Public Rack - Fairfield Ave & 63rd St,41.77926,-87.692703,0,0.0
Public Rack - California Ave & Touhy Ave - midblock,42.012207,-87.700474,0,0.0
Public Rack - Hamlin Ave & Chicago Ave,41.895201,-87.721541,0,0.0
Public Rack - Saginaw Ave & 93rd St,41.726199,-87.559252,0,0.0
Public Rack - Oglesby Ave & 105th St,41.704672,-87.565519,0,0.0
Public Rack - Garden Park,42.0294792,-87.66887049999998,0,0.0
Public Rack - Yates Ave & 100th St,41.713437,-87.564405,0,0.0
Public Rack - Michele Clark Magnet High School,41.872849,-87.753432,0,0.0
"Public Rack - Senka ""Edward Duke"" Park",41.790565,-87.710992,0,0.0
Public Rack - Lowe Ave & 98th St,41.715887,-87.639228,0,0.0
Public Rack - Normal Blvd & 61st Pl,41.782314,-87.637358,0,0.0
Public Rack - Piotrowski Park,41.836682,-87.73083,0,0.0
Public Rack - Bradley Park,41.718353,-87.564459,0,0.0
Public Rack - Ashland Ave & 73rd St,41.760817,-87.663499,0,0.0
Public Rack - Panama Ave & Forest Preserve Ave,41.943162,-87.82909,0,0.0
Public Rack - Holbrook St & Milwaukee Ave,41.992273,-87.783303,0,0.0
Public Rack - Corliss Ave & 103rd St,41.707622,-87.60355,0,0.0
Public Rack - Higgins Ave & Neva Ave,41.980602,-87.8060476,0,0.0
Hastings St Depot Pillar,41.863605,-87.679764,0,0.0
Public Rack - Torrence Ave & 103rd St,41.70843,-87.56026,0,0.0
Public Rack - Exchange Ave & 131st St,41.65717,-87.552594,0,0.0
Public Rack - Stony Is Ave & 73rd St,41.762265,-87.585469,0,0.0
Public Rack - Burnside Academy,41.728525,-87.608231,0,0.0
Public Rack - Eggleston Ave & 92nd St,41.726182,-87.63466,0,0.0
Public Rack - Newcastle Ave & Wellington Ave,41.934997,-87.795777,0,0.0
Public Rack - Ingleside Ave & 79th St,41.751448,-87.601136,0,0.0
Public Rack - Oakley & 79th Pl,41.749095,-87.679637,0,0.0
Public Rack - Pulaski Rd & 51st Rd,41.800111,-87.723537,0,0.0
Public Rack - Maryland Ave & 87th ST,41.736995,-87.60396799999998,0,0.0
Public Rack - Mozart Elementary School,41.921325,-87.722375,0,0.0
Public Rack - Peterson Ave & Milwaukee Ave,41.989826,-87.780929,0,0.0
Public Rack - Franklin Park,41.861493,-87.733404,0,0.0
Public Rack - Cicero Ave & Le Moyne St - midblock,41.906919,-87.74623,0,0.0
Public Rack - Western & 74th,41.759297,-87.683342,0,0.0
MTV Hubbard St,41.8897772,-87.68035100000002,0,0.0
Public Rack - S Kostner Ave & W 18th Pl,41.8551905,-87.7345547,0,0.0
Public Rack - Paxton Ave & 79th St,41.75167773,-87.57045748,0,0.0
Public Rack - Mason Ave & Roosevelt Rd,41.865608,-87.77238900000002,0,0.0
Public Rack - Kedvale Ave & Addison St,41.947174,-87.730837,0,0.0
Public Rack - Lafayette Ave & 87th St - NW,41.736354,-87.626741,0,0.0
Public Rack - Ave N & 106th St,41.702616,-87.538744,0,0.0
Public Rack - Austin & 62nd,41.77966,-87.771414,0,0.0
Public Rack - Ewing Ave & 95th St,41.722376,-87.5358299,0,0.0
Public Rack - Keeler Ave & 55th St,41.79304,-87.728214,0,0.0
Public Rack - Western Ave & 111th St - SE,41.691665,-87.681022,0,0.0
Public Rack - Oglesby Ave & 95th St,41.722484,-87.565738,0,0.0
Public Rack - Avenue J & 112th St,41.691844,-87.534181,0,0.0
Public Rack - Stony Island & 95th St,41.72228,-87.584943,0,0.0
Woodlawn Ave & 103rd St,41.70738,-87.59404,0,0.0
Public Rack - Western Ave & 98th St,41.71525,-87.681698,0,0.0
Public Rack - State St & 47th st,41.809085,-87.627384,0,0.0
Public Rack - Kilbourn Ave & Fullerton Ave,41.924447,-87.73998,0,0.0
Public Rack - Ewing Ave & 106th St NW,41.70287,-87.535861,0,0.0
Public Rack - Mozart & 79th,41.749713,-87.693932,0,0.0
Public Rack - S. New England/ W. 65th,41.77391,-87.79348,0,0.0
Public Rack - Nina Ave & Avondale Ave,41.9911458,-87.7991043,0,0.0
Public Rack - Cottage Grove Ave & 89th Pl,41.731767,-87.604899,0,0.0
Public Rack - Sacramento & 71st,41.764396,-87.698106,0,0.0
Public Rack - East End Ave & 75th St,41.75893,-87.582861,0,0.0
Public Rack - Vincennes Ave & 91st St,41.728122,-87.648524,0,0.0
Public Rack - Jeffery Blvd & 81st St,41.74927751,-87.57585394,0,0.0
Public Rack - Northwest Hwy & Overhill Ave,42.0114922,-87.8126378,0,0.0
Public Rack - Peterson Ave & Drake Ave,41.990119,-87.71733700000001,0,0.0
Public Rack - Harlem & Summerdale,41.977814,-87.80681,0,0.0
Public Rack - Buffalo Ave & 133rd St,41.65428,-87.543539,0,0.0
Public Rack - Kedzie & 103rd St - East,41.705444,-87.701232,0,0.0
Public Rack - Hiawatha Park,41.944068,-87.827302,0,0.0
Public Rack - Torrence Ave & 98th St,41.717059,-87.559986,0,0.0
Public Rack - Parnell Ave & 98th St,41.715983,-87.637067,0,0.0
Public Rack - Clyde Ave & 87th St,41.73715,-87.57319,0,0.0
Public Rack - Orville T Bright School,41.700168,-87.562148,0,0.0
Public Rack - Central Ave & Adams St,41.878264,-87.764886,0,0.0
Public Rack - Racine Ave & 83rd St,41.743367,-87.653661,0,0.0
Public Rack - Laporte Ave & Armitage Ave,41.917047,-87.750008,0,0.0
Public Rack - Homan Ave & 62nd Pl,41.779668,-87.707834,0,0.0
Public Rack - 63rd St & Meade Ave,41.778672,-87.7748374,0,0.0
