start_station_name,station_rides,total_stations,station_percent
,461013,2203299,20.923760234085343
Navy Pier,40895,2203299,1.8560803594972812
DuSable Lake Shore Dr & Monroe St,32750,2203299,1.4864074281339028
Michigan Ave & Oak St,22855,2203299,1.0373081456488658
DuSable Lake Shore Dr & North Blvd,21702,2203299,0.9849775268812813
Millennium Park,18205,2203299,0.8262609840970291
Shedd Aquarium,18141,2203299,0.8233562489702941
Theater on the Lake,17529,2203299,0.7955797193208911
Dusable Harbor,15545,2203299,0.7055329303921075
Streeter Dr & Grand Ave,12967,2203299,0.5885265685683151
Montrose Harbor,11237,2203299,0.5100079471737607
Michigan Ave & 8th St,10933,2203299,0.49621045532176977
Field Museum,10773,2203299,0.4889486175049324
Adler Planetarium,10745,2203299,0.48767779588698584
Clark St & Lincoln Ave,10466,2203299,0.4750149661938757
Clark St & Armitage Ave,10339,2203299,0.46925088242676094
Wells St & Concord Ln,10247,2203299,0.46507532568207943
Clark St & Elm St,9469,2203299,0.4297646392977077
Wabash Ave & Grand Ave,9256,2203299,0.42009731770404285
Indiana Ave & Roosevelt Rd,9231,2203299,0.41896265554516204
New St & Illinois St,9130,2203299,0.41437862042328344
Wells St & Elm St,8984,2203299,0.4077521934154193
Michigan Ave & Washington St,8923,2203299,0.4049836177477501
Michigan Ave & Lake St,8884,2203299,0.40321354477989596
DuSable Lake Shore Dr & Diversey Pkwy,8558,2203299,0.3884175502280898
LaSalle St & Illinois St,8436,2203299,0.3828803988927513
Wells St & Huron St,8314,2203299,0.3773432475574128
Wells St & Hubbard St,8241,2203299,0.37403003405348073
State St & Chicago Ave,8003,2203299,0.3632280503009351
McClurg Ct & Ohio St,7881,2203299,0.3576908989655966
DuSable Lake Shore Dr & Belmont Ave,7816,2203299,0.3547407773525064
Columbus Dr & Randolph St,7783,2203299,0.35324302330278373
Dearborn St & Erie St,7472,2203299,0.33912782604630604
Wilton Ave & Belmont Ave,7448,2203299,0.3380385503737804
Canal St & Madison St,7384,2203299,0.33513381524704544
Dearborn Pkwy & Delaware Pl,7383,2203299,0.3350884287606902
Clinton St & Madison St,7188,2203299,0.32623806392141963
Lincoln Park Conservatory,7167,2203299,0.32528494770795974
DuSable Lake Shore Dr & Wellington Ave,6840,2203299,0.31044356666979833
Desplaines St & Kinzie St,6816,2203299,0.30935429099727274
Kingsbury St & Kinzie St,6608,2203299,0.29991390183538413
Broadway & Cornelia Ave,6555,2203299,0.29750841805855677
Clark St & Newport St,6544,2203299,0.2970091667086492
Michigan Ave & Jackson Blvd,6407,2203299,0.29079121807798214
Broadway & Barry Ave,6304,2203299,0.2861164099833931
Larrabee St & Webster Ave,6249,2203299,0.2836201532338552
Wabash Ave & Roosevelt Rd,6211,2203299,0.2818954667523564
Daley Center Plaza,6182,2203299,0.28057925864805455
Fairbanks Ct & Grand Ave,6138,2203299,0.2785822532484243
Wells St & Evergreen Ave,6138,2203299,0.2785822532484243
Orleans St & Merchandise Mart Plaza,6109,2203299,0.2772660451441225
Sheffield Ave & Waveland Ave,6041,2203299,0.27417976407196665
Halsted St & Clybourn Ave,5979,2203299,0.27136580191794213
Broadway & Waveland Ave,5953,2203299,0.27018575327270605
Clark St & Lake St,5913,2203299,0.26837029381849675
Clark St & Wrightwood Ave,5832,2203299,0.26469398842372277
Pine Grove Ave & Waveland Ave,5811,2203299,0.2637408722102629
Sheffield Ave & Fullerton Ave,5766,2203299,0.26169848032427734
Lakeview Ave & Fullerton Pkwy,5744,2203299,0.26069997762446223
Field Blvd & South Water St,5720,2203299,0.2596107019519366
Southport Ave & Waveland Ave,5648,2203299,0.2563428749343598
Clinton St & Jackson Blvd,5620,2203299,0.25507205331641325
Lakefront Trail & Bryn Mawr Ave,5614,2203299,0.25479973439828185
Sheffield Ave & Wrightwood Ave,5574,2203299,0.2529842749440725
Halsted St & Roscoe St,5550,2203299,0.2518949992715469
Southport Ave & Roscoe St,5514,2203299,0.2502610857627585
Mies van der Rohe Way & Chestnut St,5511,2203299,0.25012492630369276
Clark St & Schiller St,5402,2203299,0.24517779929097233
Halsted St & Wrightwood Ave,5346,2203299,0.2426361560550792
Franklin St & Jackson Blvd,5318,2203299,0.2413653344371327
Green St & Madison St,5268,2203299,0.23909601011937098
University Ave & 57th St,5259,2203299,0.2386875317421739
McCormick Place,5146,2203299,0.2335588587840325
Kingsbury St & Erie St,5137,2203299,0.2331503804068354
Cityfront Plaza Dr & Pioneer Ct,5133,2203299,0.23296883446141445
Lincoln Ave & Fullerton Ave,5131,2203299,0.23287806148870396
State St & Randolph St,5120,2203299,0.2323788101387964
Milwaukee Ave & Grand Ave,5097,2203299,0.23133492095262603
Federal St & Polk St,5083,2203299,0.23069951014365275
Sheridan Rd & Irving Park Rd,5014,2203299,0.22756784258514162
Damen Ave & Pierce Ave,5004,2203299,0.22711397772158928
Clark St & Winnemac Ave,4987,2203299,0.22634240745355033
Buckingham Fountain,4937,2203299,0.22407308313578864
Ravenswood Ave & Lawrence Ave,4908,2203299,0.2227568750314869
Wabash Ave & 9th St,4894,2203299,0.22212146422251358
State St & Kinzie St,4853,2203299,0.220260618281949
Clark St & Wellington Ave,4830,2203299,0.21921672909577866
Clark St & Grace St,4804,2203299,0.21803668045054259
Southport Ave & Wellington Ave,4782,2203299,0.21703817775072742
Burnham Harbor,4770,2203299,0.21649353991446463
Canal St & Adams St,4757,2203299,0.21590351559184656
Franklin St & Illinois St,4750,2203299,0.21558581018735995
Wells St & Walton St,4741,2203299,0.21517733181016285
Sheffield Ave & Wellington Ave,4719,2203299,0.21417882911034772
Rush St & Cedar St,4701,2203299,0.2133618723559535
Broadway & Belmont Ave,4597,2203299,0.2086416777750092
Pine Grove Ave & Irving Park Rd,4595,2203299,0.2085509048022987
Clinton St & Lake St,4593,2203299,0.20846013182958828
Rush St & Superior St,4592,2203299,0.20841474534323304
Stockton Dr & Wrightwood Ave,4572,2203299,0.20750701561612836
Clark St & North Ave,4549,2203299,0.206463126429958
Sedgwick St & North Ave,4541,2203299,0.20610003453911613
Clark St & Drummond Pl,4467,2203299,0.2027414345488288
Michigan Ave & Ida B Wells Dr,4450,2203299,0.20196986428078983
Ellis Ave & 55th St,4441,2203299,0.20156138590359274
Racine Ave & Belmont Ave,4429,2203299,0.20101674806732994
Clinton St & Washington Blvd,4396,2203299,0.19951899401760725
Wilton Ave & Diversey Pkwy,4384,2203299,0.19897435618134443
Sheffield Ave & Webster Ave,4338,2203299,0.19688657780900365
Kedzie Ave & Milwaukee Ave,4336,2203299,0.19679580483629322
Peoria St & Jackson Blvd,4333,2203299,0.19665964537722752
Ellis Ave & 60th St,4330,2203299,0.1965234859181618
Franklin St & Chicago Ave,4325,2203299,0.19629655348638564
Shore Dr & 55th St,4319,2203299,0.19602423456825424
Sedgwick St & Webster Ave,4295,2203299,0.19493495889572862
McClurg Ct & Erie St,4276,2203299,0.19407261565497919
Broadway & Sheridan Rd,4238,2203299,0.19234792917348031
Michigan Ave & Pearson St,4223,2203299,0.19166713187815182
Aberdeen St & Jackson Blvd,4195,2203299,0.19039631026020526
Clark St & Berwyn Ave,4189,2203299,0.19012399134207386
Mies van der Rohe Way & Chicago Ave,4156,2203299,0.18862623729235117
Damen Ave & Cortland St,4150,2203299,0.18835391837421975
Clarendon Ave & Junior Ter,4126,2203299,0.18726464270169416
Sheridan Rd & Montrose Ave,4108,2203299,0.18644768594729993
Wabash Ave & Wacker Pl,4104,2203299,0.186266140001879
Dayton St & North Ave,4098,2203299,0.1859938210837476
LaSalle Dr & Huron St,4093,2203299,0.1857668886519714
Larrabee St & Division St,4084,2203299,0.18535841027477432
California Ave & Milwaukee Ave,4080,2203299,0.18517686432935337
Clarendon Ave & Gordon Ter,4059,2203299,0.18422374811589348
Ritchie Ct & Banks St,4046,2203299,0.18363372379327544
St. Clair St & Erie St,4033,2203299,0.1830436994706574
Lakefront Trail & Wilson Ave,4011,2203299,0.18204519677084227
Wells St & Polk St,4006,2203299,0.18181826433906612
Clark St & Chicago Ave,3981,2203299,0.18068360218018525
Halsted St & Dickens Ave,3859,2203299,0.17514645084484676
Wells St & Randolph St,3799,2203299,0.17242326166353272
Sheffield Ave & Addison St ,3784,2203299,0.17174246436820423
Milwaukee Ave & The 606,3767,2203299,0.17097089410016525
Michigan Ave & 14th St,3759,2203299,0.1706078022093234
Calumet Ave & 18th St,3732,2203299,0.16938236707773208
Halsted St & Fulton St,3708,2203299,0.16829309140520649
Kimbark Ave & 53rd St,3703,2203299,0.1680661589734303
Damen Ave & Chicago Ave,3699,2203299,0.16788461302800936
Elston Ave & Cortland St,3697,2203299,0.1677938400552989
Stetson Ave & South Water St,3681,2203299,0.16706765627361517
Aberdeen St & Randolph St,3657,2203299,0.16597838060108955
Lincoln Ave & Diversey Pkwy,3643,2203299,0.16534296979211627
Desplaines St & Jackson Blvd,3540,2203299,0.1606681616975272
Franklin St & Lake St,3507,2203299,0.1591704076478045
Sheffield Ave & Kingsbury St,3495,2203299,0.1586257698115417
Michigan Ave & 18th St,3488,2203299,0.15830806440705505
Sheridan Rd & Noyes St (NU),3478,2203299,0.15785419954350274
Honore St & Division St,3448,2203299,0.15649260495284573
Wentworth Ave & Cermak Rd*,3433,2203299,0.1558118076575172
Sedgwick St & Huron St,3422,2203299,0.15531255630760965
Franklin St & Monroe St,3373,2203299,0.15308861847620317
Sangamon St & Lake St,3358,2203299,0.15240782118087468
Elizabeth St & Randolph St,3320,2203299,0.1506831346993758
Southport Ave & Belmont Ave,3297,2203299,0.14963924551320543
Ogden Ave & Chicago Ave,3246,2203299,0.14732453470908852
Clark St & Leland Ave,3234,2203299,0.14677989687282572
Michigan Ave & Madison St,3234,2203299,0.14677989687282572
Wabash Ave & Adams St,3231,2203299,0.14664373741376
Sheridan Rd & Buena Ave,3218,2203299,0.14605371309114196
Clifton Ave & Armitage Ave,3199,2203299,0.14519136985039252
Racine Ave & Fullerton Ave,3194,2203299,0.14496443741861637
State St & Harrison St,3174,2203299,0.1440567076915117
Damen Ave & Division St,3169,2203299,0.1438297752597355
Southport Ave & Wrightwood Ave,3153,2203299,0.1431035914780518
Bissell St & Armitage Ave*,3151,2203299,0.1430128185053413
Rush St & Hubbard St,3105,2203299,0.14092504013300056
Clark St & Arlington Pl,3098,2203299,0.14060733472851394
Broadway & Wilson Ave,3083,2203299,0.13992653743318542
Loomis St & Lexington St,3065,2203299,0.1391095806787912
State St & Van Buren St,3034,2203299,0.13770259960177897
Burling St & Diversey Pkwy,3022,2203299,0.13715796176551615
Woodlawn Ave & 55th St,3020,2203299,0.1370671887928057
Halsted St & Maxwell St,2990,2203299,0.1357055942021487
Halsted St & Willow St,2977,2203299,0.13511556987953066
Clark St & Ida B Wells Dr,2973,2203299,0.13493402393410972
Financial Pl & Ida B Wells Dr,2957,2203299,0.13420784015242598
Dearborn St & Monroe St,2951,2203299,0.13393552123429459
Larrabee St & Kingsbury St,2946,2203299,0.1337085888025184
Carpenter St & Huron St,2936,2203299,0.1332547239389661
Griffin Museum of Science and Industry,2930,2203299,0.13298240502083467
Chicago Ave & Sheridan Rd,2928,2203299,0.13289163204812418
Lincoln Ave & Melrose St,2878,2203299,0.1306223077303625
Larrabee St & Armitage Ave,2872,2203299,0.13034998881223112
LaSalle St & Jackson Blvd,2835,2203299,0.12867068881708746
Cannon Dr & Fullerton Ave,2785,2203299,0.1264013644993258
900 W Harrison St,2777,2203299,0.1260382726084839
Wells St & Institute Pl,2776,2203299,0.12599288612212867
Clark St & Montrose Ave,2769,2203299,0.12567518071764205
Wabash Ave & Washington St,2741,2203299,0.1244043590996955
Delano Ct & Roosevelt Rd,2741,2203299,0.1244043590996955
Southport Ave & Irving Park Rd,2736,2203299,0.12417742666791934
Canal St & Jackson Blvd,2736,2203299,0.12417742666791934
Dearborn St & Division St,2717,2203299,0.12331508342716989
Greenview Ave & Fullerton Ave,2710,2203299,0.12299737802268326
Morgan St & Lake St*,2680,2203299,0.12163578343202626
Aberdeen St & Carroll Ave,2660,2203299,0.12072805370492157
Ashland Ave & Division St,2636,2203299,0.11963877803239596
Ashland Ave & Blackhawk St,2630,2203299,0.11936645911426455
Wabash Ave & 16th St,2618,2203299,0.11882182127800175
Orleans St & Chestnut St (NEXT Apts),2615,2203299,0.11868566181893606
Sheridan Rd & Argyle St,2612,2203299,0.11854950235987037
Marine Dr & Ainslie St,2611,2203299,0.11850411587351513
Sangamon St & Washington Blvd,2602,2203299,0.11809563749631802
Orleans St & Hubbard St,2599,2203299,0.11795947803725233
Fulton Market,2580,2203299,0.11709713479650288
Desplaines St & Randolph St,2564,2203299,0.11637095101481915
Broadway & Oakdale Ave,2558,2203299,0.11609863209668773
Green St & Washington Blvd,2539,2203299,0.11523628885593831
Hampden Ct & Diversey Pkwy,2536,2203299,0.11510012939687259
Franklin St & Adams St ,2534,2203299,0.11500935642416213
Wilton Ave & Addison St,2533,2203299,0.1149639699378069
Damen Ave & Thomas St (Augusta Blvd),2530,2203299,0.1148278104787412
Dearborn St & Van Buren St,2529,2203299,0.11478242399238596
Calumet Ave & 21st St,2518,2203299,0.1142831726424784
Benson Ave & Church St,2509,2203299,0.1138746942652813
State St & Pearson St,2504,2203299,0.11364776183350513
Western Ave & Winnebago Ave,2482,2203299,0.11264925913368998
Damen Ave & Wicker Park Ave,2465,2203299,0.11187768886565101
Green St & Randolph St*,2453,2203299,0.1113330510293882
Fort Dearborn Dr & 31st St*,2437,2203299,0.11060686724770448
Clark St & Bryn Mawr Ave,2397,2203299,0.10879140779349512
Blackstone Ave & 59th St,2380,2203299,0.10801983752545614
Kingsbury St & Kinzie St 2,2366,2203299,0.10738442671648286
Walsh Park,2364,2203299,0.10729365374377241
Dearborn St & Maple St,2364,2203299,0.10729365374377241
Wood St & Milwaukee Ave,2356,2203299,0.10693056185293054
Green St & Lake St ,2351,2203299,0.10670362942115437
Sheffield Ave & Willow St,2349,2203299,0.1066128564484439
Kingsbury St & Kinzie St 1,2346,2203299,0.1064766969893782
Woodlawn Ave & 58th St,2344,2203299,0.10638592401666773
Clinton St & Roosevelt Rd,2338,2203299,0.10611360509853633
Halsted St & Armitage Ave,2338,2203299,0.10611360509853633
Noble St & Milwaukee Ave,2328,2203299,0.10565974023498399
May St & Taylor St,2324,2203299,0.10547819428956305
Jefferson St & Monroe St,2323,2203299,0.10543280780320782
Paulina Ave & North Ave,2309,2203299,0.10479739699423456
Canal St & Monroe St,2308,2203299,0.10475201050787933
Clarendon Ave & Leland Ave,2294,2203299,0.10411659969890605
Ogden Ave & Race Ave,2290,2203299,0.10393505375348511
Dearborn St & Adams St,2283,2203299,0.10361734834899848
Humboldt Blvd & Armitage Ave,2283,2203299,0.10361734834899848
Broadway & Granville Ave,2265,2203299,0.10280039159460427
Broadway & Argyle St,2264,2203299,0.10275500510824903
Racine Ave & Wrightwood Ave,2263,2203299,0.1027096186218938
Halsted St & Polk St,2253,2203299,0.10225575375834148
Paulina St & Division St,2251,2203299,0.102164980785631
Damen Ave & Leland Ave,2251,2203299,0.102164980785631
Damen Ave & Charleston St,2203,2203299,0.09998642944057977
Broadway & Thorndale Ave,2196,2203299,0.09966872403609314
Clark St & Eddy St ,2193,2203299,0.09953256457702746
Racine Ave & 18th St,2188,2203299,0.09930563214525127
Wood St & Beach Ave,2186,2203299,0.0992148591725408
Elizabeth St & Fulton St,2136,2203299,0.09694553485477912
Aberdeen St & Monroe St,2136,2203299,0.09694553485477912
Western Ave & Walton St,2119,2203299,0.09617396458674016
Eckhart Park,2118,2203299,0.09612857810038493
Damen Ave & Foster Ave,2108,2203299,0.09567471323683258
Cornell Ave & Hyde Park Blvd,2099,2203299,0.09526623485963548
Broadway & Berwyn Ave,2097,2203299,0.09517546188692502
Wolcott (Ravenswood) Ave & Montrose Ave,2090,2203299,0.09485775648243838
Ashland Ave & Lake St,2090,2203299,0.09485775648243838
Larrabee St & North Ave,2086,2203299,0.09467621053701744
Wacker Dr & Washington St,2084,2203299,0.09458543756430698
Winthrop Ave & Lawrence Ave,2074,2203299,0.09413157270075463
Lincoln Ave & Sunnyside Ave,2073,2203299,0.0940861862143994
Milwaukee Ave & Fullerton Ave,2050,2203299,0.09304229702822904
Morgan St & Polk St,2047,2203299,0.09290613756916333
Canal St & Taylor St,2036,2203299,0.09240688621925576
Ashland Ave & Chicago Ave,2025,2203299,0.09190763486934819
California Ave & Cortez St,2019,2203299,0.09163531595121678
Ashland Ave & Grace St,1990,2203299,0.09031910784691502
Spaulding Ave & Armitage Ave,1973,2203299,0.08954753757887604
Ada St & Washington Blvd,1973,2203299,0.08954753757887604
Ashland Ave & Wellington Ave,1950,2203299,0.08850364839270566
Wood St & Chicago Ave,1923,2203299,0.08727821326111436
Clark St & 9th St (AMLI),1912,2203299,0.08677896191120678
Leavitt St & North Ave,1910,2203299,0.08668818893849631
Clinton St & Tilden St,1909,2203299,0.0866428024521411
Western Ave & Division St,1908,2203299,0.08659741596578585
Damen Ave & Lake St,1894,2203299,0.08596200515681258
Ashland Ave & Wrightwood Ave,1889,2203299,0.08573507272503642
Morgan St & 18th St,1888,2203299,0.08568968623868119
Milwaukee Ave & Rockwell St,1885,2203299,0.08555352677961547
Peoria St & Kinzie St,1865,2203299,0.0846457970525108
Hudson Ave & Armitage Ave,1857,2203299,0.08428270516166893
Larrabee St & Oak St,1852,2203299,0.08405577272989277
Clinton St & Washington Blvd 2,1849,2203299,0.08391961327082706
Leavitt St & Armitage Ave,1847,2203299,0.0838288402981166
Damen Ave & Wellington Ave,1844,2203299,0.08369268083905089
Seeley Ave & Roscoe St,1828,2203299,0.08296649705736715
Ashland Ave & Augusta Blvd,1826,2203299,0.0828757240846567
Fairbanks St & Superior St,1815,2203299,0.08237647273474911
Lake Park Ave & 53rd St,1812,2203299,0.08224031327568342
Paulina St & Flournoy St,1811,2203299,0.08219492678932819
Lake Park Ave & 56th St,1800,2203299,0.08169567543942062
Lincoln Ave & Belle Plaine Ave,1789,2203299,0.08119642408951304
Franklin St & Washington St,1779,2203299,0.08074255922596071
Ravenswood Ave & Irving Park Rd,1779,2203299,0.08074255922596071
Ashland Ave & Grand Ave,1777,2203299,0.08065178625325024
Southport Ave & Clybourn Ave,1751,2203299,0.07947173760801417
Halsted St & Belden St,1744,2203299,0.07915403220352753
California Ave & Francis Pl,1741,2203299,0.07901787274446183
Western Ave & Leland Ave,1733,2203299,0.07865478085361996
Lincoln Ave & Byron St,1729,2203299,0.07847323490819902
Lincoln Ave & Dickens Ave,1724,2203299,0.07824630247642286
Orleans St & Elm St,1716,2203299,0.07788321058558098
Blue Island Ave & 18th St,1714,2203299,0.07779243761287051
LaSalle St & Adams St,1706,2203299,0.07742934572202864
Ellis Ave & 53rd St,1689,2203299,0.07665777545398968
The Salt Shed,1673,2203299,0.07593159167230593
Leavitt St & Belmont Ave,1670,2203299,0.07579543221324024
Wood St & Augusta Blvd,1670,2203299,0.07579543221324024
Halsted St & Roosevelt Rd,1668,2203299,0.07570465924052977
Kimball Ave & Belmont Ave,1666,2203299,0.0756138862678193
Sedgwick St & Schiller St,1662,2203299,0.07543234032239837
Sheridan Rd & Lawrence Ave,1661,2203299,0.07538695383604313
Rush St & Illinois St,1658,2203299,0.07525079437697743
Halsted St & 18th St,1648,2203299,0.07479692951342509
Throop St & Taylor St,1638,2203299,0.07434306464987275
Clybourn Ave & Division St,1633,2203299,0.07411613221809658
California Ave & North Ave,1632,2203299,0.07407074573174136
Wabash Ave & Cermak Rd,1625,2203299,0.07375304032725472
Bissell St & Armitage Ave,1623,2203299,0.07366226735454426
Leavitt St & Chicago Ave,1621,2203299,0.07357149438183379
Campbell Ave & North Ave,1620,2203299,0.07352610789547855
LaSalle St & Washington St,1608,2203299,0.07298147005921575
Larrabee St & Kingsbury St 1,1608,2203299,0.07298147005921575
Paulina St & 18th St,1597,2203299,0.07248221870930818
Lincoln Ave & Roscoe St*,1590,2203299,0.07216451330482154
Artesian Ave & Hubbard St,1581,2203299,0.07175603492762445
MLK Jr Dr & 29th St,1580,2203299,0.0717106484412692
University Ave & 59th St,1577,2203299,0.0715744889822035
St Clair St & Ohio St,1560,2203299,0.07080291871416453
Ellis Ave & 58th St,1558,2203299,0.07071214574145405
Albany Ave & Bloomingdale Ave,1544,2203299,0.07007673493248079
California Ave & Division St,1532,2203299,0.06953209709621799
Leavitt St & Division St,1518,2203299,0.06889668628724471
Broadway & Ridge Ave,1517,2203299,0.06885129980088948
Larrabee St & Menomonee St,1496,2203299,0.06789818358742958
Southport Ave & Clark St,1490,2203299,0.06762586466929817
Greenview Ave & Diversey Pkwy,1489,2203299,0.06758047818294294
Green St & Chicago Ave,1478,2203299,0.06708122683303537
Racine Ave & Washington Blvd,1464,2203299,0.06644581602406209
Racine Ave & Randolph St,1456,2203299,0.06608272413322022
Kedzie Ave & Palmer Ct,1452,2203299,0.0659011781877993
Sheffield Ave & Addison St,1441,2203299,0.06540192683789173
Racine Ave & Congress Pkwy,1437,2203299,0.06522038089247079
Wolcott Ave & Polk St,1425,2203299,0.06467574305620799
Broadway & Roscoe Ave,1420,2203299,0.06444881062443182
Damen Ave & Melrose Ave,1418,2203299,0.06435803765172135
Stave St & Armitage Ave,1410,2203299,0.06399494576087948
Blackstone Ave & Hyde Park Blvd,1404,2203299,0.06372262684274808
California Ave & Fletcher St,1403,2203299,0.06367724035639284
Logan Blvd & Elston Ave,1391,2203299,0.06313260252013005
Wells St & Madison St,1382,2203299,0.06272412414293294
Lincoln Ave & Montana St,1382,2203299,0.06272412414293294
Noble St & Ohio St,1380,2203299,0.06263335117022248
Streeter Dr/Grand Ave,1380,2203299,0.06263335117022248
Damen Ave & Clybourn Ave,1375,2203299,0.0624064187384463
Paulina St & Montrose Ave,1371,2203299,0.06222487279302537
Clark St & Lunt Ave,1358,2203299,0.06163484847040733
Damen Ave & Madison St,1353,2203299,0.06140791603863117
Damen Ave & Wabansia Ave,1342,2203299,0.06090866468872359
Morgan St & Lake St,1329,2203299,0.060318640366105555
Sheridan Rd & Loyola Ave,1320,2203299,0.05991016198890845
Peterson/Ridge Metra,1317,2203299,0.059774002529842746
Lincoln Ave & Waveland Ave,1316,2203299,0.05972861604348752
Eddy/Seminary Corral,1308,2203299,0.05936552415264565
Leavitt St & Addison St,1307,2203299,0.059320137666290414
Wells St & Washington St,1306,2203299,0.059274751179935185
Wells St & 19th St,1302,2203299,0.05909320523451424
Loomis St & Jackson Blvd,1302,2203299,0.05909320523451424
Wentworth Ave & 35th St,1298,2203299,0.0589116592890933
St. Clair St & Erie St 2,1295,2203299,0.05877549983002761
Damen Ave & Sunnyside Ave,1286,2203299,0.05836702145283051
Lincoln Ave & Addison St,1284,2203299,0.05827624848012004
Harper Ave & 55th St,1283,2203299,0.0582308619937648
Sheffield/Newport Corral,1266,2203299,0.05745929172572583
Richmond St & Diversey Ave,1258,2203299,0.05709619983488396
Central Park Ave & Elbridge Ave,1256,2203299,0.0570054268621735
Ravenswood Ave & Berteau Ave,1251,2203299,0.05677849443039732
Halsted St & Archer Ave,1237,2203299,0.056143083621424054
Leavitt St & Lawrence Ave,1234,2203299,0.05600692416235835
Drexel Ave & 60th St,1228,2203299,0.05573460524422695
Broadway & Sunnyside Ave,1225,2203299,0.05559844578516126
Chicago Ave & Washington St,1220,2203299,0.05537151335338508
Milwaukee Ave & Armitage Ave,1204,2203299,0.05464532957170134
Wacker Dr & Randolph St,1201,2203299,0.054509170112635646
Wood St & Hubbard St,1189,2203299,0.05396453227637284
Morgan St & 31st St,1184,2203299,0.053737599844596674
Talman Ave & Addison St,1174,2203299,0.05328373498104433
Glenwood Ave & Morse Ave,1174,2203299,0.05328373498104433
Morgan Ave & 14th Pl,1169,2203299,0.053056802549268166
Greenview Ave & Jarvis Ave,1156,2203299,0.05246677822665013
Avers Ave & Belmont Ave,1155,2203299,0.05242139174029489
Halsted St & 35th St,1147,2203299,0.052058299849453024
California Ave & Altgeld St,1140,2203299,0.051740594444966384
Michigan Ave & 11th St,1134,2203299,0.051468275526834986
University Library (NU),1126,2203299,0.05110518363599312
Ashland Ave & Belle Plaine Ave,1120,2203299,0.05083286471786172
Inner Lake Shore Dr & Aldine Ave,1119,2203299,0.05078747823150648
Damen Ave & Grand Ave,1117,2203299,0.050696705258796014
Clark St & Schreiber Ave,1117,2203299,0.050696705258796014
Green St & Randolph St,1116,2203299,0.050651318772440786
Campbell Ave & Augusta Blvd,1114,2203299,0.050560545799730315
Hermitage Ave & Polk St,1112,2203299,0.05046977282701985
Laflin St & Cullerton St,1109,2203299,0.050333613367954146
Elston Ave & Wabansia Ave,1107,2203299,0.05024284039524368
Racine Ave & 15th St,1105,2203299,0.05015206742253321
Wilton Ave & Diversey Pkwy*,1104,2203299,0.050106680936177976
Damen Ave & Cullerton St,1098,2203299,0.04983436201804657
Winchester Ave & Elston Ave,1094,2203299,0.04965281607262564
St. Louis Ave & Fullerton Ave,1093,2203299,0.0496074295862704
Clinton St & 18th St,1091,2203299,0.04951665661355993
Indiana Ave & 26th St,1087,2203299,0.049335110668139004
Halsted St & Lake St,1087,2203299,0.049335110668139004
California Ave & Montrose Ave,1085,2203299,0.04924433769542853
Fort Dearborn Dr & 31st St,1082,2203299,0.04910817823636284
Canal St & Harrison St,1069,2203299,0.048518153913744796
Pine Grove Ave & Wellington Ave,1064,2203299,0.04829122148196863
Paulina St & Howard St,1061,2203299,0.04815506202290293
State St & 33rd St,1056,2203299,0.047928129591126765
Emerald Ave & 31st St,1054,2203299,0.04783735661841629
State St & 19th St,1052,2203299,0.047746583645705824
Racine Ave & Broadway,1042,2203299,0.04729271878215349
Troy St & North Ave,1040,2203299,0.04720194580944302
Campbell Ave & Fullerton Ave,1033,2203299,0.04688424040495638
Riverside Plaza & Adams St,1029,2203299,0.046702694459535454
Kosciuszko Park,1021,2203299,0.04633960256869358
W Armitage Ave & N Sheffield Ave,1017,2203299,0.046158056623272645
Western Ave & Roscoe St,1015,2203299,0.04606728365056218
Lake Park Ave & 35th St,1007,2203299,0.04570419175972031
Wabash Ave & Jackson Blvd,1007,2203299,0.04570419175972031
Archer Ave & Wentworth Ave,1000,2203299,0.04538648635523367
Racine Ave & Webster Ave,999,2203299,0.04534109986887844
St. Clair St & Erie St 1,999,2203299,0.04534109986887844
Larrabee St & Kingsbury St 2,991,2203299,0.044978007978036576
Clark St & Elmdale Ave,988,2203299,0.04484184851897087
Wentworth Ave & 24th St,978,2203299,0.04438798365541854
Halsted St & 21st St,978,2203299,0.04438798365541854
Waveland/Racine Corral,967,2203299,0.043888732305510963
May St & Hubbard St,957,2203299,0.043434867441958624
Ashland Ave & 13th St,952,2203299,0.043207935010182455
Museum Campus Metra Station,951,2203299,0.04316254852382723
Carpenter St & Fulton St,933,2203299,0.04234559176943302
Wood St & Webster Ave,925,2203299,0.041982499878591144
Campbell Ave & Montrose Ave,921,2203299,0.04180095393317021
Evanston Civic Center,917,2203299,0.04161940798774928
Central Park Ave & Bloomingdale Ave,913,2203299,0.04143786204232835
Wood St & Taylor St (Temp),911,2203299,0.04134708906961788
State St & 35th St,909,2203299,0.04125631609690741
Avondale Ave & Irving Park Rd,908,2203299,0.04121092961055217
Sheridan Rd & Columbia Ave,904,2203299,0.041029383665131244
Rockwell St & Eastwood Ave,892,2203299,0.040484745828868435
Francisco Ave & Chicago Ave,891,2203299,0.0404393593425132
Lincoln Ave & Roscoe St,888,2203299,0.0403031998834475
Addison/Racine Corral,880,2203299,0.03994010799260563
Rockwell St & Fletcher St,875,2203299,0.03971317556082946
Canal St & Lake St,875,2203299,0.03971317556082946
Dearborn St & Madison St,871,2203299,0.03953162961540853
Damen Ave & Ohio St,864,2203299,0.039213924210921895
Shields Ave & 31st St,858,2203299,0.03894160529279049
N Green St & W Lake St,858,2203299,0.03894160529279049
Hoyne Ave & Balmoral Ave,852,2203299,0.03866928637465909
Wentworth Ave & 33rd St,851,2203299,0.03862389988830386
Albany Ave & Montrose Ave,848,2203299,0.03848774042923816
Sangamon St & Adams St,844,2203299,0.03830619448381722
Kedzie Ave & Armitage Ave,843,2203299,0.03826080799746199
Spaulding Ave & Division St,842,2203299,0.038215421511106754
Ogden Ave & Congress Pkwy,839,2203299,0.038079262052041055
Clark/Newport Corral,831,2203299,0.037716170161199186
California Ave & Byron St,830,2203299,0.03767078367484395
Claremont Ave & Hirsch St,830,2203299,0.03767078367484395
LaSalle St & Calhoun Pl ,819,2203299,0.03717153232493638
Kedzie Ave & Leland Ave,819,2203299,0.03717153232493638
Calumet Ave & 33rd St,816,2203299,0.03703537286587068
Dearborn St & Adams St 1,799,2203299,0.036263802597831706
Larrabee St & Clybourn Ave,792,2203299,0.03594609719334507
Paulina St & Cortland St,790,2203299,0.0358553242206346
Sheffield Ave & School St,777,2203299,0.035265299898016564
Christiana Ave & Lawrence Ave,777,2203299,0.035265299898016564
Addison/Sheffield SW Corral,775,2203299,0.0351745269253061
Damen Ave & St Paul Ave,770,2203299,0.03494759449352993
Clark/Racine Corral,769,2203299,0.034902208007174695
63rd St Beach,768,2203299,0.03485682152081947
Wells St & Ohio St,760,2203299,0.03449372962997759
Western Ave & Congress Pkwy,755,2203299,0.03426679719820142
Francisco Ave & Bloomingdale Ave,750,2203299,0.03403986476642526
Clark St & Columbia Ave,745,2203299,0.03381293233464908
Lake Park Ave & 47th St,741,2203299,0.033631386389228156
Kedzie Ave & George St,735,2203299,0.03335906747109675
Dorchester Ave & 53rd St,734,2203299,0.03331368098474152
Southport Ave & Diversey Pkwy,732,2203299,0.033222908012031045
Washtenaw Ave & Lawrence Ave,730,2203299,0.03313213503932058
Sheridan Rd & Greenleaf Ave,722,2203299,0.03276904314847871
Milwaukee Ave & Wabansia Ave,720,2203299,0.03267827017576825
Indiana Ave & 31st St,714,2203299,0.032405951257636845
Lincoln Ave & Winona St,714,2203299,0.032405951257636845
Harper Ave & 59th St,704,2203299,0.031952086394084506
Smith Park,695,2203299,0.0315436080168874
Troy St & Elston Ave,695,2203299,0.0315436080168874
Sheridan Rd & Berwyn Ave,687,2203299,0.031180516126045537
Dearborn St & Adams St 2,678,2203299,0.03077203774884843
May St & Cullerton St,678,2203299,0.03077203774884843
Clark St & Fletcher St,674,2203299,0.030590491803427496
Malden St & Wilson Ave,674,2203299,0.030590491803427496
Elston Ave & George St,664,2203299,0.03013662693987516
Leavitt St & Hirsch St,660,2203299,0.029955080994454226
Sacramento Ave & Linden Pl,656,2203299,0.02977353504903329
Sheffield Ave & Fletcher St,654,2203299,0.029682762076322824
Monticello Ave & Irving Park Rd,649,2203299,0.02945582964454665
Rhodes Ave & 32nd St,648,2203299,0.02941044315819142
Glenwood Ave & Touhy Ave,646,2203299,0.029319670185480953
Central St Metra,642,2203299,0.02913812424006002
Morgan St & Hubbard St,636,2203299,0.02886580532192862
Drake Ave & Addison St,636,2203299,0.02886580532192862
Wallace St & 35th St,632,2203299,0.02868425937650768
Racine/Eddy Corral,631,2203299,0.028638872890152448
Malcolm X College,630,2203299,0.028593486403797216
Leavitt St & Augusta Blvd,629,2203299,0.02854809991744198
Milwaukee Ave & Ainslie St,627,2203299,0.028457326944731513
Seminary Ave & Belden Ave,627,2203299,0.028457326944731513
Sedgwick St & Chicago Ave,624,2203299,0.028321167485665814
Francisco Ave & Foster Ave,624,2203299,0.028321167485665814
Prairie Ave & Garfield Blvd,623,2203299,0.02827578099931058
Halsted St & Melrose St,618,2203299,0.02804884856753441
Wood St & Cortland St,613,2203299,0.027821916135758244
Winchester (Ravenswood) Ave & Balmoral Ave,612,2203299,0.027776529649403008
N Southport Ave & W Newport Ave,607,2203299,0.027549597217626842
Blackstone Ave & 53rd St,604,2203299,0.027413437758561143
Eastlake Ter & Howard St,602,2203299,0.02732266478585067
Western Ave & Grace St,601,2203299,0.027277278299495437
Halsted St & North Branch St,600,2203299,0.027231891813140202
Clinton St & Polk St,597,2203299,0.027095732354074503
Oakley Ave & Irving Park Rd,592,2203299,0.026868799922298337
Southport Ave & Grace St,590,2203299,0.02677802694958787
Central Park Ave & North Ave,587,2203299,0.026641867490522164
Noble St & Potomac Ave,587,2203299,0.026641867490522164
Western Ave & Wabansia Ave,585,2203299,0.026551094517811697
Kedzie Ave & 48th Pl,579,2203299,0.0262787755996803
Dearborn St & Washington St,572,2203299,0.025961070195193663
Sheffield Ave & Armitage Ave Public Rack,567,2203299,0.025734137763417493
Broadway & Cuyler Ave,566,2203299,0.025688751277062258
Cottage Grove Ave & Oakwood Blvd,558,2203299,0.025325659386220393
Paulina St & Adams St,557,2203299,0.025280272899865158
Rockwell St & Division St,556,2203299,0.025234886413509926
Shields Ave & 28th Pl,539,2203299,0.024463316145470947
Leavitt St & Archer Ave,532,2203299,0.024145610740984313
N Carpenter St & W Lake St,530,2203299,0.024054837768273846
Kenwood Ave & 57th St,519,2203299,0.02355558641836628
Clark St & Washington St,515,2203299,0.02337404047294534
Michigan Ave & 9th St,510,2203299,0.023147108041169172
Woodlawn Ave & Lake Park Ave,507,2203299,0.023010948582103473
Oakley Ave & Lyndale St,506,2203299,0.02296556209574824
Drake Ave & Montrose Ave,503,2203299,0.02282940263668254
Spaulding Ave & Milwaukee Ave,492,2203299,0.022330151286774968
Clark St & Jarvis Ave,491,2203299,0.022284764800419733
Francisco Ave & Montrose Ave,489,2203299,0.02219399182770927
Calumet Ave & 35th St,489,2203299,0.02219399182770927
Wacker Dr & Washington St Corral,485,2203299,0.02201244588228833
Damen Ave & Evergreen Ave,484,2203299,0.0219670593959331
Halsted St & Court Pl,482,2203299,0.021876286423222632
Cherry Ave & Blackhawk St,482,2203299,0.021876286423222632
Pulaski Rd & 51st St,463,2203299,0.021013943182473193
Central St & Girard Ave,462,2203299,0.020968556696117958
Sheffield/Cornelia Corral,462,2203299,0.020968556696117958
Manor Ave & Leland Ave,462,2203299,0.020968556696117958
Knox Ave & Montrose Ave,460,2203299,0.02087778372340749
MLK Jr Dr & Pershing Rd,452,2203299,0.020514691832565622
Addison/Wilton Corral,451,2203299,0.020469305346210387
Western Ave & Fillmore St,444,2203299,0.02015159994172375
Keystone Ave & Fullerton Ave,443,2203299,0.02010621345536852
Hampden Ct & Diversey Ave,442,2203299,0.020060826969013283
Franklin St & Madison St,441,2203299,0.02001544048265805
Central Park Ave & Ogden Ave,437,2203299,0.019833894537237114
South Shore Dr & 71st St,437,2203299,0.019833894537237114
Western Ave & 24th St,435,2203299,0.01974312156452665
Sawyer Ave & Irving Park Rd,434,2203299,0.019697735078171415
Western Ave & 21st St,434,2203299,0.019697735078171415
Elmwood Ave & Austin St,432,2203299,0.019606962105460948
Western Ave & Monroe St,424,2203299,0.01924387021461908
Western Ave & Berteau Ave,421,2203299,0.019107710755553377
Greenwood Ave & 47th St,415,2203299,0.018835391837421975
Addison/Sheffield SE Corral,414,2203299,0.01879000535106674
Western Ave & Lyndale St,414,2203299,0.01879000535106674
Rockwell Ave & Logan Blvd,411,2203299,0.01865384589200104
Lakewood Ave & Addison St,411,2203299,0.01865384589200104
Emerald Ave & 28th St,409,2203299,0.018563072919290574
Prairie Ave & 43rd St,409,2203299,0.018563072919290574
Western Ave & Granville Ave,408,2203299,0.01851768643293534
Racine Ave & 35th St,407,2203299,0.018472299946580107
McCormick Blvd & Devon Ave,406,2203299,0.01842691346022487
South Shore Dr & 67th St,404,2203299,0.018336140487514405
Dodge Ave & Church St,401,2203299,0.018199981028448706
Elston Ave & Henderson St,400,2203299,0.01815459454209347
Cottage Grove Ave & 63rd St,396,2203299,0.017973048596672536
Western Ave & Howard St,396,2203299,0.017973048596672536
Midway Orange Line,388,2203299,0.017609956705830664
Burling St & Armitage Ave,378,2203299,0.01715609184227833
Kedzie Ave & Foster Ave,377,2203299,0.017110705355923097
Sacramento Blvd & Addison St,375,2203299,0.01701993238321263
Southport Ave & Newport Ave Public Rack,374,2203299,0.016974545896857395
Racine Ave & 13th St,374,2203299,0.016974545896857395
Stony Island Ave & 63rd St,374,2203299,0.016974545896857395
Valli Produce - Evanston Plaza,371,2203299,0.016838386437791692
Sacramento Ave & Lyndale St,370,2203299,0.01679299995143646
Albany Ave & Belmont Ave,369,2203299,0.016747613465081225
Marshfield Ave & Wabansia Ave,366,2203299,0.016611454006015523
Ridge Blvd & Touhy Ave,366,2203299,0.016611454006015523
Campbell Ave & Irving Park Rd,364,2203299,0.016520681033305055
Franklin St & Adams St Corral,364,2203299,0.016520681033305055
Kilbourn Ave & Milwaukee Ave,364,2203299,0.016520681033305055
Bernard St & Elston Ave,361,2203299,0.016384521574239357
Pulaski Rd & Eddy St,356,2203299,0.016157589142463187
California Ave & Lake St,356,2203299,0.016157589142463187
Loomis St & Archer Ave,354,2203299,0.01606681616975272
Granville Ave & Clark St,353,2203299,0.016021429683397488
Dorchester Ave & 63rd St,343,2203299,0.01556756481984515
Shore Dr & 53rd St,343,2203299,0.01556756481984515
Wells St & Randolph St Corral,337,2203299,0.015295245901713748
Dorchester Ave & 49th St,337,2203299,0.015295245901713748
State St & 95th St,335,2203299,0.015204472929003282
N Paulina St & Lincoln Ave,334,2203299,0.015159086442648049
Leavitt St/North Ave,328,2203299,0.014886767524516646
Cottage Grove Ave & 51st St,327,2203299,0.014841381038161412
Ashland Ave & Archer Ave,324,2203299,0.01470522157909571
California Ave & 21st St,315,2203299,0.014296743201898608
Clark St & Touhy Ave,314,2203299,0.014251356715543374
Portage Park,312,2203299,0.014160583742832907
Warren Park East,311,2203299,0.014115197256477674
Grace/Sheffield Corral,309,2203299,0.014024424283767205
Conservatory Dr & Lake St,307,2203299,0.013933651311056738
MLK Jr Dr & 47th St,307,2203299,0.013933651311056738
University Ave & 65th St,305,2203299,0.01384287833834627
Cottage Grove Ave & 43rd St,304,2203299,0.013797491851991037
Warren Park West,303,2203299,0.013752105365635803
Kedzie Ave & 57th St,300,2203299,0.013615945906570101
Troy St & Grace St,298,2203299,0.013525172933859636
Marshfield Ave & Diversey Pkwy,297,2203299,0.013479786447504402
Washtenaw Ave & Polk St,296,2203299,0.013434399961149169
Parnell Ave & 31st St,295,2203299,0.013389013474793935
Dearborn St & Adams St Corral,293,2203299,0.013298240502083466
Normal Ave & Archer Ave,292,2203299,0.013252854015728233
Paulina St & Lincoln Ave Public Rack,292,2203299,0.013252854015728233
Ogden Ave & Roosevelt Rd,291,2203299,0.013207467529372999
Halsted St & 37th St,290,2203299,0.013162081043017766
Rockwell St & Archer Ave,289,2203299,0.013116694556662532
Kedzie Ave & Lake St,288,2203299,0.013071308070307298
Calumet Ave & 51st St,287,2203299,0.013025921583952065
Kildare Ave & Montrose Ave,286,2203299,0.012980535097596831
Keystone Ave & Montrose Ave,285,2203299,0.012935148611241596
Wood St & Walnut St,284,2203299,0.012889762124886362
Milwaukee Ave & Cuyler Ave,284,2203299,0.012889762124886362
Lincoln Ave & Balmoral Ave,281,2203299,0.012753602665820664
Public Rack - Racine Ave & Nelson St,281,2203299,0.012753602665820664
W Washington Blvd & N Peoria St,280,2203299,0.01270821617946543
Western Blvd & 48th Pl,280,2203299,0.01270821617946543
Monticello Ave & Lawrence Ave,278,2203299,0.012617443206754963
Kimball Ave & Wrightwood Ave,277,2203299,0.012572056720399728
Dodge Ave & Main St,276,2203299,0.012526670234044494
Hoyne Ave & 47th St,273,2203299,0.012390510774978793
Big Marsh Park,273,2203299,0.012390510774978793
Ridge Blvd & Howard St,270,2203299,0.012254351315913093
Clark/Eddy,269,2203299,0.012208964829557857
Kedzie Ave & Bryn Mawr Ave,268,2203299,0.012163578343202626
Western Ave & Lake St,265,2203299,0.012027418884136923
Perry Ave & 69th St,264,2203299,0.011982032397781691
Public Rack - Washtenaw Ave & Superior St,258,2203299,0.011709713479650288
Kedzie Ave & Chicago Ave,257,2203299,0.011664326993295055
Jeffery Blvd & 67th St,255,2203299,0.011573554020584586
Laramie Ave & Irving Park Rd,253,2203299,0.01148278104787412
2112 W Peterson Ave,252,2203299,0.011437394561518887
LaSalle St & Jackson Blvd Corral,248,2203299,0.011255848616097951
Lincolnwood Dr & Central St,247,2203299,0.011210462129742717
Narragansett Ave & Wrightwood Ave,246,2203299,0.011165075643387484
Lock St & 31st St,246,2203299,0.011165075643387484
Kedzie Ave & 21st St,245,2203299,0.01111968915703225
Fairfield Ave & 44th St,244,2203299,0.011074302670677017
Wabansia & Milwaukee,240,2203299,0.010892756725256083
Princeton Ave & 47th St,239,2203299,0.010847370238900847
Western Ave & Gunnison St,237,2203299,0.01075659726619038
DuSable Museum,237,2203299,0.01075659726619038
Ashland Ave & Pershing Rd,237,2203299,0.01075659726619038
Budlong Woods Library,234,2203299,0.01062043780712468
Sawyer Ave & Fullerton Ave,234,2203299,0.01062043780712468
Austin Blvd & Lake St,233,2203299,0.010575051320769446
Washtenaw Ave & Ogden Ave,232,2203299,0.010529664834414212
Wallace St & 28th St,229,2203299,0.010393505375348512
N Shore Channel Trail & Argyle St,229,2203299,0.010393505375348512
Karlov Ave & Armitage Ave,229,2203299,0.010393505375348512
California Ave & Granville Ave,228,2203299,0.010348118888993278
Laramie Ave & Addison St,226,2203299,0.010257345916282811
Western Ave & Lunt Ave,225,2203299,0.010211959429927578
Oakley Ave & Touhy Ave,221,2203299,0.010030413484506642
Whipple/Irving Park,221,2203299,0.010030413484506642
Public Rack - Wells St & Scott St,218,2203299,0.009894254025440941
State St & 29th St,218,2203299,0.009894254025440941
Milwaukee Ave & Diversey Ave,215,2203299,0.00975809456637524
California Ave & 41st St,210,2203299,0.00953116213459907
Wood St & 35th St,209,2203299,0.009485775648243839
Springfield Ave & North Ave,209,2203299,0.009485775648243839
LaSalle St & Calhoun Pl Corral,209,2203299,0.009485775648243839
South Shore Dr & 74th St,208,2203299,0.009440389161888605
Lincoln Ave & Peterson Ave,207,2203299,0.00939500267553337
North Boundary Park,206,2203299,0.009349616189178137
Milwaukee Ave & Wolfram St,205,2203299,0.009304229702822903
LaSalle St & Adams St Corral,204,2203299,0.00925884321646767
Kilbourn Ave & Roscoe St,202,2203299,0.009168070243757202
Drake Ave & Armitage Ave,201,2203299,0.009122683757401969
Public Rack - Rush St & Oak St,200,2203299,0.009077297271046735
Dodge Ave & Mulford St,199,2203299,0.0090319107846915
Damen Ave/Coulter St,199,2203299,0.0090319107846915
Lowell Ave & Armitage Ave,197,2203299,0.008941137811981035
Bosworth Ave & Howard St,195,2203299,0.008850364839270566
Fairfield Ave & Pratt Blvd,194,2203299,0.008804978352915332
Franklin St & Randolph St,194,2203299,0.008804978352915332
Indiana Ave & 40th St,194,2203299,0.008804978352915332
St. Louis Ave & Balmoral Ave,193,2203299,0.008759591866560099
Kilbourn Ave & Irving Park Rd,190,2203299,0.008623432407494398
Winthrop Ave & Bryn Mawr Ave,189,2203299,0.008578045921139164
Cottage Grove Ave & 67th St,189,2203299,0.008578045921139164
Central Park Ave & 24th St,189,2203299,0.008578045921139164
Dan Ryan Woods & 83rd St,188,2203299,0.00853265943478393
Kostner Ave & Belmont Ave,188,2203299,0.00853265943478393
Ping Tom Park (East),186,2203299,0.008441886462073464
Long Ave & Belmont Ave,186,2203299,0.008441886462073464
Rockwell St & Cermak Rd,186,2203299,0.008441886462073464
Walden Pkwy & 100th St,185,2203299,0.00839649997571823
Grace St & Cicero Ave,185,2203299,0.00839649997571823
Fairfield Ave & Roosevelt Rd,183,2203299,0.008305727003007761
N Damen Ave & W Chicago Ave,182,2203299,0.008260340516652528
Archer & Wentworth,181,2203299,0.008214954030297296
Stony Island Ave & 67th St,178,2203299,0.008078794571231594
Public Rack - Clybourn Ave & Webster Ave,177,2203299,0.00803340808487636
Public Rack - Wells St & North Ave,177,2203299,0.00803340808487636
Karlov Ave & Lawrence Ave,176,2203299,0.007988021598521126
Public Rack - Michigan Ave & Delaware Pl,176,2203299,0.007988021598521126
Eberhart Ave & 61st St,176,2203299,0.007988021598521126
Pine Grove Ave & Belmont Ave,175,2203299,0.007942635112165893
Public Rack - Dearborn St & Kinzie St 1,172,2203299,0.007806475653100192
Milwaukee Ave & Agatite Ave,171,2203299,0.007761089166744959
Lockwood Ave & Wrightwood Ave,169,2203299,0.007670316194034491
Maplewood Ave & Peterson Ave,169,2203299,0.007670316194034491
Carpenter St & Lake St Public Rack,168,2203299,0.007624929707679258
Kostner Ave & Wrightwood Ave,167,2203299,0.007579543221324024
Marmora Ave & Irving Park Rd,166,2203299,0.00753415673496879
Western Ave & Ardmore Ave,165,2203299,0.0074887702486135565
California Ave & Touhy Ave,164,2203299,0.007443383762258323
Melvina Ave & Giddings Ave,164,2203299,0.007443383762258323
Archer (Damen) Ave & 37th St,162,2203299,0.007352610789547855
Addison Red Line,158,2203299,0.00717106484412692
Public Rack - Milwaukee Ave & Haussen Ct,153,2203299,0.006944132412350752
St Louis Ave & Foster Ave,152,2203299,0.0068987459259955185
Halsted St & 51st St,152,2203299,0.0068987459259955185
Edgebrook Metra,151,2203299,0.006853359439640286
Kilbourn Ave & Diversey Ave,150,2203299,0.0068079729532850505
Shabbona Park,150,2203299,0.0068079729532850505
Wood St & 33rd St,150,2203299,0.0068079729532850505
Kostner Ave & Bryn Mawr Ave,149,2203299,0.006762586466929818
Public Rack - Jonathan Y Scammon Public School,148,2203299,0.006717199980574584
California Ave & Winona St,148,2203299,0.006717199980574584
Clark/Newport,147,2203299,0.006671813494219351
Kildare Ave & North Ave,147,2203299,0.006671813494219351
California Ave & 23rd Pl,147,2203299,0.006671813494219351
Public Rack - Monticello Ave & Belmont Ave,146,2203299,0.006626427007864116
LaSalle St & Washington St Corral,145,2203299,0.006581040521508883
Public Rack - Michigan Ave & Wacker Dr (North),145,2203299,0.006581040521508883
Stony Island Ave & 64th St,144,2203299,0.006535654035153649
Pulaski Rd & Congress Pkwy,144,2203299,0.006535654035153649
California Ave & Madison St,142,2203299,0.006444881062443181
Kedzie Ave & 54th Pl,142,2203299,0.006444881062443181
Keeler Ave & Roosevelt Rd,142,2203299,0.006444881062443181
Rockwell St & 57th St,141,2203299,0.006399494576087948
Public Rack - Christiana Ave & Belmont Ave,139,2203299,0.006308721603377481
Princeton Ave & Garfield Blvd,138,2203299,0.006263335117022247
MLK Jr Dr & 56th St,136,2203299,0.00617256214431178
Wolcott Ave & Fargo Ave,136,2203299,0.00617256214431178
Lamon Ave & Belmont Ave,135,2203299,0.006127175657956546
Wentworth Ave & 63rd St,134,2203299,0.006081789171601313
Menard Ave & Lawrence Ave,134,2203299,0.006081789171601313
Hamlin Ave & Grand Ave,134,2203299,0.006081789171601313
Damen Ave & Pershing Rd,134,2203299,0.006081789171601313
Kenosha Ave & Wellington Ave,133,2203299,0.006036402685246078
Kedzie Ave & 52nd St,133,2203299,0.006036402685246078
Lexington St & California Ave,132,2203299,0.005991016198890846
North Branch St & Haines St,132,2203299,0.005991016198890846
Jeffery Blvd & 71st St,132,2203299,0.005991016198890846
Public Rack - Webster Ave & Halsted St,132,2203299,0.005991016198890846
Public Rack - Rush St & Ohio St,131,2203299,0.005945629712535611
Ashland Ave & 50th St,131,2203299,0.005945629712535611
Prospect Sq & 91st St,131,2203299,0.005945629712535611
Public Rack - Michigan Ave & Wacker Dr (South),130,2203299,0.005900243226180378
Stony Island Ave & 71st St,130,2203299,0.005900243226180378
Public Rack - Kingsbury Ave & Blackhawk St,128,2203299,0.005809470253469911
Morgan St & Pershing Rd,126,2203299,0.0057186972807594435
Monticello Ave & Diversey Ave,126,2203299,0.0057186972807594435
Kenneth Ave & Lawrence Ave,126,2203299,0.0057186972807594435
Kilbourn Ave & Belden Ave,125,2203299,0.005673310794404209
Chicago State University,124,2203299,0.0056279243080489755
Narragansett Ave & North Ave,124,2203299,0.0056279243080489755
Kostner Ave & Devon Ave,123,2203299,0.005582537821693742
Austin Blvd & Madison St,120,2203299,0.005446378362628041
Public Rack - Lincoln Ave & Fullteron Ave (Northwest),120,2203299,0.005446378362628041
Harlem Ave & Irving Park Rd,120,2203299,0.005446378362628041
Kostner Ave & 63rd St,120,2203299,0.005446378362628041
Waveland/Wilton Corral,120,2203299,0.005446378362628041
Sacramento Ave & Pratt Blvd,119,2203299,0.005400991876272807
Lockwood Ave & Grand Ave,119,2203299,0.005400991876272807
Central Park Ave & Ohio St,119,2203299,0.005400991876272807
Central Park Ave & Ardmore Ave,118,2203299,0.005355605389917574
Winthrop Ave & Sheridan Rd,117,2203299,0.00531021890356234
Linder Ave & Montrose Ave,117,2203299,0.00531021890356234
Burnham Greenway & 112th St,116,2203299,0.005264832417207106
Cicero Ave & Lake St,116,2203299,0.005264832417207106
Riley O'Neil Memorial Station at City Hall,116,2203299,0.005264832417207106
Milwaukee Ave & Highland Ave,115,2203299,0.005219445930851873
Avers Ave & Foster Ave,115,2203299,0.005219445930851873
Albany Ave & Douglas Blvd,115,2203299,0.005219445930851873
Sayre Ave & Diversey Ave,114,2203299,0.005174059444496639
NAVY PIER,114,2203299,0.005174059444496639
Mozart St & Jackson Blvd,114,2203299,0.005174059444496639
Central Ave & Altgeld St,114,2203299,0.005174059444496639
Stewart Ave & 123rd St,113,2203299,0.0051286729581414055
Public Rack - Hyde Park Blvd & 55th St,113,2203299,0.0051286729581414055
State St & 79th St,113,2203299,0.0051286729581414055
Rockwell/Irving Park Hub,113,2203299,0.0051286729581414055
Keeler Ave & Carmen Ave,112,2203299,0.005083286471786172
Homan Ave & 26th St,112,2203299,0.005083286471786172
Ashland Ave & McDowell Ave,112,2203299,0.005083286471786172
Damen Ave & 81st St,112,2203299,0.005083286471786172
Wallace St & Pershing Rd,112,2203299,0.005083286471786172
Lawler Ave & 50th St,111,2203299,0.005037899985430938
Farragut Ave & Central Ave,111,2203299,0.005037899985430938
Sacramento Blvd & Franklin Blvd,111,2203299,0.005037899985430938
St Louis Ave & Armitage Ave,111,2203299,0.005037899985430938
Cumberland Ave & Catherine Ave,110,2203299,0.004992513499075704
Kedzie Ave & 24th St,110,2203299,0.004992513499075704
California & 16th St,110,2203299,0.004992513499075704
St Louis Ave & Norman Bobbins Pl,110,2203299,0.004992513499075704
Kedzie Ave & 60th St,110,2203299,0.004992513499075704
Long & Irving Park,109,2203299,0.0049471270127204705
Cicero Ave & Roscoe Ave,109,2203299,0.0049471270127204705
Laramie Ave & Kinzie St,109,2203299,0.0049471270127204705
Lawndale Ave & 30th St,109,2203299,0.0049471270127204705
Higgins Ave & Austin Ave,109,2203299,0.0049471270127204705
Public Rack - Spaulding Ave & Evergreen Ave,108,2203299,0.004901740526365237
Richmond St & Lincoln Ave,108,2203299,0.004901740526365237
Pershing Rd & Sacramento Ave,107,2203299,0.004856354040010003
Tripp Ave & 65th St,107,2203299,0.004856354040010003
Grace St & Central Ave,106,2203299,0.00481096755365477
Steelworkers Park,106,2203299,0.00481096755365477
MLK Jr Dr & 63rd St,105,2203299,0.004765581067299535
Sacramento Ave & Lunt Ave,104,2203299,0.004720194580944303
Stony Island Ave & 75th St,104,2203299,0.004720194580944303
Union Ave & Root St,103,2203299,0.004674808094589068
Hyacinth Ave & Milwaukee Ave,103,2203299,0.004674808094589068
Halsted St & 63rd St,103,2203299,0.004674808094589068
Cicero Ave & Wrightwood Ave,103,2203299,0.004674808094589068
Hale Ave & 107th St,103,2203299,0.004674808094589068
Marshfield Ave & 44th St,103,2203299,0.004674808094589068
Western Ave & 43rd St,103,2203299,0.004674808094589068
Leclaire Ave & Belmont Ave,102,2203299,0.004629421608233835
Narragansett Ave & McLean Ave,102,2203299,0.004629421608233835
Damen Ave & Chicago Ave Public Rack,101,2203299,0.004584035121878601
Nordica Ave & Medill Ave,101,2203299,0.004584035121878601
Campbell Ave & 51st St,101,2203299,0.004584035121878601
Halsted St & 47th Pl,101,2203299,0.004584035121878601
Lavergne Ave & Diversey Ave,100,2203299,0.004538648635523368
Public Rack - Rush St & Ontario St,100,2203299,0.004538648635523368
Narragansett Ave & Montrose Ave,100,2203299,0.004538648635523368
Virginia Ave & Catalpa Ave,100,2203299,0.004538648635523368
Mason Ave & Belmont Ave,100,2203299,0.004538648635523368
Hoyne Ave & 34th St,98,2203299,0.0044478756628129005
Vincennes Ave & 107th St,98,2203299,0.0044478756628129005
Waveland/Racine,98,2203299,0.0044478756628129005
Meade Ave & Fullerton Ave,98,2203299,0.0044478756628129005
Elston Ave & Carmen Ave,98,2203299,0.0044478756628129005
Lavergne Ave & Fullerton Ave,98,2203299,0.0044478756628129005
Public Rack - Kedzie Ave & Argyle St,97,2203299,0.004402489176457666
Pine Ave & Division St,97,2203299,0.004402489176457666
Central & Elston,97,2203299,0.004402489176457666
Lawler Ave & North Ave,96,2203299,0.004357102690102433
Francisco Ave & 47th St,96,2203299,0.004357102690102433
Merrimac Park,95,2203299,0.004311716203747199
Public Rack - Woodlawn Ave & 63rd St N,95,2203299,0.004311716203747199
Mason Ave & Montrose Ave,95,2203299,0.004311716203747199
Wabash Ave & 59th St,95,2203299,0.004311716203747199
Monticello Ave & Chicago Ave,95,2203299,0.004311716203747199
Public Rack - California Ave & Cortez St,94,2203299,0.004266329717391965
Calumet Park,94,2203299,0.004266329717391965
Public Rack - Hamlin Ave & Fullerton Ave,93,2203299,0.004220943231036732
Kilpatrick Ave & Parker Ave,93,2203299,0.004220943231036732
Pulaski Rd & Lake St,92,2203299,0.004175556744681498
LaSalle St & Washington St Corral N,92,2203299,0.004175556744681498
Austin Ave & Milwaukee Ave,91,2203299,0.004130170258326264
Western Ave & 101st St,91,2203299,0.004130170258326264
Pulaski Rd & 54th St,90,2203299,0.004084783771971031
Marmora Ave & Belmont Ave,90,2203299,0.004084783771971031
Public Rack - Milwaukee Ave & Diversey Ave,90,2203299,0.004084783771971031
Laramie Ave & Bloomingdale Ave,90,2203299,0.004084783771971031
Millard Ave & 26th St,88,2203299,0.003994010799260563
Wabash Ave & 87th St,88,2203299,0.003994010799260563
Western Ave & 28th St,87,2203299,0.00394862431290533
Sacramento Blvd & Fulton Ave,87,2203299,0.00394862431290533
Public Rack - Clark St & Diversey Pkwy (South),87,2203299,0.00394862431290533
Addison/Racine,87,2203299,0.00394862431290533
Central Ave & Roscoe St,87,2203299,0.00394862431290533
Commercial Ave & 130th St,87,2203299,0.00394862431290533
Albany Ave & 16th St,87,2203299,0.00394862431290533
Public Rack - Clark St & Diversey Pkwy (North 2),86,2203299,0.003903237826550096
Francisco Ave & 85th St,86,2203299,0.003903237826550096
California Ave & 36th St,86,2203299,0.003903237826550096
Columbus Ave & 79th St,86,2203299,0.003903237826550096
Kildare Ave & 47th St,86,2203299,0.003903237826550096
Harding Ave & Division St,85,2203299,0.003857851340194862
Public Rack - Karlov Ave & Milwaukee Ave,85,2203299,0.003857851340194862
Exchange Ave & 79th St,85,2203299,0.003857851340194862
Cottage Grove Ave & 83rd St,84,2203299,0.003812464853839629
Central Ave & Lake St,84,2203299,0.003812464853839629
Public Rack - St Clair St & Superior St,84,2203299,0.003812464853839629
Major Ave & Addison St,83,2203299,0.003767078367484395
Western Ave & 111th St,83,2203299,0.003767078367484395
Mason Ave & Grand Ave,83,2203299,0.003767078367484395
Kedzie Ave & Archer Ave,83,2203299,0.003767078367484395
Kedvale Ave & Peterson Ave,83,2203299,0.003767078367484395
Central Park Ave & Washington Blvd,82,2203299,0.0037216918811291614
Washington Blvd & Peoria St Public Rack,81,2203299,0.0036763053947739275
Glenwood Ave & Devon Ave,81,2203299,0.0036763053947739275
Lynch Ave & Elston Ave,81,2203299,0.0036763053947739275
Public Rack - Southport Ave & Fullteron Ave,81,2203299,0.0036763053947739275
Austin Blvd & Chicago Ave,80,2203299,0.003630918908418694
Kedzie Ave & Roosevelt Rd,80,2203299,0.003630918908418694
Halsted St & 69th St,79,2203299,0.00358553242206346
Ave L & 114th,79,2203299,0.00358553242206346
Central Ave & Wellington Ave,79,2203299,0.00358553242206346
Cottage Grove Ave & 49th St,79,2203299,0.00358553242206346
Ewing Ave & 106th St,79,2203299,0.00358553242206346
La Villita Park,78,2203299,0.003540145935708227
State St & 45th St,78,2203299,0.003540145935708227
Public Rack - Dearborn St & Kinzie St 2,78,2203299,0.003540145935708227
Mango Ave & North Ave,77,2203299,0.003494759449352993
State St & 54th St,77,2203299,0.003494759449352993
Whipple St & Irving Park Rd,76,2203299,0.0034493729629977593
Public Rack - Clark St & Diversey Pkwy (North 1),76,2203299,0.0034493729629977593
Central Ave & Parker Ave,75,2203299,0.0034039864766425253
Albany Ave & 26th St,75,2203299,0.0034039864766425253
Spaulding Ave & 16th St,75,2203299,0.0034039864766425253
Kenmore Ave & School St,75,2203299,0.0034039864766425253
Damen Ave & Coulter St,75,2203299,0.0034039864766425253
Public Rack - Hamlin Ave & Montrose Ave,74,2203299,0.003358599990287292
Lawndale Ave & 111th St,74,2203299,0.003358599990287292
Shields Ave & 43rd St,74,2203299,0.003358599990287292
Rockwell St & 47th St,74,2203299,0.003358599990287292
Public Rack - Wells St & Schiller St,74,2203299,0.003358599990287292
Public Rack - Hyde Park Blvd & 53rd St,73,2203299,0.003313213503932058
Public Rack - Harold Washington Park,73,2203299,0.003313213503932058
Halsted St & 73rd St,72,2203299,0.0032678270175768246
Lavergne Ave & Lawrence Ave,72,2203299,0.0032678270175768246
Sacramento Blvd & Fulton St,72,2203299,0.0032678270175768246
California Ave & Marquette Rd,72,2203299,0.0032678270175768246
Public Rack - Halsted St & Fullerton Ave,71,2203299,0.0032224405312215906
Augusta Blvd & Laramie Ave,71,2203299,0.0032224405312215906
Public Rack - Cicero Ave & Belle Plaine Ave,70,2203299,0.0031770540448663575
Kildare Ave & Archer Ave,70,2203299,0.0031770540448663575
Rainbow Beach,69,2203299,0.0031316675585111235
Ellis Ave & 83rd St,69,2203299,0.0031316675585111235
Dauphin Ave & 87th St,69,2203299,0.0031316675585111235
Damen Ave & 51st St,68,2203299,0.00308628107215589
Public Rack - Kimbark Ave & 67th St,68,2203299,0.00308628107215589
Homan Ave & Arthington Ave,68,2203299,0.00308628107215589
Public Rack - Kingsbury Ave & Eastman St,68,2203299,0.00308628107215589
Damen Ave & 87th St,68,2203299,0.00308628107215589
Public Rack - Rockwell & Division,67,2203299,0.0030408945858006564
Halsted St & 59th St,67,2203299,0.0030408945858006564
Western Ave & 104th St,65,2203299,0.002950121613090189
Kilpatrick Ave & Grand Ave,65,2203299,0.002950121613090189
Long Ave & Irving Park Rd,65,2203299,0.002950121613090189
Long Ave & Diversey Ave,65,2203299,0.002950121613090189
Public Rack - South Shore Dr & 71st St,64,2203299,0.0029047351267349553
Public Rack - Keystone Ave & Irving Park Rd,63,2203299,0.0028593486403797217
Central Ave & Chicago Ave,63,2203299,0.0028593486403797217
Vincennes Ave & 104th St,63,2203299,0.0028593486403797217
Nagle Ave & Belmont Ave,63,2203299,0.0028593486403797217
State St & Pershing Rd,63,2203299,0.0028593486403797217
Cottage Grove Ave & 47th St,63,2203299,0.0028593486403797217
Central Ave & Madison St,62,2203299,0.0028139621540244878
Lavergne Ave & 46th St,62,2203299,0.0028139621540244878
Public Rack - Wells St & Lake St,62,2203299,0.0028139621540244878
Wentworth Ave & 107th St,62,2203299,0.0028139621540244878
Central Park Blvd & 5th Ave,62,2203299,0.0028139621540244878
Lamon Ave & Armitage Ave,62,2203299,0.0028139621540244878
Menard Ave & Milwaukee Ave,62,2203299,0.0028139621540244878
Phillips Ave & 79th St,62,2203299,0.0028139621540244878
Harlem Ave & Bloomingdale Ave,61,2203299,0.002768575667669254
Kedzie Ave & Jackson Blvd,61,2203299,0.002768575667669254
Public Rack - Sangamon St & Fulton St,61,2203299,0.002768575667669254
Western Ave & 79th St,60,2203299,0.0027231891813140206
Kedzie Ave & Harrison St,60,2203299,0.0027231891813140206
Public Rack - Spaulding Ave & North Ave,60,2203299,0.0027231891813140206
Burnham Greenway & 105th St,60,2203299,0.0027231891813140206
Public Rack - Racine Ave & Armitage Ave,60,2203299,0.0027231891813140206
Washtenaw Ave & Peterson Ave,60,2203299,0.0027231891813140206
Halsted St & 93rd St,60,2203299,0.0027231891813140206
Kedzie Ave & 45th St,60,2203299,0.0027231891813140206
Eggleston Ave & 111th St,59,2203299,0.002677802694958787
Maplewood Ave & 59th St,59,2203299,0.002677802694958787
Orange Ave & Addison St,59,2203299,0.002677802694958787
Kedzie Ave & 38th Pl,59,2203299,0.002677802694958787
Ashland Ave & 74th St,59,2203299,0.002677802694958787
Kedzie Ave & 83rd St,58,2203299,0.002632416208603553
Newcastle Ave & Irving Park Rd,58,2203299,0.002632416208603553
Kenneth Ave & 50th St,58,2203299,0.002632416208603553
California Ave & 26th St,58,2203299,0.002632416208603553
Baltimore Ave & 133rd St,58,2203299,0.002632416208603553
Dauphin Ave & 103rd St,58,2203299,0.002632416208603553
Public Rack - Wacker Dr & Adams St,58,2203299,0.002632416208603553
Mulligan Ave & Archer Ave,58,2203299,0.002632416208603553
Meade Ave & Addison St,57,2203299,0.0025870297222483195
Cottage Grove Ave & 111th Pl,57,2203299,0.0025870297222483195
Wellington Ave & Mulligan Ave,57,2203299,0.0025870297222483195
Clyde Ave & 87th St,57,2203299,0.0025870297222483195
Leamington Ave & Hirsch St,56,2203299,0.002541643235893086
Overhill Ave & Belmont Ave,56,2203299,0.002541643235893086
Cottage Grove Ave & 71st St,56,2203299,0.002541643235893086
Harding Ave & 26th St,56,2203299,0.002541643235893086
Racine Ave & Garfield Blvd,56,2203299,0.002541643235893086
Public Rack - Emerald Ave & 43rd St,56,2203299,0.002541643235893086
Torrence Ave & 126th Pl,55,2203299,0.002496256749537852
Kildare Ave & Chicago Ave,55,2203299,0.002496256749537852
Central Park & Augusta Blvd,55,2203299,0.002496256749537852
Public Rack - Carpenter St & Madison St,54,2203299,0.0024508702631826185
Oketo Ave & Addison St,54,2203299,0.0024508702631826185
California Ave & 71st St,54,2203299,0.0024508702631826185
Kildare Ave & 55th St,53,2203299,0.002405483776827385
Eggleston Ave & 69th St,53,2203299,0.002405483776827385
Kildare Ave & Division St,53,2203299,0.002405483776827385
Kostner Ave & Lake St,53,2203299,0.002405483776827385
Halsted St & 104th St,53,2203299,0.002405483776827385
Archer Ave & 43rd St,53,2203299,0.002405483776827385
Larrabee St & Chicago Ave,52,2203299,0.0023600972904721513
Lavergne Ave & Division St,52,2203299,0.0023600972904721513
Komensky Ave & 55th St,52,2203299,0.0023600972904721513
Houston Ave & 92nd St,52,2203299,0.0023600972904721513
Damen Ave & 59th St,52,2203299,0.0023600972904721513
21st St & Pulaski Rd,52,2203299,0.0023600972904721513
Wabash Ave & 49th St,52,2203299,0.0023600972904721513
Meade Ave & Diversey Ave,52,2203299,0.0023600972904721513
Kedzie Ave & Redfield Dr,51,2203299,0.0023147108041169174
Public Rack - Southport Ave & Webster Ave,51,2203299,0.0023147108041169174
Public Rack - Nashotah & Northwest Hwy,51,2203299,0.0023147108041169174
Clark/Racine,51,2203299,0.0023147108041169174
Princeton Ave & 95th St,50,2203299,0.002269324317761684
Jeffery Blvd & 76th St,50,2203299,0.002269324317761684
Knox Ave & Marquette Ave,50,2203299,0.002269324317761684
Bernard St & Peterson Ave,50,2203299,0.002269324317761684
Michigan Ave & 105th St,50,2203299,0.002269324317761684
Public Rack - Dearborn St & Superior St,49,2203299,0.0022239378314064502
Public Rack - Ogden Ave & Monroe St,48,2203299,0.0021785513450512167
Long Ave & Belden Ave,48,2203299,0.0021785513450512167
Calumet Ave & 71st St,48,2203299,0.0021785513450512167
Ping Tom Park East Public Rack,48,2203299,0.0021785513450512167
Mozart St & 79th St,48,2203299,0.0021785513450512167
Public Rack - Springfield Ave & Lawrence Ave,48,2203299,0.0021785513450512167
Doty Ave & 111th St,48,2203299,0.0021785513450512167
Komensky Ave & 47th St,48,2203299,0.0021785513450512167
East End Ave & 87th St,48,2203299,0.0021785513450512167
Public Rack - Dearborn St & Jackson Ave,47,2203299,0.0021331648586959827
Cicero Ave & Quincy St,47,2203299,0.0021331648586959827
Public Rack - Wabash Ave & Balbo Dr,47,2203299,0.0021331648586959827
Halsted St & 119th St,47,2203299,0.0021331648586959827
Long Ave & North Ave,47,2203299,0.0021331648586959827
Sacramento Ave & 25th St,46,2203299,0.002087778372340749
Homan Ave & Fillmore St,46,2203299,0.002087778372340749
Oglesby Ave & 100th St,46,2203299,0.002087778372340749
Baltimore Ave & 87th St,46,2203299,0.002087778372340749
Lawndale Ave & 16th St,46,2203299,0.002087778372340749
Grace/Sheffield,46,2203299,0.002087778372340749
Elizabeth St & 47th St,46,2203299,0.002087778372340749
Yates Blvd & 75th St,46,2203299,0.002087778372340749
Francisco Ave & Hollywood Ave,46,2203299,0.002087778372340749
Le Mai Ave & Devon Ave,45,2203299,0.0020423918859855156
Public Rack - Ashland Orange Line CTA,45,2203299,0.0020423918859855156
Central Ave & Harrison St,45,2203299,0.0020423918859855156
Panama Ave & Grace St,45,2203299,0.0020423918859855156
Kilbourn Ave & 49th St,45,2203299,0.0020423918859855156
Greenwood Ave & 79th St,45,2203299,0.0020423918859855156
Artesian Ave & 55th St,44,2203299,0.0019970053996302816
Menard Ave & North Ave,44,2203299,0.0019970053996302816
Public Rack - Wells St & Wacker Dr,44,2203299,0.0019970053996302816
Phillips Ave & 83rd St,44,2203299,0.0019970053996302816
Hastings LWS,44,2203299,0.0019970053996302816
Harding Ave & Chicago Ave,43,2203299,0.001951618913275048
Public Rack - Jensen Park,43,2203299,0.001951618913275048
Milwaukee & Fullerton,43,2203299,0.001951618913275048
Archer Ave & Homan Ave,43,2203299,0.001951618913275048
Public Rack - Champlain Ave & 65th St,43,2203299,0.001951618913275048
Vincennes Ave & 95th St,43,2203299,0.001951618913275048
Central Park Ave & Douglas Blvd,43,2203299,0.001951618913275048
Lawndale Ave & 59th St,43,2203299,0.001951618913275048
Public Rack - Western Ave & Devon Ave,42,2203299,0.0019062324269198145
Public Rack - Leamington & Elston,42,2203299,0.0019062324269198145
Public Rack - Rockwell St & Chicago Ave,42,2203299,0.0019062324269198145
Lamon Ave & Chicago Ave,42,2203299,0.0019062324269198145
Mango Ave & Diversey Ave,42,2203299,0.0019062324269198145
Kedzie Ave & 110th St,42,2203299,0.0019062324269198145
Harlem Ave & Grace St,42,2203299,0.0019062324269198145
Ashland Ave & 63rd St,42,2203299,0.0019062324269198145
Yates Blvd & 93rd St,41,2203299,0.0018608459405645807
Springfield Ave & 47th St,41,2203299,0.0018608459405645807
Martin Luther King Dr & 111th St,41,2203299,0.0018608459405645807
Pulaski Rd & 75th St,41,2203299,0.0018608459405645807
Throop St & 99th St,41,2203299,0.0018608459405645807
Public Rack - Lowell Ave & Elston Ave,40,2203299,0.001815459454209347
Komensky Ave & 31st St,40,2203299,0.001815459454209347
Cottage Grove Ave & 78th St,40,2203299,0.001815459454209347
Public Rack - Lawndale Ave & Diversey Ave,40,2203299,0.001815459454209347
Spaulding Ave & 63rd,40,2203299,0.001815459454209347
Aberdeen St & 103rd St,39,2203299,0.0017700729678541134
Public Rack - Desplaines St & Fulton St,39,2203299,0.0017700729678541134
California Ave & 16th St,39,2203299,0.0017700729678541134
Cicero Ave & Wellington Ave,39,2203299,0.0017700729678541134
Burley Ave & 85th St,39,2203299,0.0017700729678541134
Vincennes Ave & 79th St,39,2203299,0.0017700729678541134
Public Rack - Kimball Ave & Lawrence Ave,39,2203299,0.0017700729678541134
Commercial Ave & 83rd St,39,2203299,0.0017700729678541134
Homewood Ave & 115th St,39,2203299,0.0017700729678541134
Damen Ave & 77th St,38,2203299,0.0017246864814988796
Martin Luther King Dr & 87th St,38,2203299,0.0017246864814988796
Public Rack - Orleans St & Grand Ave,38,2203299,0.0017246864814988796
Monitor Ave & Division St,38,2203299,0.0017246864814988796
Public Rack - Leavitt St & Potomac Ave,38,2203299,0.0017246864814988796
Eggleston Ave & 92nd St,38,2203299,0.0017246864814988796
Hamlin Ave & 62nd Pl,38,2203299,0.0017246864814988796
Parnell Ave & 127th St,38,2203299,0.0017246864814988796
Seeley Ave & Garfield Blvd,37,2203299,0.001679299995143646
Springfield Ave & 80th St,37,2203299,0.001679299995143646
Artesian Ave & Marquette Rd,37,2203299,0.001679299995143646
Ashland Ave & Garfield Blvd,37,2203299,0.001679299995143646
Commercial Ave & 90th St,37,2203299,0.001679299995143646
Public Rack - Wells St & Monroe St,37,2203299,0.001679299995143646
Halsted St & 56th St,37,2203299,0.001679299995143646
Central Park Ave & Augusta Blvd,37,2203299,0.001679299995143646
Stony Island Ave & 82nd St,37,2203299,0.001679299995143646
Vernon Ave & 107th St,37,2203299,0.001679299995143646
Public Rack - Oakley Blvd & Grand Ave,36,2203299,0.0016339135087884123
Eberhart Ave & 91st St,36,2203299,0.0016339135087884123
Public Rack - Western Blvd & 49th St,36,2203299,0.0016339135087884123
Whipple St & Roosevelt Rd,36,2203299,0.0016339135087884123
Homan Ave & 77th St,36,2203299,0.0016339135087884123
Public Rack - Damen Ave & Division St,36,2203299,0.0016339135087884123
Wentworth Ave & 92nd St,36,2203299,0.0016339135087884123
Olive Harvey College,36,2203299,0.0016339135087884123
Public Rack - Clybourn Ave & Dickens Ave,36,2203299,0.0016339135087884123
Kedzie Ave & 104th St,35,2203299,0.0015885270224331787
Public Rack - Halsted St Metra Station,35,2203299,0.0015885270224331787
St Louis Ave & 51st St,35,2203299,0.0015885270224331787
Public Rack - Keating & Peterson,35,2203299,0.0015885270224331787
St. Louis & 71st St,35,2203299,0.0015885270224331787
Laramie Ave & Madison St,35,2203299,0.0015885270224331787
Oriole Ave & Irving Park Rd,35,2203299,0.0015885270224331787
Cicero Ave & Flournoy St,35,2203299,0.0015885270224331787
Hamilton Park,35,2203299,0.0015885270224331787
Kenmore Ave & Catalpa Ave,35,2203299,0.0015885270224331787
Narragansett Ave & School St,34,2203299,0.001543140536077945
Scottsdale Park,34,2203299,0.001543140536077945
Public Rack - Washtenaw Ave & Devon Ave,34,2203299,0.001543140536077945
Troy St & Jackson Blvd,34,2203299,0.001543140536077945
Burley Ave & 91st St,34,2203299,0.001543140536077945
Oak Park & Wellington,34,2203299,0.001543140536077945
Public Rack - Prairie Ave & 47th St ,34,2203299,0.001543140536077945
Major Taylor Trail & 111th St,34,2203299,0.001543140536077945
Oconto Ave & Belmont Ave,34,2203299,0.001543140536077945
Mayfield Ave & Roosevelt Rd,34,2203299,0.001543140536077945
Pulaski Rd & Ann Lurie Pl,34,2203299,0.001543140536077945
W 103rd St & S Avers Ave,34,2203299,0.001543140536077945
Halsted St & 83rd St,34,2203299,0.001543140536077945
Tripp Ave & 15th St,34,2203299,0.001543140536077945
Halsted St & 111th St,34,2203299,0.001543140536077945
Archer Ave & 49th St,34,2203299,0.001543140536077945
Public Rack - Wabash Ave & Chicago Ave,34,2203299,0.001543140536077945
Eggleston Ave & 115th St,34,2203299,0.001543140536077945
Ewing Ave & 97th St,33,2203299,0.0014977540497227114
Kenton Ave & Madison St,33,2203299,0.0014977540497227114
Ashland Ave & 66th St,33,2203299,0.0014977540497227114
Stewart Ave & 63rd St,33,2203299,0.0014977540497227114
Public Rack - Avondale Ave & Addison St,33,2203299,0.0014977540497227114
Major Taylor Trail & 115th St,33,2203299,0.0014977540497227114
Kedzie Ave & 66th Pl,33,2203299,0.0014977540497227114
Throop St & 52nd St,33,2203299,0.0014977540497227114
Kildare Ave & 26th St,33,2203299,0.0014977540497227114
Public Rack - Kostner Ave & Armitage Ave,33,2203299,0.0014977540497227114
Lake/Green Corral,32,2203299,0.0014523675633674776
Bradley Park,32,2203299,0.0014523675633674776
Ewing Ave & 98th St,32,2203299,0.0014523675633674776
Ewing Ave & Burnham Greenway,32,2203299,0.0014523675633674776
Public Rack - Avers Ave & Irving Park Rd,32,2203299,0.0014523675633674776
Stewart Ave & 83rd St,32,2203299,0.0014523675633674776
Major Ave & Bloomingdale Ave,32,2203299,0.0014523675633674776
Halsted St & 96th St,32,2203299,0.0014523675633674776
Public Rack - Wells St & Grand Ave,32,2203299,0.0014523675633674776
Hegewisch Metra Station,31,2203299,0.0014069810770122439
Public Rack - Trader Joe's Clybourn Ave,31,2203299,0.0014069810770122439
Racine Ave & 115th St,31,2203299,0.0014069810770122439
Lamon Ave & 47th St,31,2203299,0.0014069810770122439
Public Rack - Burling Ave & Armitage Ave,31,2203299,0.0014069810770122439
Richmond St & 59th St,31,2203299,0.0014069810770122439
Public Rack - Irving Park Rd & Leclaire Ave,31,2203299,0.0014069810770122439
Public Rack - Hoyne Ave & Walton St,31,2203299,0.0014069810770122439
Indiana Ave & 103rd St,31,2203299,0.0014069810770122439
Public Rack - DuSable Lake Shore Dr & Ontario St,31,2203299,0.0014069810770122439
South Chicago Ave & 83rd St,30,2203299,0.0013615945906570103
Avenue O & 118th St,30,2203299,0.0013615945906570103
Tripp Ave & 31st St,30,2203299,0.0013615945906570103
Michigan Ave & 71st St,30,2203299,0.0013615945906570103
Racine Ave & 65th St,30,2203299,0.0013615945906570103
Public Rack - Wells St & Ontario St,30,2203299,0.0013615945906570103
Laflin St & 115th St,30,2203299,0.0013615945906570103
Greenwood Ave & 97th St,30,2203299,0.0013615945906570103
Loomis Blvd & 84th St,30,2203299,0.0013615945906570103
Halsted St & 78th St,30,2203299,0.0013615945906570103
Sacramento Ave & 51st St,29,2203299,0.0013162081043017766
Vernon Ave & 79th St,29,2203299,0.0013162081043017766
Public Rack - Milwaukee Ave & Higgins Ave,29,2203299,0.0013162081043017766
Woodlawn & 103rd,29,2203299,0.0013162081043017766
Vernon Ave & 75th St,29,2203299,0.0013162081043017766
Wood St & 84th St,28,2203299,0.001270821617946543
Avenue O & 134th St,28,2203299,0.001270821617946543
Public Rack - Morgan St & Madison St,28,2203299,0.001270821617946543
Pulaski Rd & 84th St,28,2203299,0.001270821617946543
Stony Island Ave & 90th St,28,2203299,0.001270821617946543
Loomis St & 95th St,28,2203299,0.001270821617946543
Public Rack - Clark St & Oak St,28,2203299,0.001270821617946543
Public Rack - St Clair St & Ontario St,28,2203299,0.001270821617946543
Public Rack - Loomis St & Eleanor St,27,2203299,0.0012254351315913092
Public Rack - Eberhart Ave & 61st St,27,2203299,0.0012254351315913092
Karlov Ave & Madison St,27,2203299,0.0012254351315913092
Troy Ave & 27th St,27,2203299,0.0012254351315913092
Mozart St & 55th St,27,2203299,0.0012254351315913092
Rockwell St & 63rd St,27,2203299,0.0012254351315913092
Public Rack - Karlov Ave & Kamerling Ave,27,2203299,0.0012254351315913092
[Archived] Wilton Ave & Diversey Pkwy,27,2203299,0.0012254351315913092
Artesian Ave & 71st St,27,2203299,0.0012254351315913092
Public Rack - Drake Ave & Leland Ave,27,2203299,0.0012254351315913092
State St & 127th St,27,2203299,0.0012254351315913092
Public Rack - Lafayette Ave & 95th St,26,2203299,0.0011800486452360757
Ashland Ave & 78th St,26,2203299,0.0011800486452360757
Pulaski Rd & 68th St,26,2203299,0.0011800486452360757
Public Rack - Milwaukee Ave & Kennedy Expy,26,2203299,0.0011800486452360757
Woodlawn Ave & 75th St,26,2203299,0.0011800486452360757
Franklin St & Monroe St Corral,26,2203299,0.0011800486452360757
St. Louis Ave & 59th St,26,2203299,0.0011800486452360757
Vincennes Ave & 75th St,25,2203299,0.001134662158880842
Avers Ave & 16th St,25,2203299,0.001134662158880842
Springfield Ave & 71st St,25,2203299,0.001134662158880842
Bennett Ave & 79th St,25,2203299,0.001134662158880842
State St & 76th St,25,2203299,0.001134662158880842
Public Rack - Nagel & Higgins,25,2203299,0.001134662158880842
South Chicago Ave & Elliot Ave,25,2203299,0.001134662158880842
Roscoe & Harlem,25,2203299,0.001134662158880842
May St & 69th St,24,2203299,0.0010892756725256083
Public Rack - California Ave & Ogden Ave,24,2203299,0.0010892756725256083
Public Rack - Milwaukee Ave & School St,24,2203299,0.0010892756725256083
State St & 111th St,24,2203299,0.0010892756725256083
Public Rack - Garfield Park Conservatory,24,2203299,0.0010892756725256083
Halsted St & 123rd St,24,2203299,0.0010892756725256083
Public Rack - Lake Shore Dr & Hayes Dr,24,2203299,0.0010892756725256083
Public Rack - Sheffield Ave & Dickens Ave,23,2203299,0.0010438891861703746
St Louis Ave & 59th St,23,2203299,0.0010438891861703746
Michigan Ave & 108th St,23,2203299,0.0010438891861703746
Public Rack - Mango & Higgins,23,2203299,0.0010438891861703746
S Michigan Ave & E 118th St,23,2203299,0.0010438891861703746
Columbus Ave & 83rd Pl,23,2203299,0.0010438891861703746
Public Rack - Wacker Dr & Madison St (East),23,2203299,0.0010438891861703746
Granville Ave & Pulaski Rd,23,2203299,0.0010438891861703746
Damen Ave & 74th St,23,2203299,0.0010438891861703746
Public Rack - Minuteman Park,22,2203299,0.0009985026998151408
Public Rack - Forest Glen Station ,22,2203299,0.0009985026998151408
Parkside Ave & Armitage Ave,22,2203299,0.0009985026998151408
Public Rack - Langley Ave & Oakwood Blvd,22,2203299,0.0009985026998151408
Greenwood Ave & 91st St,22,2203299,0.0009985026998151408
Central Park Ave & 66th St,22,2203299,0.0009985026998151408
Constance Ave & 95th St,22,2203299,0.0009985026998151408
State St & 123rd St,22,2203299,0.0009985026998151408
Karlov Ave & Fillmore St,22,2203299,0.0009985026998151408
Public Rack - Sawyer Ave & Bryn Mawr Ave - SE,21,2203299,0.0009531162134599072
North Ave & New England Ave,21,2203299,0.0009531162134599072
Torrence Ave & 106th St,21,2203299,0.0009531162134599072
Racine Ave & 57th St,21,2203299,0.0009531162134599072
Monitor Ave & Fullerton Ave,21,2203299,0.0009531162134599072
Altgeld Gardens,21,2203299,0.0009531162134599072
Public Rack - Wacker Dr & Madison St (West),21,2203299,0.0009531162134599072
Michigan Ave & 114th St,21,2203299,0.0009531162134599072
Paulina Ave & 87th St,21,2203299,0.0009531162134599072
Elizabeth St & 92nd St,21,2203299,0.0009531162134599072
Public Rack - Milwaukee Ave & Culyer Ave,20,2203299,0.0009077297271046735
Sacramento Blvd & Polk St,20,2203299,0.0009077297271046735
Public Rack - Peterson Park,20,2203299,0.0009077297271046735
Commercial Ave & 100th St,20,2203299,0.0009077297271046735
Stony Island Ave & South Chicago Ave,20,2203299,0.0009077297271046735
Public Rack - Kenton Ave & Palmer St,20,2203299,0.0009077297271046735
Pulaski Rd & 60th Pl,20,2203299,0.0009077297271046735
Public Rack - Washington Park Ct & 51st St,19,2203299,0.0008623432407494398
Public Rack - Laramine Ave & Winnemac Ave,19,2203299,0.0008623432407494398
Homan Ave & 65th St,19,2203299,0.0008623432407494398
Pulaski Rd & 60th St,19,2203299,0.0008623432407494398
Public Rack - Menard Ave & Dakin St - midblock,19,2203299,0.0008623432407494398
Oak Park Ave & Wellington Ave,19,2203299,0.0008623432407494398
Public Rack - Richard Daley College,19,2203299,0.0008623432407494398
Public Rack - St Louis Ave & Berteau Ave,19,2203299,0.0008623432407494398
Public Rack - Central Ave & Lawrence Ave,19,2203299,0.0008623432407494398
Mango Ave & Grand Ave,19,2203299,0.0008623432407494398
St. Louis Ave & 71st St,19,2203299,0.0008623432407494398
Kildare & Cermak,19,2203299,0.0008623432407494398
Public Rack - Rockwell Ave & Touhy Ave ,18,2203299,0.0008169567543942062
Kedzie Ave & 73rd St,18,2203299,0.0008169567543942062
Public Rack - Kedvale Ave & 63rd St W,18,2203299,0.0008169567543942062
Latrobe Ave & Chicago Ave,18,2203299,0.0008169567543942062
Evans Ave & 75th St,18,2203299,0.0008169567543942062
Public Rack - Kenneth & Carmen,18,2203299,0.0008169567543942062
Public Rack - Olmstead Ave & Oliphant Ave,18,2203299,0.0008169567543942062
Indiana Ave & 133rd St,18,2203299,0.0008169567543942062
Public Rack - Walden Pkwy & 103rd St,18,2203299,0.0008169567543942062
Public Rack - Centennial Park North,18,2203299,0.0008169567543942062
Front Ave & 115th St,17,2203299,0.0007715702680389725
Public Rack - Orleans St & Ontario St,17,2203299,0.0007715702680389725
Public Rack - Bryn Mawr Ave & Spaulding Ave,17,2203299,0.0007715702680389725
Public Rack - Norwood Park Station ,17,2203299,0.0007715702680389725
Public Rack - Clifton Ave & Webster Ave,17,2203299,0.0007715702680389725
Public Rack - Tripp Ave & North Ave,17,2203299,0.0007715702680389725
Steelworkers Park (Updated),17,2203299,0.0007715702680389725
Harding Ave & 31st St,17,2203299,0.0007715702680389725
Public Rack - Sheffield Ave & Belden Ave,17,2203299,0.0007715702680389725
Public Rack - Hiawatha & Mendota,17,2203299,0.0007715702680389725
Public Rack - Avers & Lawrence,17,2203299,0.0007715702680389725
Manistee Ave & 95th St,17,2203299,0.0007715702680389725
Kildare Ave & 85th St (Kostner Ave & 87th St TEMPORARY),16,2203299,0.0007261837816837388
Public Rack - Western Ave & Chicago Ave,16,2203299,0.0007261837816837388
Public Rack - Pulaski Rd & 44th St,16,2203299,0.0007261837816837388
Public Rack - Jeffery Blvd & 67th St,16,2203299,0.0007261837816837388
Public Rack - Kenmore Ave & Armitage Ave,16,2203299,0.0007261837816837388
Public Rack - Lawrence Ave & Kimball Ave,16,2203299,0.0007261837816837388
Public Rack - Sacramento Ave & Devon Ave,16,2203299,0.0007261837816837388
Western Ave & 62nd St,16,2203299,0.0007261837816837388
Public Rack - Woodlawn Ave & 63rd St S,16,2203299,0.0007261837816837388
Fullerton & Monitor,16,2203299,0.0007261837816837388
Lavergne Ave & Archer Ave,16,2203299,0.0007261837816837388
Public Rack - 532 E 43rd St,16,2203299,0.0007261837816837388
Public Rack - Pulaski Rd & Lake St,16,2203299,0.0007261837816837388
Public Rack - Keystone Ave & North Ave,16,2203299,0.0007261837816837388
Public Rack - Hoyne Ave & Grand Ave,16,2203299,0.0007261837816837388
New England Ave & North Ave,15,2203299,0.0006807972953285052
Public Rack - Touhy Ave & Oconto Ave,15,2203299,0.0006807972953285052
Public Rack - Hollywood Park,15,2203299,0.0006807972953285052
Public Rack - Kimball Ave & Carmen Ave,15,2203299,0.0006807972953285052
Public Rack - Kedzie Ave & Chicago Ave,15,2203299,0.0006807972953285052
Public Rack - Oak Park & Higgins,15,2203299,0.0006807972953285052
Public Rack - Greenwood Ave & Lake Park Ave,15,2203299,0.0006807972953285052
MLK Jr Dr & 83rd St,15,2203299,0.0006807972953285052
Public Rack - Campbell Ave & Pratt Blvd,15,2203299,0.0006807972953285052
S Aberdeen St & W 106th St,15,2203299,0.0006807972953285052
Steelworkers Park Public Rack,15,2203299,0.0006807972953285052
Public Rack - Austin Blvd & North Ave,15,2203299,0.0006807972953285052
Marquette Ave & 89th St,15,2203299,0.0006807972953285052
Public Rack - Milwaukee Ave & Addison St,15,2203299,0.0006807972953285052
Addison Red Line Corral,14,2203299,0.0006354108089732715
Public Rack - Homan Ave & Lake St,14,2203299,0.0006354108089732715
Public Rack - Bernard St & Foster Ave,14,2203299,0.0006354108089732715
Public Rack - Milwaukee Ave & Lawrence Ave,14,2203299,0.0006354108089732715
Troy St & 27th St,14,2203299,0.0006354108089732715
Public Rack - Prairie Ave & Garfield Blvd N,14,2203299,0.0006354108089732715
Public Rack - Clifton Ave & Armitage Ave,14,2203299,0.0006354108089732715
Loomis St & 89th St,14,2203299,0.0006354108089732715
Laramie Ave & Gladys Ave,13,2203299,0.0005900243226180378
Public Rack - Lockwood & Archer,13,2203299,0.0005900243226180378
Public Rack - Lotus Ave & Lawrence Ave,13,2203299,0.0005900243226180378
Lavergne Ave & 44th St,13,2203299,0.0005900243226180378
Public Rack - Langley Ave & 49th St,13,2203299,0.0005900243226180378
Public Rack - Western Ave & 92nd Pl,13,2203299,0.0005900243226180378
Public Rack - Milwaukee Ave & Warner Ave,13,2203299,0.0005900243226180378
Public Rack - Justine St & 87th St,13,2203299,0.0005900243226180378
MLK Dr & 111th St,13,2203299,0.0005900243226180378
California Ave & 29th St,13,2203299,0.0005900243226180378
Hastings St Depot Public Rack,13,2203299,0.0005900243226180378
Public Rack - Pulaski Rd & Fullerton Ave,13,2203299,0.0005900243226180378
Marshfield Ave & 59th St,12,2203299,0.0005446378362628042
Michigan Ave & 113th St,12,2203299,0.0005446378362628042
Public Rack - Central Park & Peterson,12,2203299,0.0005446378362628042
Damen Ave & 33rd St,12,2203299,0.0005446378362628042
Public Rack - Western Ave & Jarvis Ave,12,2203299,0.0005446378362628042
Public Rack - Lavergne Ave & Belle Plaine Ave,12,2203299,0.0005446378362628042
Avers Ave & 103rd St,12,2203299,0.0005446378362628042
Major Taylor Trail & 124th St,12,2203299,0.0005446378362628042
S Wentworth Ave & W 111th St,12,2203299,0.0005446378362628042
Western Ave & 81st St,12,2203299,0.0005446378362628042
Public Rack - Kimball & Ardmore,12,2203299,0.0005446378362628042
Public Rack - Western Ave & 100th St,12,2203299,0.0005446378362628042
Rhodes Ave & 71st St,12,2203299,0.0005446378362628042
Public Rack - Trumbull Ave & 111th St,12,2203299,0.0005446378362628042
Public Rack - Mozart Elementary School,12,2203299,0.0005446378362628042
Public Rack - Overhill Ave & Touhy Ave,12,2203299,0.0005446378362628042
Eberhart Ave & 131st St,11,2203299,0.0004992513499075704
Wabash Ave & 83rd St,11,2203299,0.0004992513499075704
Public Rack - Evans Ave & 63rd St,11,2203299,0.0004992513499075704
Public Rack - Delphina & Foster,11,2203299,0.0004992513499075704
Laramie Ave & Augusta Blvd,11,2203299,0.0004992513499075704
Public Rack - Central & Prescott,11,2203299,0.0004992513499075704
Public Rack - Christiana & Lincoln,11,2203299,0.0004992513499075704
Public Rack - Mulligan & Northwest Hwy,11,2203299,0.0004992513499075704
Public Rack - Oak Park Ave & Foster Ave,11,2203299,0.0004992513499075704
Public Rack - Christiana Ave & 55th St,11,2203299,0.0004992513499075704
Public Rack - Maplewood Ave & Chicago Ave,11,2203299,0.0004992513499075704
Cottage Grove Ave & 107th St,11,2203299,0.0004992513499075704
Public Rack - Kostner Ave & North Ave,11,2203299,0.0004992513499075704
Lake/Morgan Corral,11,2203299,0.0004992513499075704
Public Rack - Centennial Park South,11,2203299,0.0004992513499075704
Public Rack - Ewing Ave & 107th St,11,2203299,0.0004992513499075704
Public Rack - Milwaukee Ave & Leland Ave,11,2203299,0.0004992513499075704
Harlem Ave & Roscoe St,11,2203299,0.0004992513499075704
Public Rack - Mont Clare Ave & Higgins Ave,10,2203299,0.00045386486355233674
Public Rack - Milwaukee Ave & Sunnyside Ave,10,2203299,0.00045386486355233674
Ada St & 113th Pl,10,2203299,0.00045386486355233674
Public Rack - Sawyer Ave & Lawrence Ave,10,2203299,0.00045386486355233674
Public Rack - Linder Ave & 64th Pl,10,2203299,0.00045386486355233674
Public Rack - Milwaukee Ave & Pensacola Ave,10,2203299,0.00045386486355233674
Public Rack - Orleans St & Chicago Ave,10,2203299,0.00045386486355233674
Public Rack - Cicero & 64th,10,2203299,0.00045386486355233674
Public Rack - Irving Park Rd & Menard Ave,10,2203299,0.00045386486355233674
Public Rack - S. Kilpatrick and W. 79th,10,2203299,0.00045386486355233674
Public Rack - Houston Ave & 91st St,10,2203299,0.00045386486355233674
Ave H & 110th St,10,2203299,0.00045386486355233674
Public Rack - Pulaski Rd & Armitage Ave,10,2203299,0.00045386486355233674
Public Rack - Trebes Park,10,2203299,0.00045386486355233674
Public Rack - Monticello & Lawrence,10,2203299,0.00045386486355233674
N Whipple St & Irving Park Rd,10,2203299,0.00045386486355233674
Commercial Ave & 97th St,10,2203299,0.00045386486355233674
Racine Ave & 61st St,10,2203299,0.00045386486355233674
Summit Ave & 86th St,10,2203299,0.00045386486355233674
Public Rack - State ST & 42nd St,10,2203299,0.00045386486355233674
Shields Ave & 57th St,10,2203299,0.00045386486355233674
Public Rack - Emerald Ave & 45th St,10,2203299,0.00045386486355233674
Public Rack - Calumet Ave & 51st St,10,2203299,0.00045386486355233674
Public Rack - Fullerton Ave & Narragansett Ave,10,2203299,0.00045386486355233674
Public Rack - Avers Ave & Ogden Ave,9,2203299,0.0004084783771971031
Public Rack - Wilbur Wright College South,9,2203299,0.0004084783771971031
Wentworth Ave & 111th St,9,2203299,0.0004084783771971031
Public Rack - Jeffrey Blvd & 71st St,9,2203299,0.0004084783771971031
Public Rack - Laramie Ave & Belmont Ave,9,2203299,0.0004084783771971031
Hubbard St Depot Public Rack,9,2203299,0.0004084783771971031
Public Rack - Ford City Mall,9,2203299,0.0004084783771971031
Public Rack - Linder & Elston,9,2203299,0.0004084783771971031
Hastings St Depot LWS,9,2203299,0.0004084783771971031
Kostner Ave & Adams St,9,2203299,0.0004084783771971031
Public Rack - Natoma Ave & 61st St,9,2203299,0.0004084783771971031
Public Rack - Pulaski & Ardmore,9,2203299,0.0004084783771971031
Public Rack - Central Park Ave & Fulton Blvd,8,2203299,0.0003630918908418694
Wentworth Ave & 104th St,8,2203299,0.0003630918908418694
Public Rack - Melvina & Foster,8,2203299,0.0003630918908418694
Lake/Aberdeen Corral,8,2203299,0.0003630918908418694
Public Rack - Narragansett Ave & Fullerton Ave,8,2203299,0.0003630918908418694
Public Rack - Melvina Ave & Belmont Ave,8,2203299,0.0003630918908418694
Michigan Ave & 118th St,8,2203299,0.0003630918908418694
Public Rack - Central Ave & Pensacola Ave,8,2203299,0.0003630918908418694
Public Rack - Lighthouse Beach,8,2203299,0.0003630918908418694
Public Rack - California Ave & Pershing Rd,8,2203299,0.0003630918908418694
Green St & 86th St,8,2203299,0.0003630918908418694
Public Rack - Chappel Ave & 71st St,8,2203299,0.0003630918908418694
Lake/Sangamon Corral,8,2203299,0.0003630918908418694
Public Rack - Irving Park Rd & Parkside Ave,7,2203299,0.00031770540448663575
Public Rack - Northwest Hwy & Neva Ave,7,2203299,0.00031770540448663575
Racine/Lake Corral,7,2203299,0.00031770540448663575
Public Rack - Rutherford Ave & Belmont Ave,7,2203299,0.00031770540448663575
Public Rack - Oketo & Talcott,7,2203299,0.00031770540448663575
Public Rack - Ewing Ave & Indianapolis Ave,7,2203299,0.00031770540448663575
Public Rack - Whipple St & 63rd St,7,2203299,0.00031770540448663575
Carpenter St & 63rd St,7,2203299,0.00031770540448663575
Public Rack - Central Ave & Corcoran Pl,7,2203299,0.00031770540448663575
Public Rack - Pullman - Walmart,7,2203299,0.00031770540448663575
Sacramento Ave & Polk St,7,2203299,0.00031770540448663575
Public Rack - South Boulevard Beach,7,2203299,0.00031770540448663575
Public Rack - Natoma Ave & Bryn Mawr Ave,7,2203299,0.00031770540448663575
Public Rack - Cicero Ave & North Ave,7,2203299,0.00031770540448663575
Public Rack - Imlay & Milwaukee,7,2203299,0.00031770540448663575
Public Rack - Chase Ave & Touhy Ave - NE,7,2203299,0.00031770540448663575
Public Rack - Spaulding Ave & Bryn Mawr Ave,7,2203299,0.00031770540448663575
Public Rack - Princeton Ave & 43rd St,7,2203299,0.00031770540448663575
Public Rack - Martin Luther King Dr & 69th St,7,2203299,0.00031770540448663575
Public Rack - Bryn Mawr Ave & Milwaukee Ave,7,2203299,0.00031770540448663575
Public Rack - 85th Pl & Pulaski Rd,7,2203299,0.00031770540448663575
Public Rack - Western Ave & 47th Pl,7,2203299,0.00031770540448663575
Public Rack - Throop St & 58th St,7,2203299,0.00031770540448663575
Public Rack - Pullman - Planet Fitness,7,2203299,0.00031770540448663575
Public Rack - Strohacker Park,7,2203299,0.00031770540448663575
Public Rack - Linder Ave & Archer Ave,7,2203299,0.00031770540448663575
Public Rack - 111th St - Morgan Park Metra,7,2203299,0.00031770540448663575
Public Rack - Norwood Park,7,2203299,0.00031770540448663575
Public Rack - Odell & Talcott,7,2203299,0.00031770540448663575
Public Rack - Central & Leland,7,2203299,0.00031770540448663575
Public Rack - Ottowa Ave & Touhy Ave,7,2203299,0.00031770540448663575
Public Rack - Ozark Ave & Addison St,6,2203299,0.0002723189181314021
Public Rack - Kildare Ave & Washignton Blvd,6,2203299,0.0002723189181314021
Public Rack - Western Ave & 105th St,6,2203299,0.0002723189181314021
Public Rack - Komensky Ave & 59th St,6,2203299,0.0002723189181314021
Public Rack - Plainfield Ave & Irving Park Rd,6,2203299,0.0002723189181314021
Public Rack - N Narragansett Ave & Grand Ave,6,2203299,0.0002723189181314021
Hubbard St Depot,6,2203299,0.0002723189181314021
Public Rack - Winona St & Elston Ave,6,2203299,0.0002723189181314021
Public Rack - Nordica & Archer,6,2203299,0.0002723189181314021
Public Rack - Mason Ave & Milwaukee Ave,6,2203299,0.0002723189181314021
Public Rack - Cottage Grove & 84th St,6,2203299,0.0002723189181314021
Public Rack - Nordica Ave & Addison St,6,2203299,0.0002723189181314021
Public Rack - Penn Elementary School / KIPP Ascend Middle School,6,2203299,0.0002723189181314021
Public Rack - King Dr & Oakwood Blvd,6,2203299,0.0002723189181314021
Public Rack - Hamlin Ave & Madison St,6,2203299,0.0002723189181314021
Public Rack - Wentworth Ave & 103rd St,6,2203299,0.0002723189181314021
Public Rack - Christiana Ave & Lawrence Ave,6,2203299,0.0002723189181314021
Public Rack - N. Oakview and W. Gregory St,6,2203299,0.0002723189181314021
Public Rack - Menard Ave & Belmont Ave,6,2203299,0.0002723189181314021
Public Rack - Parkside & 63rd,6,2203299,0.0002723189181314021
Franciso Ave & Bloomingdale Ave,6,2203299,0.0002723189181314021
Public Rack - 63rd St and Nagle Ave,6,2203299,0.0002723189181314021
Public Rack - Austin Ave & Roscoe St,6,2203299,0.0002723189181314021
Public Rack - Lynch & Elston,6,2203299,0.0002723189181314021
Public Rack - Oketo & Northwest Hwy,6,2203299,0.0002723189181314021
Public Rack - King Dr & 115th St,6,2203299,0.0002723189181314021
Public Rack - Independence Blvd & Roosevelt,6,2203299,0.0002723189181314021
Public Rack - Wentworth Park,6,2203299,0.0002723189181314021
Public Rack - Irving Park Rd & Austin Ave,6,2203299,0.0002723189181314021
Public Rack - Laramie Ave & Fullerton Ave,5,2203299,0.00022693243177616837
Public Rack - Michigan Ave & 119th St,5,2203299,0.00022693243177616837
Public Rack - Prairie Ave & Garfield Blvd S,5,2203299,0.00022693243177616837
Public Rack - Damen Ave & 47th St,5,2203299,0.00022693243177616837
Public Rack - Kostner & Bryn Mawr,5,2203299,0.00022693243177616837
Public Rack - Springfield & 79th,5,2203299,0.00022693243177616837
Public Rack - Komensky Ave & 63rd St,5,2203299,0.00022693243177616837
Public Rack - Avers & Granville,5,2203299,0.00022693243177616837
Public Rack - Rockwell & 111th St,5,2203299,0.00022693243177616837
Public Rack - Neenah & Dakin,5,2203299,0.00022693243177616837
Public Rack - 4810 Keeler Ave,5,2203299,0.00022693243177616837
Public Rack - Kilpatrick & Elston,5,2203299,0.00022693243177616837
Public Rack - Division St & Christiana Ave,5,2203299,0.00022693243177616837
Public Rack - California Ave & Devon Ave - NE,5,2203299,0.00022693243177616837
Public Rack - Harlem & Palatine,5,2203299,0.00022693243177616837
Public Rack - Kolin Ave & Archer Ave,5,2203299,0.00022693243177616837
Public Rack - Menard Ave & Grand Ave,5,2203299,0.00022693243177616837
Public Rack - Central & Berteau,5,2203299,0.00022693243177616837
Daley Center Plaza Corral,5,2203299,0.00022693243177616837
Public Rack - 63rd Pl & Narraganssett Ave,5,2203299,0.00022693243177616837
Public Rack - Lockwood Ave & Diversey Ave,5,2203299,0.00022693243177616837
Public Rack - Kedzie Ave & 64th St - SE,5,2203299,0.00022693243177616837
Public Rack - Canfield & Victoria,5,2203299,0.00022693243177616837
Public Rack - Christiana Ave & Bryn Mawr Ave,5,2203299,0.00022693243177616837
Public Rack - Lawndale Ave & Polk St,5,2203299,0.00022693243177616837
Public Rack - Laramie Ave & Grand Ave,5,2203299,0.00022693243177616837
Public Rack - St Louis & Lincoln,5,2203299,0.00022693243177616837
Public Rack - Montrose Ave & Lavergne Ave,4,2203299,0.0001815459454209347
Public Rack - Central Park Ave & Fillmore St,4,2203299,0.0001815459454209347
Ada St & 113th Place,4,2203299,0.0001815459454209347
Public Rack - Langley Ave & 105th Pl,4,2203299,0.0001815459454209347
Public Rack - Loomis Blvd & 47th St,4,2203299,0.0001815459454209347
Public Rack - Cicero Ave & Cortland St - midblock,4,2203299,0.0001815459454209347
Public Rack - Hiawatha Ave & Minnehaha Ave,4,2203299,0.0001815459454209347
Public Rack - California Ave & Devon Ave - NW,4,2203299,0.0001815459454209347
Public Rack - Nagle Ave & Belmont Ave,4,2203299,0.0001815459454209347
Public Rack - Milwaukee Ave & Catalpa Ave,4,2203299,0.0001815459454209347
Public Rack - Western Ave & 107th St,4,2203299,0.0001815459454209347
Woodlawn Ave & 103rd St,4,2203299,0.0001815459454209347
Public Rack - Newcastle Ave & Belmont Ave,4,2203299,0.0001815459454209347
Public Rack - Hoyne Ave & 110th Pl,4,2203299,0.0001815459454209347
Public Rack - Racine Ave & 109th Pl,4,2203299,0.0001815459454209347
Public Rack - Neola & Northwest Hwy,4,2203299,0.0001815459454209347
Public Rack - Ashland Ave & 71st St,4,2203299,0.0001815459454209347
Public Rack - Halsted St & 111th St,4,2203299,0.0001815459454209347
Public Rack - Legler Regional Library,4,2203299,0.0001815459454209347
Public Rack - Pulaski & Rosemont,4,2203299,0.0001815459454209347
Public Rack - Parkside & Archer,4,2203299,0.0001815459454209347
Public Rack - Ashland Ave & 46th St,4,2203299,0.0001815459454209347
Public Rack - Pulaski Rd & Roosevelt Rd,4,2203299,0.0001815459454209347
Public Rack - Sayer & Northwest Hwy,4,2203299,0.0001815459454209347
Public Rack - Exchange Ave & 73rd Pl,4,2203299,0.0001815459454209347
Public Rack - Lee Street Beach,4,2203299,0.0001815459454209347
Public Rack - Central Park & Bryn Mawr,4,2203299,0.0001815459454209347
Public Rack - Neva & Foster,4,2203299,0.0001815459454209347
Public Rack - Kedzie Ave & 58th St,4,2203299,0.0001815459454209347
Public Rack - Karlov Ave & Lawrence Ave,4,2203299,0.0001815459454209347
Public Rack - Talman Ave & 51st St,4,2203299,0.0001815459454209347
Madison St & Wells St,4,2203299,0.0001815459454209347
Public Rack - Kenton & Lawrence,3,2203299,0.00013615945906570104
Public Rack - Lawndale Ave & Roosevelt,3,2203299,0.00013615945906570104
Public Rack - Burnham Shores Park,3,2203299,0.00013615945906570104
Public Rack - Houston Ave & 131st St,3,2203299,0.00013615945906570104
Public Rack - Octavia Ave & Touhy Ave,3,2203299,0.00013615945906570104
Public Rack - Chase Ave & Touhy Ave - NW,3,2203299,0.00013615945906570104
Public Rack - Midway Orange Line,3,2203299,0.00013615945906570104
Kildare Ave & 85th St,3,2203299,0.00013615945906570104
Public Rack - Marquette Rd & 67th St,3,2203299,0.00013615945906570104
Public Rack - East End Ave & 87th St,3,2203299,0.00013615945906570104
Lasalle St & Washington St,3,2203299,0.00013615945906570104
Public Rack - Kedzie Ave & 54th St - SE,3,2203299,0.00013615945906570104
Public Rack - Wrightwood Metra Station,3,2203299,0.00013615945906570104
Public Rack - Linder & 51st,3,2203299,0.00013615945906570104
Public Rack - Kedzie Ave & 62nd Pl,3,2203299,0.00013615945906570104
Public Rack - Western & 79th,3,2203299,0.00013615945906570104
Public Rack - Milwaukee Ave & Waveland Ave,3,2203299,0.00013615945906570104
Public Rack - Forest Glen & Peterson,3,2203299,0.00013615945906570104
Public Rack - Kedvale Ave & Avondale Ave,3,2203299,0.00013615945906570104
Public Rack - William J Onahan Public School,3,2203299,0.00013615945906570104
Public Rack - Chopin Park,3,2203299,0.00013615945906570104
Public Rack - Avenue M & 132nd St,3,2203299,0.00013615945906570104
Public Rack - Kostner Ave & Diversey Ave,3,2203299,0.00013615945906570104
Public Rack - Kedzie Ave & 61st Pl W,3,2203299,0.00013615945906570104
Public Rack - Northwest Hwy & Bryn Mawr,3,2203299,0.00013615945906570104
Public Rack - Menard Ave & Adams Blvd,3,2203299,0.00013615945906570104
Public Rack - Elston Ave & Gunnison St,3,2203299,0.00013615945906570104
Public Rack - Foster Ave & Drake Ave,3,2203299,0.00013615945906570104
Public Rack - Melvina Ave & Montrose Ave,3,2203299,0.00013615945906570104
Public Rack - Austin Ave & Wellington Ave,3,2203299,0.00013615945906570104
Public Rack - Waller Ave & Chicago Ave,3,2203299,0.00013615945906570104
Public Rack - Jeffery Blvd & 83rd St,3,2203299,0.00013615945906570104
Public Rack - Linder Ave & Belmont Ave,3,2203299,0.00013615945906570104
Public Rack - Halsted St & 102nd St,3,2203299,0.00013615945906570104
Public Rack - Irving Park Rd & Melvina Ave,3,2203299,0.00013615945906570104
Public Rack - Halsted St & 41st St,3,2203299,0.00013615945906570104
Public Rack - Forrestville Ave & 47th St,3,2203299,0.00013615945906570104
Public Rack - St Louis & 83rd,2,2203299,9.077297271046735e-05
Public Rack - Kedzie & 103rd St - W,2,2203299,9.077297271046735e-05
Public Rack - Central Ave & North Ave,2,2203299,9.077297271046735e-05
Public Rack - Bell Ave & 95th St,2,2203299,9.077297271046735e-05
Public Rack - Leoti Ave & Central Ave (south),2,2203299,9.077297271046735e-05
Public Rack - Pulaski & 74th,2,2203299,9.077297271046735e-05
Public Rack - Kedzie Ave & 64th St - SW,2,2203299,9.077297271046735e-05
Public Rack - California Ave & Touhy Ave - SW,2,2203299,9.077297271046735e-05
Public Rack - Racine Ave & 74th St,2,2203299,9.077297271046735e-05
Public Rack - Wood St & 103rd St,2,2203299,9.077297271046735e-05
Public Rack - Kedzie Ave & Arthington St,2,2203299,9.077297271046735e-05
Public Rack - Laramie Ave & Warwick Ave,2,2203299,9.077297271046735e-05
Public Rack - Kostner Ave & 16th St,2,2203299,9.077297271046735e-05
Public Rack - Meade Ave & Archer Ave,2,2203299,9.077297271046735e-05
Public Rack - Halsted St & 109th St,2,2203299,9.077297271046735e-05
Public Rack - Spencer Elementary Technology Academy,2,2203299,9.077297271046735e-05
Public Rack - Wabash Ave & 87th St,2,2203299,9.077297271046735e-05
Public Rack - California Ave & Touhy Ave - NW,2,2203299,9.077297271046735e-05
Public Rack - Halsted St & 95th St - SW,2,2203299,9.077297271046735e-05
Public Rack - Western Ave & 104th St - West,2,2203299,9.077297271046735e-05
Public Rack - Kostner & Peterson,2,2203299,9.077297271046735e-05
Public Rack - Walden Pkwy & 99th St,2,2203299,9.077297271046735e-05
Public Rack - Torrence Ave & 103rd St,2,2203299,9.077297271046735e-05
Marmora Ave & Belmont Ave (temporary),2,2203299,9.077297271046735e-05
Public Rack - Elliott Park,2,2203299,9.077297271046735e-05
Public Rack - Harper Ave & 63rd St,2,2203299,9.077297271046735e-05
Public Rack - Cicero Ave & Roscoe St,2,2203299,9.077297271046735e-05
Public Rack - Wolcott Ave & 61st St,2,2203299,9.077297271046735e-05
Public Rack - Halsted St & 63rd St,2,2203299,9.077297271046735e-05
Public Rack - Neva Ave & Grand Ave,2,2203299,9.077297271046735e-05
Public Rack - Newland Ave & Diversey Ave,2,2203299,9.077297271046735e-05
Public Rack - Western Ave & 96th St,2,2203299,9.077297271046735e-05
Public Rack - Cottage Grove Ave & 92nd St,2,2203299,9.077297271046735e-05
Public Rack - Devon Ave & Central Ave,2,2203299,9.077297271046735e-05
Perry St & 119th St,2,2203299,9.077297271046735e-05
Lake/Carpenter Corral,2,2203299,9.077297271046735e-05
Public Rack - Hale Ave & 111th St,2,2203299,9.077297271046735e-05
Public Rack - Torrence Ave & 98th St,2,2203299,9.077297271046735e-05
Public Rack - Kedzie Ave & Archer Ave,2,2203299,9.077297271046735e-05
Public Rack - Western Ave & 106th St - East,2,2203299,9.077297271046735e-05
Public Rack - Al Raby School,2,2203299,9.077297271046735e-05
Public Rack - Mackinaw Ave & 108th St,2,2203299,9.077297271046735e-05
Public Rack - Northwest Hwy & Raven St,2,2203299,9.077297271046735e-05
Public Rack - Western Ave & 110th St,2,2203299,9.077297271046735e-05
Public Rack - McVicker Ave & Grand Ave,2,2203299,9.077297271046735e-05
Public Rack - Sacramento Blvd & Washington Blvd,2,2203299,9.077297271046735e-05
Public Rack - Wilbur Wright College North,2,2203299,9.077297271046735e-05
Public Rack - Martin Luther King Dr & 44th St,2,2203299,9.077297271046735e-05
Public Rack - Ada St & 119th St,2,2203299,9.077297271046735e-05
Public Rack - Marshfield Ave & 87th St,2,2203299,9.077297271046735e-05
California Blvd & 29th St,2,2203299,9.077297271046735e-05
Public Rack - Kostner Ave & Wrightwood Ave,2,2203299,9.077297271046735e-05
Public Rack - 63rd St and Natoma Ave,2,2203299,9.077297271046735e-05
Public Rack - Kedzie Ave & Walnut St,2,2203299,9.077297271046735e-05
Public Rack - Hamlin Ave & Grand Ave,2,2203299,9.077297271046735e-05
Public Rack - Spaulding Ave & Foster Ave,2,2203299,9.077297271046735e-05
Public Rack - Green St & 103rd St,2,2203299,9.077297271046735e-05
Public Rack - King Dr & 71st St,2,2203299,9.077297271046735e-05
Public Rack - Western Ave & 111th St - SW,2,2203299,9.077297271046735e-05
Public Rack - Commercial Ave & 89th St,2,2203299,9.077297271046735e-05
Public Rack - Minnehaha Ave & Devon Ave,2,2203299,9.077297271046735e-05
Public Rack - Ashland Ave & 63rd St,2,2203299,9.077297271046735e-05
Public Rack - Ozman & Talcott,2,2203299,9.077297271046735e-05
Public Rack - Neenah & Archer,2,2203299,9.077297271046735e-05
Public Rack - Keeler Ave & 26th St,2,2203299,9.077297271046735e-05
Public Rack - Albany Ave & 63rd St,2,2203299,9.077297271046735e-05
Public Rack - May St & 87th St,2,2203299,9.077297271046735e-05
Public Rack - Homan Ave & Roosevelt,2,2203299,9.077297271046735e-05
Public Rack - Parkside & Elston,2,2203299,9.077297271046735e-05
Public Rack - Garden Park,1,2203299,4.5386486355233677e-05
Public Rack - Western Ave & 106th St - West,1,2203299,4.5386486355233677e-05
Public Rack - Peoria St & 60th St,1,2203299,4.5386486355233677e-05
Public Rack - Ozanam Ave & Devon Ave,1,2203299,4.5386486355233677e-05
Public Rack - Sawyer Ave & 111th St,1,2203299,4.5386486355233677e-05
Public Rack - Harvard Ave & 119th St,1,2203299,4.5386486355233677e-05
Public Rack - 56th St & Mulligan Ave,1,2203299,4.5386486355233677e-05
Public Rack - Maplewood Ave & 63rd St,1,2203299,4.5386486355233677e-05
Public Rack - Richmond St & Thorndale Ave,1,2203299,4.5386486355233677e-05
Public Rack - Clyde Ave & 87th St,1,2203299,4.5386486355233677e-05
Public Rack - Sawyer Ave & Chicago Ave,1,2203299,4.5386486355233677e-05
Public Rack - Western & 74th,1,2203299,4.5386486355233677e-05
Public Rack - Hamlin Ave & Chicago Ave,1,2203299,4.5386486355233677e-05
Public Rack - Pulaski Rd & Flournoy St,1,2203299,4.5386486355233677e-05
Public Rack - Halsted St & 95th St - SE,1,2203299,4.5386486355233677e-05
Public Rack - Austin Ave & Wrightwood Ave,1,2203299,4.5386486355233677e-05
Rainbow - Beach,1,2203299,4.5386486355233677e-05
Yates Ave & 95th St,1,2203299,4.5386486355233677e-05
Public Rack - Cumberland & Catherine,1,2203299,4.5386486355233677e-05
Public Rack - Avers Ave & Archer Ave,1,2203299,4.5386486355233677e-05
Public Rack - Buffalo Ave & 89th St,1,2203299,4.5386486355233677e-05
Public Rack - Lawndale Ave & 63rd St,1,2203299,4.5386486355233677e-05
Public Rack - Brighton Park Branch Chicago Library,1,2203299,4.5386486355233677e-05
Kostner & 87th,1,2203299,4.5386486355233677e-05
Public Rack - Cottage Grove Ave & 98th St,1,2203299,4.5386486355233677e-05
Public Rack - Wolcott Ave & 56th St,1,2203299,4.5386486355233677e-05
Indiana Ave & 133rd St Public Rack,1,2203299,4.5386486355233677e-05
Public Rack - Mason & Archer,1,2203299,4.5386486355233677e-05
Public Rack - Stony Island & 87th St,1,2203299,4.5386486355233677e-05
Public Rack - Western Ave & 118th St,1,2203299,4.5386486355233677e-05
Public Rack - Western Blvd & 53rd St,1,2203299,4.5386486355233677e-05
Public Rack - Lowe Ave & 94th St,1,2203299,4.5386486355233677e-05
Public Rack - Hoyne Ave & 51st St,1,2203299,4.5386486355233677e-05
Public Rack - 53rd St & Indiana Ave,1,2203299,4.5386486355233677e-05
Public Rack - Sawyer Ave & Bryn Mawr Ave - SW,1,2203299,4.5386486355233677e-05
Public Rack - Kedzie Ave & 61st Pl E,1,2203299,4.5386486355233677e-05
Public Rack - Holbrook St & Milwaukee Ave,1,2203299,4.5386486355233677e-05
Public Rack - Rhodes Ave & 79th St,1,2203299,4.5386486355233677e-05
Public Rack - Lafayette Ave & 87th St - NW,1,2203299,4.5386486355233677e-05
Public Rack - California & 87th,1,2203299,4.5386486355233677e-05
Public Rack - Harlem and W. 59th,1,2203299,4.5386486355233677e-05
Public Rack - Langley Ave & 79th St,1,2203299,4.5386486355233677e-05
Public Rack - Osceola Ave & Touhy Ave,1,2203299,4.5386486355233677e-05
Public Rack - Stony Island & 95th St,1,2203299,4.5386486355233677e-05
Public Rack - Peterson Ave & Milwaukee Ave,1,2203299,4.5386486355233677e-05
Public Rack - State St & 47th st,1,2203299,4.5386486355233677e-05
Public Rack - Maryland Ave & 87th ST,1,2203299,4.5386486355233677e-05
Public Rack - Mason Ave & Roosevelt Rd,1,2203299,4.5386486355233677e-05
Public Rack - Wood St & 47th St,1,2203299,4.5386486355233677e-05
Public Rack - Devon Ave & Minnehaha Ave (west),1,2203299,4.5386486355233677e-05
Public Rack - Cicero Ave & Wellington Ave,1,2203299,4.5386486355233677e-05
Public Rack - Kildare Ave & North Ave,1,2203299,4.5386486355233677e-05
Public Rack - Cornell Ave & 87th Pl,1,2203299,4.5386486355233677e-05
Public Rack - Pulaski Rd & Stevens Ave,1,2203299,4.5386486355233677e-05
Public Rack - Rockwell Ave & 71st St,1,2203299,4.5386486355233677e-05
Public Rack - Michigan Ave & 96th St,1,2203299,4.5386486355233677e-05
Public Rack - Ashland Ave & 83rd St,1,2203299,4.5386486355233677e-05
Public Rack - Albany Ave & 103rd St,1,2203299,4.5386486355233677e-05
STAFF & VISITORS @ West Chicago Warehouse,1,2203299,4.5386486355233677e-05
Public Rack - St Louis Ave & Flournoy St,1,2203299,4.5386486355233677e-05
Public Rack - Western Ave & 111th St - NW,1,2203299,4.5386486355233677e-05
Public Rack - Northwest Hwy & Overhill Ave,1,2203299,4.5386486355233677e-05
Public Rack - 83rd Pl & Kedzie Ave N,1,2203299,4.5386486355233677e-05
Public Rack - Back of the Yards Park,1,2203299,4.5386486355233677e-05
Public Rack - Stewart Ave & 123rd St,1,2203299,4.5386486355233677e-05
Public Rack - N Sayre Ave & W Belden Ave,1,2203299,4.5386486355233677e-05
Public Rack - Harlem & Summerdale,1,2203299,4.5386486355233677e-05
Public Rack - Central Ave & George St,1,2203299,4.5386486355233677e-05
Public Rack - Champlain Ave & 134th St,1,2203299,4.5386486355233677e-05
Public Rack - Peterson Ave & Drake Ave,1,2203299,4.5386486355233677e-05
Public Rack - Mt Greenwood Library - South,1,2203299,4.5386486355233677e-05
Public Rack - Pratt Ave & Odell Ave,1,2203299,4.5386486355233677e-05
Public Rack - Wallace St & 112 St,1,2203299,4.5386486355233677e-05
Washington/Green (Green Side) Corral,1,2203299,4.5386486355233677e-05
Public Rack - Eli Whitney Public School,1,2203299,4.5386486355233677e-05
Public Rack - Cottage Grove & 85th St,1,2203299,4.5386486355233677e-05
Public Rack - Nordica Ave & Higgins Ave,1,2203299,4.5386486355233677e-05
Public Rack - Austin Branch Chicago Public Library,1,2203299,4.5386486355233677e-05
Public Rack - Halsted St & 80th St,1,2203299,4.5386486355233677e-05
Public Rack - Ashland Ave & 74th St,1,2203299,4.5386486355233677e-05
Public Rack - Racine Ave & 83rd St,1,2203299,4.5386486355233677e-05
Public Rack - Newcastle Ave & Belden Ave,1,2203299,4.5386486355233677e-05
Public Rack - Komensky Ave & 26th St,1,2203299,4.5386486355233677e-05
Public Rack - Christiana Ave & Archer Ave,1,2203299,4.5386486355233677e-05
Public Rack - Elston Ave & Kenneth Ave,1,2203299,4.5386486355233677e-05
Public Rack - Harvey Ave & North Ave,1,2203299,4.5386486355233677e-05
Public Rack - Marshfield Ave & 45th St,1,2203299,4.5386486355233677e-05
Public Rack - Archer Park,1,2203299,4.5386486355233677e-05
Public Rack - 10101 S Stony Island Ave,1,2203299,4.5386486355233677e-05
Public Rack - S Menard & W 63rd,1,2203299,4.5386486355233677e-05
Public Rack - Pullman - Ross Dress for Less,1,2203299,4.5386486355233677e-05
Public Rack - Mulligan Ave & 56th St,1,2203299,4.5386486355233677e-05
Public Rack - Cicero & Rosemont,1,2203299,4.5386486355233677e-05
Public Rack - Laflin St & 79th St,1,2203299,4.5386486355233677e-05
Public Rack - Ashland Ave & 76th St,1,2203299,4.5386486355233677e-05
Public Rack - Kedzie Ave & Pershing Rd,1,2203299,4.5386486355233677e-05
Public Rack - W. Talcott & N. Oriole,1,2203299,4.5386486355233677e-05
Public Rack - Leclaire Ave & Division St,1,2203299,4.5386486355233677e-05
Public Rack - Cottage Grove & 86th St,1,2203299,4.5386486355233677e-05
Public Rack - Western Ave & 107th Pl,1,2203299,4.5386486355233677e-05
Public Rack - Keef Ave & South Chicago Ave,1,2203299,4.5386486355233677e-05
Public Rack - Higgins Ave & Neva Ave,1,2203299,4.5386486355233677e-05
Public Rack - May St & 78th St,1,2203299,4.5386486355233677e-05
Public Rack - Dawes Park North,1,2203299,4.5386486355233677e-05
Public Rack - Kilbourn Ave & Fullerton Ave,1,2203299,4.5386486355233677e-05
Public Rack - Lawndale Ave & 23rd St,1,2203299,4.5386486355233677e-05
Public Rack - Ewing Ave & 112th St,1,2203299,4.5386486355233677e-05
Public Rack - Pulaski & 52nd,1,2203299,4.5386486355233677e-05
Public Rack - Ewing Ave & 106th St,1,2203299,4.5386486355233677e-05
Public Rack - Normal Ave & 111th St,1,2203299,4.5386486355233677e-05
Public Rack - Yates Ave & 100th St,1,2203299,4.5386486355233677e-05
Midway Corral,1,2203299,4.5386486355233677e-05
Aberdeen St & 106th St,1,2203299,4.5386486355233677e-05
Public Rack - Kingston Ave & 75th St,1,2203299,4.5386486355233677e-05
Public Rack - Hamilton Ave & 95th St,1,2203299,4.5386486355233677e-05
Public Rack - Clark Square Park,1,2203299,4.5386486355233677e-05
Public Rack - Brandon Ave & 91st St,1,2203299,4.5386486355233677e-05
Public Rack - Baltimore Ave & 132nd St,1,2203299,4.5386486355233677e-05
Public Rack - Ewing Ave & 101st St,1,2203299,4.5386486355233677e-05
Public Rack - Karlov Ave & 26th St,1,2203299,4.5386486355233677e-05
Public Rack - Mobile Ave & Archer Ave,1,2203299,4.5386486355233677e-05
Public Rack - Vincennes Ave & 77th St,1,2203299,4.5386486355233677e-05
Public Rack - Homan Ave & 26th St,1,2203299,4.5386486355233677e-05
Public Rack - Pulaski Rd & 41st,1,2203299,4.5386486355233677e-05
Public Rack - Kedvale Ave & 26th St,1,2203299,4.5386486355233677e-05
Public Rack - Cottage Grove Ave & 111th St,1,2203299,4.5386486355233677e-05
Public Rack - Homewood Ave & Monterey Ave,1,2203299,4.5386486355233677e-05
Public Rack - Western Ave & 79th St,1,2203299,4.5386486355233677e-05
Public Rack - Kedzie Ave & 63rd St,1,2203299,4.5386486355233677e-05
Public Rack - Brooks Park,1,2203299,4.5386486355233677e-05
Public Rack - Mason Ave & Archer Ave,1,2203299,4.5386486355233677e-05
Public Rack - Pulaski Rd & 5th Ave,1,2203299,4.5386486355233677e-05
MTV Hubbard St,1,2203299,4.5386486355233677e-05
Public Rack - Kenneth Ave & 63rd St E,1,2203299,4.5386486355233677e-05
Public Rack - Damen & 81st,1,2203299,4.5386486355233677e-05
Public Rack - Pulaski Rd & 65th St,1,2203299,4.5386486355233677e-05
Public Rack - Normal Blvd & 61st Pl,1,2203299,4.5386486355233677e-05
Public Rack - Haft Ave & Milwaukee Ave,1,2203299,4.5386486355233677e-05
Public Rack - Fullerton Ave & Lavergne Ave,1,2203299,4.5386486355233677e-05
Public Rack - Vincennes Ave & 95th Pl,1,2203299,4.5386486355233677e-05
Public Rack - Ave N & 106th St,1,2203299,4.5386486355233677e-05
Public Rack - Lemont Ave & Keating Ave,1,2203299,4.5386486355233677e-05
Public Rack - Homan Ave & 111th St,1,2203299,4.5386486355233677e-05
Public Rack - Ewing Ave & 102nd St,1,2203299,4.5386486355233677e-05
Public Rack - Austin & Higgins,1,2203299,4.5386486355233677e-05
Public Rack - Mackinaw Ave & 106th St,1,2203299,4.5386486355233677e-05
Public Rack - Lavergne & Lawrence,1,2203299,4.5386486355233677e-05
Public Rack - Washtenaw Ave & 63rd St,1,2203299,4.5386486355233677e-05
Public Rack - Bensley Ave & 103rd St,1,2203299,4.5386486355233677e-05
Public Rack - Morgan St & 87th St,1,2203299,4.5386486355233677e-05
Public Rack - Ewing Ave & 99th St,1,2203299,4.5386486355233677e-05
Public Rack - Austin Ave & Archer Ave,1,2203299,4.5386486355233677e-05
Public Rack - Talman Ave & Pershing Rd,1,2203299,4.5386486355233677e-05
Public Rack - Newcastle & Archer,1,2203299,4.5386486355233677e-05
Public Rack - Devon Ave & Kinzua Ave,1,2203299,4.5386486355233677e-05
Public Rack - Indiana Ave & 111th St,1,2203299,4.5386486355233677e-05
Washington/Green (Washington Side) Corral,1,2203299,4.5386486355233677e-05
Public Rack - Kildare Ave & 63rd St,1,2203299,4.5386486355233677e-05
Public Rack - Central Park Ave & 16th St,1,2203299,4.5386486355233677e-05
