start_station_name,station_rides,total_stations,station_percent
,467986,2310563,20.254197786426946
Navy Pier,45972,2310563,1.9896449480061786
DuSable Lake Shore Dr & Monroe St,36837,2310563,1.5942867604129385
Michigan Ave & Oak St,26375,2310563,1.1414966828430992
DuSable Lake Shore Dr & North Blvd,23298,2310563,1.008325676469328
Millennium Park,20982,2310563,0.9080903658545558
Shedd Aquarium,19247,2310563,0.8330004418836449
Theater on the Lake,18833,2310563,0.815082730918828
Dusable Harbor,17412,2310563,0.753582568404324
Streeter Dr & Grand Ave,14926,2310563,0.645989743625255
Montrose Harbor,12499,2310563,0.5409504090561478
Michigan Ave & 8th St,12338,2310563,0.533982410347608
Adler Planetarium,11750,2310563,0.508534067238158
Field Museum,11377,2310563,0.4923908155717892
Clark St & Lincoln Ave,11111,2310563,0.480878469879419
Clark St & Armitage Ave,10978,2310563,0.4751222970332339
Wells St & Concord Ln,10522,2310563,0.455386847274885
Wabash Ave & Grand Ave,10249,2310563,0.44357154511692604
Michigan Ave & Washington St,10167,2310563,0.44002262652002994
Indiana Ave & Roosevelt Rd,10158,2310563,0.4396331110642731
New St & Illinois St,10123,2310563,0.43811832873632967
Michigan Ave & Lake St,9861,2310563,0.42677910102429584
Clark St & Elm St,9818,2310563,0.4249180827356796
DuSable Lake Shore Dr & Diversey Pkwy,9211,2310563,0.39864742921963175
Wells St & Elm St,9165,2310563,0.3966565724457632
LaSalle St & Illinois St,8940,2310563,0.38691868605184104
Columbus Dr & Randolph St,8857,2310563,0.38332648795986085
McClurg Ct & Ohio St,8805,2310563,0.38107595421548773
Wells St & Huron St,8568,2310563,0.37081871388055637
Wells St & Hubbard St,8462,2310563,0.36623108740164195
State St & Chicago Ave,8349,2310563,0.3613405044571388
DuSable Lake Shore Dr & Belmont Ave,8317,2310563,0.35995556061444767
Lincoln Park Conservatory,7916,2310563,0.34260048308572416
Dearborn St & Erie St,7869,2310563,0.3405663468167715
Wilton Ave & Belmont Ave,7670,2310563,0.3319537272950359
Dearborn Pkwy & Delaware Pl,7620,2310563,0.3297897525408309
Canal St & Madison St,7555,2310563,0.32697658536036456
Clinton St & Madison St,7367,2310563,0.31884004028455404
DuSable Lake Shore Dr & Wellington Ave,7263,2310563,0.3143389727958078
Michigan Ave & Jackson Blvd,7240,2310563,0.31334354440887346
Desplaines St & Kinzie St,6956,2310563,0.3010521678049895
Broadway & Cornelia Ave,6800,2310563,0.29430056657187015
Fairbanks Ct & Grand Ave,6737,2310563,0.29157395838157196
Kingsbury St & Kinzie St,6726,2310563,0.2910978839356469
Wabash Ave & Roosevelt Rd,6695,2310563,0.2897562195880398
Clark St & Newport St,6675,2310563,0.2888906296863578
Broadway & Barry Ave,6529,2310563,0.28257182340407944
Larrabee St & Webster Ave,6472,2310563,0.2801048921842858
Daley Center Plaza,6456,2310563,0.2794124202629402
Lakefront Trail & Bryn Mawr Ave,6454,2310563,0.27932586127277204
Orleans St & Merchandise Mart Plaza,6274,2310563,0.2715355521576343
Wells St & Evergreen Ave,6266,2310563,0.2711893161969615
Field Blvd & South Water St,6218,2310563,0.2691119004329248
Sheffield Ave & Waveland Ave,6213,2310563,0.26889550295750425
Clark St & Lake St,6180,2310563,0.26746727961972905
Pine Grove Ave & Waveland Ave,6170,2310563,0.2670344846688881
Broadway & Waveland Ave,6156,2310563,0.2664285717377107
Mies van der Rohe Way & Chestnut St,6121,2310563,0.26491378940976723
Halsted St & Clybourn Ave,6090,2310563,0.26357212506216016
Lakeview Ave & Fullerton Pkwy,6042,2310563,0.26149470929812346
Clark St & Wrightwood Ave,5993,2310563,0.2593740140390026
Sheffield Ave & Fullerton Ave,5879,2310563,0.25444015159941535
Clinton St & Jackson Blvd,5834,2310563,0.25249257432063094
Southport Ave & Waveland Ave,5795,2310563,0.25080467401235107
Cityfront Plaza Dr & Pioneer Ct,5758,2310563,0.24920333269423944
Sheffield Ave & Wrightwood Ave,5694,2310563,0.24643344500885714
Halsted St & Roscoe St,5689,2310563,0.24621704753343665
Southport Ave & Roscoe St,5651,2310563,0.24457242672024093
McCormick Place,5631,2310563,0.24370683681855893
Clark St & Schiller St,5604,2310563,0.24253829045128827
Franklin St & Jackson Blvd,5588,2310563,0.2418458185299427
University Ave & 57th St,5501,2310563,0.23808050245762613
Buckingham Fountain,5473,2310563,0.23686867659527136
State St & Randolph St,5441,2310563,0.23548373275258022
Halsted St & Wrightwood Ave,5439,2310563,0.235397173762412
Green St & Madison St,5421,2310563,0.23461814285089824
Federal St & Polk St,5357,2310563,0.23184825516551594
State St & Kinzie St,5349,2310563,0.23150201920484315
Lincoln Ave & Fullerton Ave,5293,2310563,0.2290783674801336
Burnham Harbor,5235,2310563,0.22656815676525588
Kingsbury St & Erie St,5225,2310563,0.22613536181441493
Wabash Ave & 9th St,5210,2310563,0.22548616938815347
Milwaukee Ave & Grand Ave,5188,2310563,0.22453402049630328
Sheridan Rd & Irving Park Rd,5175,2310563,0.22397138706021
Damen Ave & Pierce Ave,5165,2310563,0.22353859210936905
Clark St & Winnemac Ave,5134,2310563,0.22219692776176198
Shore Dr & 55th St,5064,2310563,0.21916736310587506
Ravenswood Ave & Lawrence Ave,5026,2310563,0.21752274229267932
Michigan Ave & Ida B Wells Dr,5016,2310563,0.21708994734183834
Rush St & Cedar St,5002,2310563,0.21648403441066094
Clark St & Wellington Ave,4939,2310563,0.21375742622036276
Clark St & Grace St,4924,2310563,0.21310823379410126
Lakefront Trail & Wilson Ave,4923,2310563,0.21306495429901715
Canal St & Adams St,4920,2310563,0.21293511581376487
Rush St & Superior St,4907,2310563,0.21237248237767156
Clark St & North Ave,4878,2310563,0.21111737702023273
Stockton Dr & Wrightwood Ave,4878,2310563,0.21111737702023273
Southport Ave & Wellington Ave,4863,2310563,0.21046818459397126
Wells St & Walton St,4836,2310563,0.2092996382267006
Franklin St & Illinois St,4832,2310563,0.2091265202463642
McClurg Ct & Erie St,4831,2310563,0.20908324075128007
Sheffield Ave & Wellington Ave,4822,2310563,0.20869372529552319
Pine Grove Ave & Irving Park Rd,4820,2310563,0.208607166305355
Broadway & Belmont Ave,4805,2310563,0.20795797387909354
Michigan Ave & Pearson St,4737,2310563,0.2050149682133748
Clinton St & Lake St,4683,2310563,0.2026778754788335
Clark St & Drummond Pl,4660,2310563,0.20168244709189925
Sedgwick St & North Ave,4634,2310563,0.20055718021971267
Mies van der Rohe Way & Chicago Ave,4593,2310563,0.19878272092126464
Ellis Ave & 55th St,4591,2310563,0.19869616193109646
Racine Ave & Belmont Ave,4514,2310563,0.19536364080962088
Wabash Ave & Wacker Pl,4513,2310563,0.19532036131453676
Clinton St & Washington Blvd,4501,2310563,0.19480100737352757
Kedzie Ave & Milwaukee Ave,4499,2310563,0.19471444838335938
St. Clair St & Erie St,4490,2310563,0.1943249329276025
Wilton Ave & Diversey Pkwy,4462,2310563,0.19311310706524773
Franklin St & Chicago Ave,4457,2310563,0.19289670958982724
Ellis Ave & 60th St,4438,2310563,0.19207439918322938
Sheffield Ave & Webster Ave,4432,2310563,0.19181472221272478
Sedgwick St & Webster Ave,4429,2310563,0.1916848837274725
Broadway & Sheridan Rd,4421,2310563,0.1913386477667997
Peoria St & Jackson Blvd,4415,2310563,0.1910789707962951
Clarendon Ave & Junior Ter,4385,2310563,0.18978058594377215
Clark St & Berwyn Ave,4361,2310563,0.18874187806175377
Aberdeen St & Jackson Blvd,4299,2310563,0.18605854936653968
LaSalle Dr & Huron St,4291,2310563,0.18571231340586689
Ritchie Ct & Banks St,4278,2310563,0.1851496799697736
Sheridan Rd & Montrose Ave,4243,2310563,0.18363489764183014
Damen Ave & Cortland St,4237,2310563,0.18337522067132556
Clarendon Ave & Gordon Ter,4197,2310563,0.1816440408679616
California Ave & Milwaukee Ave,4165,2310563,0.1802590970252705
Dayton St & North Ave,4164,2310563,0.18021581753018637
Larrabee St & Division St,4151,2310563,0.1796531840940931
Wells St & Polk St,4117,2310563,0.17818168126123374
Clark St & Chicago Ave,4110,2310563,0.17787872479564504
Stetson Ave & South Water St,4077,2310563,0.17645050145786978
Calumet Ave & 18th St,4035,2310563,0.17463276266433764
Michigan Ave & 14th St,4019,2310563,0.17394029074299208
Wells St & Randolph St,3974,2310563,0.17199271346420764
Halsted St & Dickens Ave,3963,2310563,0.17151663901828257
Sheffield Ave & Addison St ,3908,2310563,0.16913626678865715
Milwaukee Ave & The 606,3899,2310563,0.16874675133290026
Kimbark Ave & 53rd St,3879,2310563,0.16788116143121828
Halsted St & Fulton St,3782,2310563,0.16368305040806072
Aberdeen St & Randolph St,3772,2310563,0.16325025545721972
Damen Ave & Chicago Ave,3757,2310563,0.16260106303095825
Michigan Ave & 18th St,3745,2310563,0.16208170908994907
Elston Ave & Cortland St,3741,2310563,0.1619085911096127
Wentworth Ave & Cermak Rd*,3722,2310563,0.1610862807030148
Lincoln Ave & Diversey Pkwy,3722,2310563,0.1610862807030148
Griffin Museum of Science and Industry,3708,2310563,0.1604803677718374
Sheridan Rd & Noyes St (NU),3654,2310563,0.1581432750372961
Desplaines St & Jackson Blvd,3652,2310563,0.1580567160471279
Franklin St & Lake St,3643,2310563,0.15766720059137102
Sheffield Ave & Kingsbury St,3542,2310563,0.15329597158787708
Michigan Ave & Madison St,3526,2310563,0.15260349966653147
Wabash Ave & Adams St,3509,2310563,0.1518677482501018
Sedgwick St & Huron St,3508,2310563,0.1518244687550177
Honore St & Division St,3508,2310563,0.1518244687550177
Franklin St & Monroe St,3478,2310563,0.15052608390249475
Sangamon St & Lake St,3417,2310563,0.14788603470236475
State St & Harrison St,3412,2310563,0.14766963722694426
Elizabeth St & Randolph St,3382,2310563,0.1463712523744213
Southport Ave & Belmont Ave,3374,2310563,0.14602501641374852
Rush St & Hubbard St,3374,2310563,0.14602501641374852
Chicago Ave & Sheridan Rd,3349,2310563,0.14494302903664605
Clark St & Leland Ave,3311,2310563,0.1432984082234503
Ogden Ave & Chicago Ave,3298,2310563,0.14273577478735702
Sheridan Rd & Buena Ave,3293,2310563,0.14251937731193653
State St & Van Buren St,3285,2310563,0.14217314135126374
Clifton Ave & Armitage Ave,3270,2310563,0.14152394892500225
Racine Ave & Fullerton Ave,3249,2310563,0.1406150795282362
Broadway & Wilson Ave,3233,2310563,0.1399226076068906
Bissell St & Armitage Ave*,3225,2310563,0.1395763716462178
Damen Ave & Division St,3220,2310563,0.13935997417079735
Cannon Dr & Fullerton Ave,3210,2310563,0.13892717921995634
Southport Ave & Wrightwood Ave,3193,2310563,0.1381914278035267
Clark St & Ida B Wells Dr,3157,2310563,0.13663336598049913
Clark St & Arlington Pl,3150,2310563,0.13633040951491043
Woodlawn Ave & 55th St,3141,2310563,0.13594089405915355
Loomis St & Lexington St,3117,2310563,0.1349021861771352
Dearborn St & Monroe St,3099,2310563,0.1341231552656214
Burling St & Diversey Pkwy,3086,2310563,0.13356052182952813
Financial Pl & Ida B Wells Dr,3063,2310563,0.13256509344259385
Halsted St & Willow St,3045,2310563,0.13178606253108008
Halsted St & Maxwell St,3039,2310563,0.1315263855605755
Marine Dr & Ainslie St,3020,2310563,0.1307040751539776
Larrabee St & Kingsbury St,2990,2310563,0.12940569030145466
Carpenter St & Huron St,2982,2310563,0.12905945434078187
Larrabee St & Armitage Ave,2957,2310563,0.12797746696367943
LaSalle St & Jackson Blvd,2955,2310563,0.12789090797351121
Lincoln Ave & Melrose St,2933,2310563,0.12693875908166105
Wabash Ave & Washington St,2920,2310563,0.12637612564556777
Fort Dearborn Dr & 31st St*,2893,2310563,0.1252075792782971
Benson Ave & Church St,2887,2310563,0.12494790230779251
Sheridan Rd & Argyle St,2883,2310563,0.12477478432745613
900 W Harrison St,2854,2310563,0.12351967897001727
Delano Ct & Roosevelt Rd,2851,2310563,0.12338984048476498
Wells St & Institute Pl,2835,2310563,0.12269736856341938
Canal St & Jackson Blvd,2831,2310563,0.122524250583083
Clark St & Montrose Ave,2830,2310563,0.12248097108799891
Southport Ave & Irving Park Rd,2804,2310563,0.12135570421581235
Dearborn St & Division St,2797,2310563,0.12105274775022364
Calumet Ave & 21st St,2788,2310563,0.12066323229446675
Wabash Ave & 16th St,2782,2310563,0.12040355532396216
Morgan St & Lake St*,2752,2310563,0.11910517047143922
Greenview Ave & Fullerton Ave,2750,2310563,0.119018611481271
Dearborn St & Van Buren St,2730,2310563,0.11815302157958904
Ashland Ave & Division St,2714,2310563,0.11746054965824347
Ashland Ave & Blackhawk St,2706,2310563,0.11711431369757068
Orleans St & Chestnut St (NEXT Apts),2697,2310563,0.11672479824181378
Aberdeen St & Carroll Ave,2694,2310563,0.11659495975656149
Franklin St & Adams St ,2683,2310563,0.11611888531063641
Desplaines St & Randolph St,2663,2310563,0.11525329540895445
Sangamon St & Washington Blvd,2658,2310563,0.11503689793353396
Orleans St & Hubbard St,2657,2310563,0.11499361843844984
State St & Pearson St,2640,2310563,0.11425786702202018
Wilton Ave & Addison St,2638,2310563,0.11417130803185198
Fulton Market,2624,2310563,0.1135653951006746
Broadway & Oakdale Ave,2609,2310563,0.11291620267441312
Green St & Washington Blvd,2602,2310563,0.11261324620882443
Hampden Ct & Diversey Pkwy,2596,2310563,0.11235356923831985
Broadway & Granville Ave,2596,2310563,0.11235356923831985
Damen Ave & Thomas St (Augusta Blvd),2567,2310563,0.11109846388088099
Western Ave & Winnebago Ave,2558,2310563,0.1107089484251241
Woodlawn Ave & 58th St,2532,2310563,0.10958368155293753
Damen Ave & Wicker Park Ave,2529,2310563,0.10945384306768524
Broadway & Thorndale Ave,2529,2310563,0.10945384306768524
Green St & Randolph St*,2524,2310563,0.10923744559226474
Walsh Park,2513,2310563,0.10876137114633966
Blackstone Ave & 59th St,2507,2310563,0.10850169417583506
Clark St & Bryn Mawr Ave,2487,2310563,0.10763610427415309
Clarendon Ave & Leland Ave,2481,2310563,0.10737642730364849
Dearborn St & Maple St,2419,2310563,0.10469309860843438
Wood St & Milwaukee Ave,2413,2310563,0.1044334216379298
Dearborn St & Adams St,2411,2310563,0.10434686264776159
Canal St & Monroe St,2410,2310563,0.1043035831526775
Clinton St & Roosevelt Rd,2410,2310563,0.1043035831526775
Cornell Ave & Hyde Park Blvd,2406,2310563,0.10413046517234112
Kingsbury St & Kinzie St 2,2404,2310563,0.10404390618217292
Green St & Lake St ,2398,2310563,0.10378422921166833
Broadway & Argyle St,2393,2310563,0.10356783173624783
Sheffield Ave & Willow St,2387,2310563,0.10330815476574323
Jefferson St & Monroe St,2384,2310563,0.10317831628049094
May St & Taylor St,2384,2310563,0.10317831628049094
Kingsbury St & Kinzie St 1,2384,2310563,0.10317831628049094
Paulina Ave & North Ave,2376,2310563,0.10283208031981815
Halsted St & Armitage Ave,2365,2310563,0.10235600587389308
Noble St & Milwaukee Ave,2359,2310563,0.10209632890338849
Ogden Ave & Race Ave,2340,2310563,0.1012740184967906
Humboldt Blvd & Armitage Ave,2326,2310563,0.10066810556561322
Racine Ave & Wrightwood Ave,2305,2310563,0.09975923616884716
Damen Ave & Leland Ave,2301,2310563,0.09958611818851076
Halsted St & Polk St,2293,2310563,0.09923988222783797
Paulina St & Division St,2280,2310563,0.0986772487917447
Clark St & Eddy St ,2260,2310563,0.09781165889006273
Broadway & Berwyn Ave,2258,2310563,0.09772509989989453
Wood St & Beach Ave,2236,2310563,0.09677295100804435
Damen Ave & Charleston St,2235,2310563,0.09672967151296026
Racine Ave & 18th St,2231,2310563,0.09655655353262386
Aberdeen St & Monroe St,2180,2310563,0.09434929928333484
Eckhart Park,2171,2310563,0.09395978382757796
Damen Ave & Foster Ave,2168,2310563,0.09382994534232567
Winthrop Ave & Lawrence Ave,2162,2310563,0.09357026837182107
Elizabeth St & Fulton St,2156,2310563,0.09331059140131648
Western Ave & Walton St,2152,2310563,0.09313747342098008
Ashland Ave & Lake St,2152,2310563,0.09313747342098008
Larrabee St & North Ave,2142,2310563,0.09270467847013909
Wacker Dr & Washington St,2140,2310563,0.0926181194799709
Lake Park Ave & 53rd St,2134,2310563,0.09235844250946632
Lincoln Ave & Sunnyside Ave,2126,2310563,0.09201220654879352
Wolcott (Ravenswood) Ave & Montrose Ave,2116,2310563,0.09157941159795253
Morgan St & Polk St,2107,2310563,0.09118989614219565
Canal St & Taylor St,2084,2310563,0.09019446775526138
Milwaukee Ave & Fullerton Ave,2081,2310563,0.09006462927000908
Ashland Ave & Chicago Ave,2076,2310563,0.08984823179458859
Ada St & Washington Blvd,2061,2310563,0.08919903936832711
Fairbanks St & Superior St,2058,2310563,0.08906920088307482
California Ave & Cortez St,2054,2310563,0.08889608290273843
Ashland Ave & Grace St,2044,2310563,0.08846328795189744
Lake Park Ave & 56th St,2042,2310563,0.08837672896172924
Spaulding Ave & Armitage Ave,2011,2310563,0.08703506461412219
Clark St & 9th St (AMLI),1988,2310563,0.08603963622718792
Ashland Ave & Wellington Ave,1973,2310563,0.08539044380092645
Clinton St & Tilden St,1968,2310563,0.08517404632550594
Wood St & Chicago Ave,1964,2310563,0.08500092834516956
Leavitt St & North Ave,1952,2310563,0.08448157440416036
Western Ave & Division St,1943,2310563,0.08409205894840348
Morgan St & 18th St,1939,2310563,0.08391894096806708
Milwaukee Ave & Rockwell St,1930,2310563,0.0835294255123102
Ashland Ave & Wrightwood Ave,1920,2310563,0.08309663056146922
Damen Ave & Lake St,1916,2310563,0.08292351258113283
Hudson Ave & Armitage Ave,1897,2310563,0.08210120217453495
Peoria St & Kinzie St,1896,2310563,0.08205792267945085
Larrabee St & Oak St,1896,2310563,0.08205792267945085
Clinton St & Washington Blvd 2,1889,2310563,0.08175496621386216
Leavitt St & Armitage Ave,1884,2310563,0.08153856873844167
Damen Ave & Wellington Ave,1879,2310563,0.08132217126302119
LaSalle St & Adams St,1866,2310563,0.0807595378269279
Seeley Ave & Roscoe St,1862,2310563,0.0805864198465915
Ashland Ave & Augusta Blvd,1852,2310563,0.08015362489575052
Rush St & Illinois St,1841,2310563,0.07967755044982544
Paulina St & Flournoy St,1838,2310563,0.07954771196457314
Lincoln Ave & Belle Plaine Ave,1833,2310563,0.07933131448915265
Franklin St & Washington St,1832,2310563,0.07928803499406854
Ravenswood Ave & Irving Park Rd,1812,2310563,0.07842244509238658
Ashland Ave & Grand Ave,1808,2310563,0.07824932711205018
Wabash Ave & Cermak Rd,1793,2310563,0.0776001346857887
Western Ave & Leland Ave,1792,2310563,0.0775568551907046
Halsted St & Belden St,1791,2310563,0.0775135756956205
Southport Ave & Clybourn Ave,1786,2310563,0.07729717822020002
Lincoln Ave & Dickens Ave,1782,2310563,0.07712406023986361
Blue Island Ave & 18th St,1774,2310563,0.07677782427919083
California Ave & Francis Pl,1771,2310563,0.07664798579393854
Lincoln Ave & Byron St,1751,2310563,0.07578239589225656
Ellis Ave & 53rd St,1749,2310563,0.07569583690208836
Orleans St & Elm St,1748,2310563,0.07565255740700427
Sheridan Rd & Lawrence Ave,1736,2310563,0.07513320346599509
Sedgwick St & Schiller St,1720,2310563,0.0744407315446495
Broadway & Ridge Ave,1716,2310563,0.0742676135643131
Halsted St & Roosevelt Rd,1712,2310563,0.07409449558397671
St Clair St & Ohio St,1709,2310563,0.07396465709872442
Leavitt St & Belmont Ave,1699,2310563,0.07353186214788344
Kimball Ave & Belmont Ave,1698,2310563,0.07348858265279934
Wood St & Augusta Blvd,1698,2310563,0.07348858265279934
MLK Jr Dr & 29th St,1697,2310563,0.07344530315771523
Halsted St & 18th St,1695,2310563,0.07335874416754705
Throop St & Taylor St,1693,2310563,0.07327218517737884
LaSalle St & Washington St,1690,2310563,0.07314234669212655
University Ave & 59th St,1688,2310563,0.07305578770195835
The Salt Shed,1688,2310563,0.07305578770195835
California Ave & North Ave,1677,2310563,0.07257971325603327
Campbell Ave & North Ave,1661,2310563,0.0718872413346877
Clybourn Ave & Division St,1657,2310563,0.0717141233543513
Bissell St & Armitage Ave,1651,2310563,0.07145444638384671
Leavitt St & Chicago Ave,1647,2310563,0.07128132840351031
Ellis Ave & 58th St,1635,2310563,0.07076197446250113
Lincoln Ave & Roscoe St*,1630,2310563,0.07054557698708064
Paulina St & 18th St,1628,2310563,0.07045901799691244
Larrabee St & Kingsbury St 1,1622,2310563,0.07019934102640785
Albany Ave & Bloomingdale Ave,1608,2310563,0.06959342809523046
Artesian Ave & Hubbard St,1598,2310563,0.06916063314438949
California Ave & Division St,1587,2310563,0.0686845586984644
Blackstone Ave & Hyde Park Blvd,1571,2310563,0.06799208677711882
Streeter Dr/Grand Ave,1553,2310563,0.06721305586560505
Leavitt St & Division St,1535,2310563,0.06643402495409129
Larrabee St & Menomonee St,1533,2310563,0.06634746596392307
Sheridan Rd & Loyola Ave,1519,2310563,0.0657415530327457
Southport Ave & Clark St,1517,2310563,0.0656549940425775
Greenview Ave & Diversey Pkwy,1514,2310563,0.0655251555573252
Racine Ave & Washington Blvd,1507,2310563,0.06522219909173652
Racine Ave & Randolph St,1497,2310563,0.06478940414089554
Green St & Chicago Ave,1491,2310563,0.06452972717039093
Kedzie Ave & Palmer Ct,1481,2310563,0.06409693221954996
Sheffield Ave & Addison St,1477,2310563,0.06392381423921356
Broadway & Roscoe Ave,1469,2310563,0.06357757827854077
Racine Ave & Congress Pkwy,1464,2310563,0.06336118080312028
Damen Ave & Melrose Ave,1447,2310563,0.06262542938669059
Wolcott Ave & Polk St,1446,2310563,0.06258214989160651
Stave St & Armitage Ave,1445,2310563,0.06253887039652241
California Ave & Fletcher St,1432,2310563,0.06197623696042912
Clark St & Lunt Ave,1421,2310563,0.06150016251450405
Lincoln Ave & Montana St,1415,2310563,0.061240485543999454
Wells St & Madison St,1411,2310563,0.06106736756366306
Paulina St & Montrose Ave,1410,2310563,0.06102408806857895
Damen Ave & Clybourn Ave,1405,2310563,0.060807690593158464
Logan Blvd & Elston Ave,1404,2310563,0.060764411098074365
Damen Ave & Madison St,1401,2310563,0.06063457261282207
Noble St & Ohio St,1393,2310563,0.060288336652149284
Wells St & 19th St,1389,2310563,0.06011521867181289
St. Clair St & Erie St 2,1385,2310563,0.05994210069147649
Damen Ave & Wabansia Ave,1374,2310563,0.05946602624555141
Fort Dearborn Dr & 31st St,1362,2310563,0.05894667230454222
Harper Ave & 55th St,1357,2310563,0.058730274829121736
Peterson/Ridge Metra,1349,2310563,0.05838403886844894
Morgan St & Lake St,1347,2310563,0.058297479878280746
Wells St & Washington St,1346,2310563,0.05825420038319665
Loomis St & Jackson Blvd,1345,2310563,0.058210920888112555
Lincoln Ave & Waveland Ave,1342,2310563,0.05808108240286026
Leavitt St & Addison St,1337,2310563,0.057864684927439757
Damen Ave & Sunnyside Ave,1327,2310563,0.057431889976598774
Wentworth Ave & 35th St,1325,2310563,0.057345330986430576
Eddy/Seminary Corral,1324,2310563,0.05730205149134648
Chicago Ave & Washington St,1320,2310563,0.05712893351101009
Lincoln Ave & Addison St,1312,2310563,0.0567826975503373
Central Park Ave & Elbridge Ave,1303,2310563,0.05639318209458041
Sheffield/Newport Corral,1290,2310563,0.05583054865848713
Richmond St & Diversey Ave,1289,2310563,0.05578726916340303
Ravenswood Ave & Berteau Ave,1289,2310563,0.05578726916340303
Glenwood Ave & Morse Ave,1275,2310563,0.055181356232225656
Leavitt St & Lawrence Ave,1275,2310563,0.055181356232225656
Lake Park Ave & 35th St,1270,2310563,0.05496495875680517
Drexel Ave & 60th St,1268,2310563,0.054878399766636964
Broadway & Sunnyside Ave,1262,2310563,0.05461872279613237
University Library (NU),1260,2310563,0.05453216380596418
Halsted St & Archer Ave,1255,2310563,0.05431576633054368
Morgan St & 31st St,1227,2310563,0.05310394046818892
Michigan Ave & 11th St,1226,2310563,0.05306066097310482
Milwaukee Ave & Armitage Ave,1224,2310563,0.052974101982936624
Wacker Dr & Randolph St,1223,2310563,0.052930822487852525
Morgan Ave & 14th Pl,1219,2310563,0.052757704507516136
Wood St & Hubbard St,1218,2310563,0.05271442501243204
Greenview Ave & Jarvis Ave,1209,2310563,0.05232490955667515
Talman Ave & Addison St,1197,2310563,0.051805555615665966
Inner Lake Shore Dr & Aldine Ave,1195,2310563,0.05171899662549777
Avers Ave & Belmont Ave,1178,2310563,0.0509832452090681
Halsted St & 35th St,1174,2310563,0.0508101272287317
Indiana Ave & 26th St,1171,2310563,0.05068028874347941
Clark St & Schreiber Ave,1165,2310563,0.05042061177297481
California Ave & Altgeld St,1163,2310563,0.05033405278280661
California Ave & Montrose Ave,1156,2310563,0.05003109631721793
Ashland Ave & Belle Plaine Ave,1152,2310563,0.049857978336881534
Racine Ave & 15th St,1145,2310563,0.04955502187129284
Damen Ave & Cullerton St,1145,2310563,0.04955502187129284
Laflin St & Cullerton St,1138,2310563,0.04925206540570415
State St & 19th St,1137,2310563,0.049208785910620056
Hermitage Ave & Polk St,1135,2310563,0.04912222692045185
Damen Ave & Grand Ave,1133,2310563,0.04903566793028366
Green St & Randolph St,1132,2310563,0.048992388435199555
Campbell Ave & Augusta Blvd,1129,2310563,0.048862549949947265
St. Louis Ave & Fullerton Ave,1128,2310563,0.048819270454863166
Clinton St & 18th St,1124,2310563,0.04864615247452678
Wilton Ave & Diversey Pkwy*,1120,2310563,0.048473034494190374
Elston Ave & Wabansia Ave,1119,2310563,0.04842975499910628
St. Clair St & Erie St 1,1113,2310563,0.04817007802860169
Paulina St & Howard St,1110,2310563,0.04804023954334939
Archer Ave & Wentworth Ave,1110,2310563,0.04804023954334939
Winchester Ave & Elston Ave,1107,2310563,0.047910401058097095
Pine Grove Ave & Wellington Ave,1104,2310563,0.0477805625728448
State St & 33rd St,1102,2310563,0.04769400358267661
Halsted St & Lake St,1102,2310563,0.04769400358267661
Canal St & Harrison St,1095,2310563,0.047391047117087914
Troy St & North Ave,1094,2310563,0.047347767622003815
Racine Ave & Broadway,1087,2310563,0.04704481115641512
Emerald Ave & 31st St,1084,2310563,0.04691497267116283
Wentworth Ave & 24th St,1078,2310563,0.04665529570065824
Wabash Ave & Jackson Blvd,1073,2310563,0.046438898225237744
Riverside Plaza & Adams St,1060,2310563,0.045876264789144465
Campbell Ave & Fullerton Ave,1053,2310563,0.04557330832355578
Kosciuszko Park,1052,2310563,0.04553002882847167
Western Ave & Roscoe St,1049,2310563,0.045400190343219377
Clark St & Elmdale Ave,1039,2310563,0.044967395392378394
Museum Campus Metra Station,1032,2310563,0.04466443892678971
63rd St Beach,1025,2310563,0.044361482461201016
W Armitage Ave & N Sheffield Ave,1020,2310563,0.04414508498578052
Central Park Ave & Bloomingdale Ave,1019,2310563,0.04410180549069642
Evanston Civic Center,1018,2310563,0.04405852599561232
Racine Ave & Webster Ave,1012,2310563,0.043798849025107736
Sheridan Rd & Columbia Ave,1011,2310563,0.04375556953002364
Larrabee St & Kingsbury St 2,999,2310563,0.04323621558901446
Halsted St & 21st St,997,2310563,0.04314965659884625
Waveland/Racine Corral,978,2310563,0.042327346192248386
Ashland Ave & 13th St,970,2310563,0.041981110231575594
May St & Hubbard St,965,2310563,0.0417647127561551
Campbell Ave & Montrose Ave,955,2310563,0.04133191780531412
State St & 35th St,949,2310563,0.04107224083480952
Carpenter St & Fulton St,945,2310563,0.04089912285447313
Avondale Ave & Irving Park Rd,938,2310563,0.04059616638888444
Wood St & Webster Ave,934,2310563,0.040423048408548046
Rockwell St & Eastwood Ave,918,2310563,0.03973057648720247
Wood St & Taylor St (Temp),916,2310563,0.03964401749703427
Francisco Ave & Chicago Ave,909,2310563,0.039341061031445586
Lincoln Ave & Roscoe St,909,2310563,0.039341061031445586
Dearborn St & Madison St,898,2310563,0.0388649865855205
Ogden Ave & Congress Pkwy,898,2310563,0.0388649865855205
Wentworth Ave & 33rd St,894,2310563,0.0386918686051841
Shields Ave & 31st St,889,2310563,0.038475471129763614
Rockwell St & Fletcher St,888,2310563,0.038432191634679515
Addison/Racine Corral,884,2310563,0.03825907365434312
Canal St & Lake St,881,2310563,0.03812923516909082
Damen Ave & Ohio St,879,2310563,0.038042676178922624
Sangamon St & Adams St,875,2310563,0.03786955819858623
Lake Park Ave & 47th St,872,2310563,0.03773971971333393
Hoyne Ave & Balmoral Ave,872,2310563,0.03773971971333393
N Green St & W Lake St,868,2310563,0.03756660173299754
Albany Ave & Montrose Ave,866,2310563,0.037480042742829345
LaSalle St & Calhoun Pl ,865,2310563,0.037436763247745246
Spaulding Ave & Division St,862,2310563,0.037306924762492956
California Ave & Byron St,854,2310563,0.036960688801820164
Kedzie Ave & Armitage Ave,851,2310563,0.03683085031656787
Calumet Ave & 33rd St,844,2310563,0.036527893850979175
Dearborn St & Adams St 1,843,2310563,0.03648461435589508
Claremont Ave & Hirsch St,843,2310563,0.03648461435589508
Kedzie Ave & Leland Ave,839,2310563,0.03631149637555868
Clark/Newport Corral,838,2310563,0.03626821688047459
Sheridan Rd & Greenleaf Ave,822,2310563,0.03557574495912901
Christiana Ave & Lawrence Ave,811,2310563,0.03509967051320392
Larrabee St & Clybourn Ave,806,2310563,0.03488327303778343
Paulina St & Cortland St,801,2310563,0.03466687556236294
Sheffield Ave & School St,796,2310563,0.034450478086942446
Harper Ave & 59th St,793,2310563,0.03432063960169015
Damen Ave & St Paul Ave,793,2310563,0.03432063960169015
Wells St & Ohio St,790,2310563,0.03419080111643785
Addison/Sheffield SW Corral,784,2310563,0.033931124145933265
Sheridan Rd & Berwyn Ave,781,2310563,0.03380128566068097
Francisco Ave & Bloomingdale Ave,776,2310563,0.033584888185260474
Indiana Ave & 31st St,775,2310563,0.033541608690176375
Clark/Racine Corral,774,2310563,0.033498329195092276
Western Ave & Congress Pkwy,769,2310563,0.03328193171967179
Dorchester Ave & 53rd St,766,2310563,0.033152093234419484
Clark St & Columbia Ave,763,2310563,0.033022254749167194
Washtenaw Ave & Lawrence Ave,758,2310563,0.03280585727374671
Kedzie Ave & George St,742,2310563,0.03211338535240112
Rhodes Ave & 32nd St,740,2310563,0.032026826362232926
Southport Ave & Diversey Pkwy,740,2310563,0.032026826362232926
Lincoln Ave & Winona St,738,2310563,0.03194026737206473
Milwaukee Ave & Wabansia Ave,738,2310563,0.03194026737206473
Troy St & Elston Ave,719,2310563,0.031117956965466858
Dearborn St & Adams St 2,716,2310563,0.03098811848021456
Smith Park,713,2310563,0.030858279994962268
Glenwood Ave & Touhy Ave,701,2310563,0.030338926053953087
May St & Cullerton St,700,2310563,0.030295646558868985
Central St Metra,696,2310563,0.030122528578532592
Clark St & Fletcher St,690,2310563,0.029862851608028002
Malden St & Wilson Ave,686,2310563,0.029689733627691606
Elston Ave & George St,681,2310563,0.02947333615227111
Sheffield Ave & Fletcher St,680,2310563,0.029430056657187016
Francisco Ave & Foster Ave,674,2310563,0.029170379686682426
Leavitt St & Hirsch St,670,2310563,0.028997261706346027
Sacramento Ave & Linden Pl,667,2310563,0.028867423221093733
Monticello Ave & Irving Park Rd,665,2310563,0.028780864230925532
Cottage Grove Ave & Oakwood Blvd,663,2310563,0.02869430524075734
Drake Ave & Addison St,650,2310563,0.028131671804664058
Blackstone Ave & 53rd St,649,2310563,0.028088392309579963
Morgan St & Hubbard St,649,2310563,0.028088392309579963
Prairie Ave & Garfield Blvd,649,2310563,0.028088392309579963
Eastlake Ter & Howard St,649,2310563,0.028088392309579963
Seminary Ave & Belden Ave,645,2310563,0.027915274329243563
Wallace St & 35th St,644,2310563,0.027871994834159468
Malcolm X College,644,2310563,0.027871994834159468
Leavitt St & Augusta Blvd,642,2310563,0.02778543584399127
Milwaukee Ave & Ainslie St,641,2310563,0.02774215634890717
Sedgwick St & Chicago Ave,636,2310563,0.02752575887348668
Racine/Eddy Corral,633,2310563,0.027395920388234383
Winchester (Ravenswood) Ave & Balmoral Ave,633,2310563,0.027395920388234383
Central Park Ave & North Ave,628,2310563,0.02717952291281389
Halsted St & Melrose St,626,2310563,0.02709296392264569
Clinton St & Polk St,622,2310563,0.0269198459423093
Oakley Ave & Irving Park Rd,620,2310563,0.0268332869521411
Wood St & Cortland St,618,2310563,0.026746727961972902
N Southport Ave & W Newport Ave,612,2310563,0.026487050991468312
Halsted St & North Branch St,612,2310563,0.026487050991468312
Western Ave & Grace St,606,2310563,0.02622737402096372
South Shore Dr & 71st St,604,2310563,0.026140815030795524
Southport Ave & Grace St,603,2310563,0.026097535535711428
Western Ave & Wabansia Ave,600,2310563,0.02596769705045913
Noble St & Potomac Ave,597,2310563,0.025837858565206838
Dearborn St & Washington St,595,2310563,0.02575129957503864
Broadway & Cuyler Ave,589,2310563,0.02549162260453405
Woodlawn Ave & Lake Park Ave,589,2310563,0.02549162260453405
Kedzie Ave & 48th Pl,583,2310563,0.025231945634029453
Paulina St & Adams St,569,2310563,0.024626032702852074
Sheffield Ave & Armitage Ave Public Rack,568,2310563,0.024582753207767975
Michigan Ave & 9th St,567,2310563,0.02453947371268388
Rockwell St & Division St,562,2310563,0.02432307623726339
Shields Ave & 28th Pl,562,2310563,0.02432307623726339
Kenwood Ave & 57th St,546,2310563,0.02363060431591781
Clark St & Washington St,544,2310563,0.02354404532574961
Leavitt St & Archer Ave,537,2310563,0.02324108886016092
N Carpenter St & W Lake St,536,2310563,0.023197809365076826
South Shore Dr & 67th St,534,2310563,0.023111250374908625
Drake Ave & Montrose Ave,529,2310563,0.022894852899488134
Calumet Ave & 35th St,528,2310563,0.022851573404404035
Clark St & Jarvis Ave,513,2310563,0.022202380978142557
Oakley Ave & Lyndale St,511,2310563,0.02211582198797436
Spaulding Ave & Milwaukee Ave,504,2310563,0.02181286552238567
MLK Jr Dr & Pershing Rd,502,2310563,0.021726306532217472
Central St & Girard Ave,497,2310563,0.02150990905679698
Halsted St & Court Pl,495,2310563,0.02142335006662878
Francisco Ave & Montrose Ave,492,2310563,0.021293511581376486
Damen Ave & Evergreen Ave,490,2310563,0.021206952591208292
Cherry Ave & Blackhawk St,488,2310563,0.02112039360104009
Wacker Dr & Washington St Corral,488,2310563,0.02112039360104009
Manor Ave & Leland Ave,485,2310563,0.020990555115787797
Pulaski Rd & 51st St,470,2310563,0.02034136268952632
Knox Ave & Montrose Ave,464,2310563,0.02008168571902173
Greenwood Ave & 47th St,462,2310563,0.019995126728853528
Sheffield/Cornelia Corral,462,2310563,0.019995126728853528
Franklin St & Madison St,459,2310563,0.019865288243601235
Elmwood Ave & Austin St,458,2310563,0.019822008748517136
Addison/Wilton Corral,455,2310563,0.01969217026326484
Sawyer Ave & Irving Park Rd,454,2310563,0.01964889076818074
Western Ave & Fillmore St,454,2310563,0.01964889076818074
Hampden Ct & Diversey Ave,453,2310563,0.019605611273096644
Keystone Ave & Fullerton Ave,452,2310563,0.019562331778012546
Western Ave & Monroe St,448,2310563,0.01938921379767615
Stony Island Ave & 63rd St,448,2310563,0.01938921379767615
Western Ave & 21st St,446,2310563,0.019302654807507955
Central Park Ave & Ogden Ave,445,2310563,0.019259375312423856
Western Ave & Granville Ave,444,2310563,0.019216095817339757
Western Ave & 24th St,443,2310563,0.01917281632225566
McCormick Blvd & Devon Ave,442,2310563,0.01912953682717156
Prairie Ave & 43rd St,439,2310563,0.018999698341919263
Emerald Ave & 28th St,432,2310563,0.018696741876330573
Racine Ave & 35th St,432,2310563,0.018696741876330573
Shore Dr & 53rd St,431,2310563,0.018653462381246478
Western Ave & Berteau Ave,430,2310563,0.018610182886162376
Western Ave & Lyndale St,429,2310563,0.018566903391078277
Dodge Ave & Church St,424,2310563,0.018350505915657785
Lakewood Ave & Addison St,422,2310563,0.018263946925489587
Rockwell Ave & Logan Blvd,419,2310563,0.018134108440237294
Western Ave & Howard St,417,2310563,0.018047549450069096
Addison/Sheffield SE Corral,417,2310563,0.018047549450069096
Kedzie Ave & Foster Ave,410,2310563,0.017744592984480403
Elston Ave & Henderson St,402,2310563,0.017398357023807615
Midway Orange Line,400,2310563,0.01731179803363942
Cottage Grove Ave & 63rd St,397,2310563,0.017181959548387124
Dorchester Ave & 49th St,391,2310563,0.016922282577882534
Racine Ave & 13th St,391,2310563,0.016922282577882534
Burling St & Armitage Ave,389,2310563,0.016835723587714336
Valli Produce - Evanston Plaza,388,2310563,0.016792444092630237
Ridge Blvd & Touhy Ave,384,2310563,0.016619326112293845
Marshfield Ave & Wabansia Ave,383,2310563,0.016576046617209742
Dorchester Ave & 63rd St,381,2310563,0.016489487627041548
Sacramento Ave & Lyndale St,381,2310563,0.016489487627041548
Southport Ave & Newport Ave Public Rack,377,2310563,0.016316369646705152
Sacramento Blvd & Addison St,377,2310563,0.016316369646705152
Bernard St & Elston Ave,376,2310563,0.016273090151621053
Granville Ave & Clark St,376,2310563,0.016273090151621053
Albany Ave & Belmont Ave,374,2310563,0.01618653116145286
Campbell Ave & Irving Park Rd,373,2310563,0.01614325166636876
Kilbourn Ave & Milwaukee Ave,372,2310563,0.01609997217128466
Franklin St & Adams St Corral,372,2310563,0.01609997217128466
Cottage Grove Ave & 51st St,370,2310563,0.016013413181116463
Loomis St & Archer Ave,367,2310563,0.01588357469586417
California Ave & Lake St,364,2310563,0.015753736210611873
Pulaski Rd & Eddy St,362,2310563,0.015667177220443675
State St & 95th St,341,2310563,0.014758307823677607
Wells St & Randolph St Corral,340,2310563,0.014715028328593508
N Paulina St & Lincoln Ave,339,2310563,0.014671748833509407
Warren Park East,337,2310563,0.014585189843341213
Leavitt St/North Ave,334,2310563,0.014455351358088918
MLK Jr Dr & 47th St,333,2310563,0.014412071863004817
Cottage Grove Ave & 43rd St,333,2310563,0.014412071863004817
Clark St & Touhy Ave,332,2310563,0.014368792367920718
Big Marsh Park,332,2310563,0.014368792367920718
Ashland Ave & Archer Ave,328,2310563,0.014195674387584324
Conservatory Dr & Lake St,328,2310563,0.014195674387584324
California Ave & 21st St,325,2310563,0.014065835902332029
Warren Park West,325,2310563,0.014065835902332029
Jeffery Blvd & 67th St,321,2310563,0.013892717921995635
Portage Park,321,2310563,0.013892717921995635
University Ave & 65th St,317,2310563,0.013719599941659241
Grace/Sheffield Corral,313,2310563,0.013546481961322845
Parnell Ave & 31st St,307,2310563,0.013286804990818255
Keystone Ave & Montrose Ave,306,2310563,0.013243525495734156
Kedzie Ave & Lake St,305,2310563,0.013200246000650057
Kedzie Ave & 57th St,304,2310563,0.01315696650556596
Marshfield Ave & Diversey Pkwy,302,2310563,0.013070407515397762
Dodge Ave & Main St,301,2310563,0.013027128020313663
Normal Ave & Archer Ave,300,2310563,0.012983848525229566
Halsted St & 37th St,299,2310563,0.012940569030145467
Troy St & Grace St,299,2310563,0.012940569030145467
Calumet Ave & 51st St,298,2310563,0.012897289535061368
Dearborn St & Adams St Corral,297,2310563,0.012854010039977269
Ogden Ave & Roosevelt Rd,296,2310563,0.012810730544893172
Washtenaw Ave & Polk St,296,2310563,0.012810730544893172
Rockwell St & Archer Ave,294,2310563,0.012724171554724974
Kildare Ave & Montrose Ave,293,2310563,0.012680892059640876
Paulina St & Lincoln Ave Public Rack,292,2310563,0.012637612564556778
Wood St & Walnut St,292,2310563,0.012637612564556778
Monticello Ave & Lawrence Ave,290,2310563,0.012551053574388578
Milwaukee Ave & Cuyler Ave,289,2310563,0.012507774079304482
Kedzie Ave & Bryn Mawr Ave,287,2310563,0.012421215089136284
Ridge Blvd & Howard St,287,2310563,0.012421215089136284
W Washington Blvd & N Peoria St,286,2310563,0.012377935594052184
Western Blvd & 48th Pl,285,2310563,0.012334656098968088
Lincolnwood Dr & Central St,284,2310563,0.012291376603883988
Lincoln Ave & Balmoral Ave,284,2310563,0.012291376603883988
Kimball Ave & Wrightwood Ave,282,2310563,0.012204817613715791
Public Rack - Racine Ave & Nelson St,281,2310563,0.012161538118631694
Hoyne Ave & 47th St,279,2310563,0.012074979128463496
Clark/Eddy,279,2310563,0.012074979128463496
Western Ave & Lake St,273,2310563,0.011815302157958904
Perry Ave & 69th St,270,2310563,0.011685463672706608
DuSable Museum,267,2310563,0.011555625187454312
Western Ave & Lunt Ave,262,2310563,0.011339227712033821
Kedzie Ave & Chicago Ave,262,2310563,0.011339227712033821
Budlong Woods Library,260,2310563,0.011252668721865623
Public Rack - Washtenaw Ave & Superior St,258,2310563,0.011166109731697427
2112 W Peterson Ave,257,2310563,0.011122830236613326
Laramie Ave & Irving Park Rd,257,2310563,0.011122830236613326
Austin Blvd & Lake St,257,2310563,0.011122830236613326
Narragansett Ave & Wrightwood Ave,255,2310563,0.01103627124644513
Lock St & 31st St,252,2310563,0.010906432761192835
Kedzie Ave & 21st St,251,2310563,0.010863153266108736
Karlov Ave & Armitage Ave,251,2310563,0.010863153266108736
LaSalle St & Jackson Blvd Corral,250,2310563,0.010819873771024637
California Ave & Granville Ave,249,2310563,0.01077659427594054
Fairfield Ave & 44th St,248,2310563,0.010733314780856441
Wabansia & Milwaukee,246,2310563,0.010646755790688243
Western Ave & Gunnison St,244,2310563,0.010560196800520045
Washtenaw Ave & Ogden Ave,244,2310563,0.010560196800520045
Sawyer Ave & Fullerton Ave,244,2310563,0.010560196800520045
N Shore Channel Trail & Argyle St,242,2310563,0.010473637810351849
Winthrop Ave & Bryn Mawr Ave,242,2310563,0.010473637810351849
Princeton Ave & 47th St,242,2310563,0.010473637810351849
Oakley Ave & Touhy Ave,241,2310563,0.01043035831526775
Ashland Ave & Pershing Rd,241,2310563,0.01043035831526775
State St & 29th St,240,2310563,0.010387078820183653
Wallace St & 28th St,236,2310563,0.010213960839847259
Dodge Ave & Mulford St,235,2310563,0.01017068134476316
Laramie Ave & Addison St,232,2310563,0.010040842859510865
Lincoln Ave & Peterson Ave,232,2310563,0.010040842859510865
South Shore Dr & 74th St,230,2310563,0.009954283869342667
Whipple/Irving Park,225,2310563,0.009737886393922174
Springfield Ave & North Ave,225,2310563,0.009737886393922174
Milwaukee Ave & Diversey Ave,223,2310563,0.009651327403753978
Public Rack - Wells St & Scott St,219,2310563,0.009478209423417584
North Boundary Park,218,2310563,0.009434929928333483
Wood St & 35th St,213,2310563,0.009218532452912992
California Ave & 41st St,212,2310563,0.009175252957828893
Dan Ryan Woods & 83rd St,211,2310563,0.009131973462744794
Milwaukee Ave & Wolfram St,210,2310563,0.009088693967660696
Drake Ave & Armitage Ave,210,2310563,0.009088693967660696
Bosworth Ave & Howard St,209,2310563,0.009045414472576598
LaSalle St & Calhoun Pl Corral,209,2310563,0.009045414472576598
Archer & Wentworth,208,2310563,0.009002134977492499
Damen Ave/Coulter St,208,2310563,0.009002134977492499
Fairfield Ave & Pratt Blvd,207,2310563,0.0089588554824084
Lowell Ave & Armitage Ave,207,2310563,0.0089588554824084
Indiana Ave & 40th St,206,2310563,0.008915575987324302
Kilbourn Ave & Roscoe St,205,2310563,0.008872296492240202
Stony Island Ave & 67th St,205,2310563,0.008872296492240202
LaSalle St & Adams St Corral,205,2310563,0.008872296492240202
Public Rack - Rush St & Oak St,203,2310563,0.008785737502072006
Franklin St & Randolph St,200,2310563,0.00865589901681971
St. Louis Ave & Balmoral Ave,199,2310563,0.008612619521735611
Central Park Ave & 24th St,198,2310563,0.008569340026651513
Kilbourn Ave & Irving Park Rd,198,2310563,0.008569340026651513
Kostner Ave & Belmont Ave,196,2310563,0.008482781036483316
Karlov Ave & Lawrence Ave,196,2310563,0.008482781036483316
Eberhart Ave & 61st St,195,2310563,0.008439501541399217
Cottage Grove Ave & 67th St,195,2310563,0.008439501541399217
Ping Tom Park (East),193,2310563,0.008352942551231021
Long Ave & Belmont Ave,190,2310563,0.008223104065978724
Walden Pkwy & 100th St,190,2310563,0.008223104065978724
Rockwell St & Cermak Rd,189,2310563,0.008179824570894627
Public Rack - Michigan Ave & Delaware Pl,188,2310563,0.008136545075810526
Fairfield Ave & Roosevelt Rd,187,2310563,0.00809326558072643
Grace St & Cicero Ave,187,2310563,0.00809326558072643
Pine Grove Ave & Belmont Ave,186,2310563,0.00804998608564233
Public Rack - Clybourn Ave & Webster Ave,184,2310563,0.007963427095474132
N Damen Ave & W Chicago Ave,182,2310563,0.007876868105305936
Public Rack - Wells St & North Ave,179,2310563,0.00774702962005364
Milwaukee Ave & Agatite Ave,179,2310563,0.00774702962005364
Maplewood Ave & Peterson Ave,177,2310563,0.007660470629885443
California Ave & Touhy Ave,176,2310563,0.007617191134801345
Keeler Ave & Carmen Ave,176,2310563,0.007617191134801345
Lockwood Ave & Wrightwood Ave,175,2310563,0.007573911639717246
Public Rack - Dearborn St & Kinzie St 1,174,2310563,0.007530632144633148
Archer (Damen) Ave & 37th St,174,2310563,0.007530632144633148
Marmora Ave & Irving Park Rd,172,2310563,0.007444073154464951
Edgebrook Metra,172,2310563,0.007444073154464951
Kostner Ave & Wrightwood Ave,172,2310563,0.007444073154464951
Melvina Ave & Giddings Ave,171,2310563,0.007400793659380851
Kostner Ave & Bryn Mawr Ave,171,2310563,0.007400793659380851
Western Ave & Ardmore Ave,170,2310563,0.007357514164296754
Carpenter St & Lake St Public Rack,168,2310563,0.007270955174128556
Shabbona Park,164,2310563,0.007097837193792162
Stony Island Ave & 64th St,162,2310563,0.007011278203623965
St Louis Ave & Foster Ave,161,2310563,0.006967998708539867
Addison Red Line,161,2310563,0.006967998708539867
Halsted St & 51st St,159,2310563,0.00688143971837167
Winthrop Ave & Sheridan Rd,157,2310563,0.006794880728203473
Kildare Ave & North Ave,157,2310563,0.006794880728203473
Public Rack - Milwaukee Ave & Haussen Ct,155,2310563,0.006708321738035275
Wood St & 33rd St,155,2310563,0.006708321738035275
Milwaukee Ave & Highland Ave,155,2310563,0.006708321738035275
Cumberland Ave & Catherine Ave,154,2310563,0.006665042242951178
Kilbourn Ave & Diversey Ave,153,2310563,0.006621762747867078
Jeffery Blvd & 71st St,153,2310563,0.006621762747867078
California Ave & Winona St,151,2310563,0.006535203757698881
MLK Jr Dr & 56th St,151,2310563,0.006535203757698881
Public Rack - Jonathan Y Scammon Public School,150,2310563,0.006491924262614783
Public Rack - Michigan Ave & Wacker Dr (North),150,2310563,0.006491924262614783
California Ave & 23rd Pl,149,2310563,0.006448644767530684
Kostner Ave & Devon Ave,149,2310563,0.006448644767530684
Pulaski Rd & Congress Pkwy,147,2310563,0.006362085777362487
LaSalle St & Washington St Corral,147,2310563,0.006362085777362487
Clark/Newport,147,2310563,0.006362085777362487
Public Rack - Monticello Ave & Belmont Ave,146,2310563,0.006318806282278389
Rockwell St & 57th St,144,2310563,0.006232247292110192
Avers Ave & Foster Ave,144,2310563,0.006232247292110192
Keeler Ave & Roosevelt Rd,143,2310563,0.006188967797026092
Kedzie Ave & 54th Pl,143,2310563,0.006188967797026092
California Ave & Madison St,143,2310563,0.006188967797026092
Stony Island Ave & 71st St,142,2310563,0.006145688301941994
Princeton Ave & Garfield Blvd,141,2310563,0.006102408806857896
Damen Ave & Pershing Rd,141,2310563,0.006102408806857896
Wentworth Ave & 63rd St,141,2310563,0.006102408806857896
Wolcott Ave & Fargo Ave,141,2310563,0.006102408806857896
Prospect Sq & 91st St,141,2310563,0.006102408806857896
Kenneth Ave & Lawrence Ave,140,2310563,0.006059129311773797
Lexington St & California Ave,140,2310563,0.006059129311773797
Public Rack - Christiana Ave & Belmont Ave,139,2310563,0.006015849816689699
Menard Ave & Lawrence Ave,139,2310563,0.006015849816689699
Lamon Ave & Belmont Ave,138,2310563,0.0059725703216056
Hamlin Ave & Grand Ave,138,2310563,0.0059725703216056
Burnham Greenway & 112th St,138,2310563,0.0059725703216056
Public Rack - Rush St & Ohio St,136,2310563,0.005886011331437403
Kenosha Ave & Wellington Ave,136,2310563,0.005886011331437403
Public Rack - Michigan Ave & Wacker Dr (South),136,2310563,0.005886011331437403
Kedzie Ave & 52nd St,134,2310563,0.0057994523412692065
North Branch St & Haines St,133,2310563,0.005756172846185108
Ashland Ave & 50th St,133,2310563,0.005756172846185108
Public Rack - Webster Ave & Halsted St,132,2310563,0.005712893351101009
Kilbourn Ave & Belden Ave,132,2310563,0.005712893351101009
Austin Blvd & Madison St,131,2310563,0.0056696138560169106
Harlem Ave & Irving Park Rd,131,2310563,0.0056696138560169106
Public Rack - Kingsbury Ave & Blackhawk St,131,2310563,0.0056696138560169106
Sacramento Ave & Pratt Blvd,130,2310563,0.005626334360932812
Morgan St & Pershing Rd,129,2310563,0.0055830548658487135
Chicago State University,128,2310563,0.005539775370764615
Monticello Ave & Diversey Ave,127,2310563,0.005496495875680516
Narragansett Ave & North Ave,126,2310563,0.0054532163805964175
NAVY PIER,125,2310563,0.005409936885512319
Central Park Ave & Ardmore Ave,124,2310563,0.0053666573904282205
Riley O'Neil Memorial Station at City Hall,124,2310563,0.0053666573904282205
Kostner Ave & 63rd St,123,2310563,0.0053233778953441216
Linder Ave & Montrose Ave,123,2310563,0.0053233778953441216
Farragut Ave & Central Ave,123,2310563,0.0053233778953441216
Mozart St & Jackson Blvd,122,2310563,0.005280098400260023
Richmond St & Lincoln Ave,122,2310563,0.005280098400260023
Sacramento Ave & Lunt Ave,121,2310563,0.0052368189051759245
Central Park Ave & Ohio St,121,2310563,0.0052368189051759245
Lockwood Ave & Grand Ave,121,2310563,0.0052368189051759245
Public Rack - Lincoln Ave & Fullteron Ave (Northwest),121,2310563,0.0052368189051759245
Waveland/Wilton Corral,120,2310563,0.0051935394100918264
Albany Ave & Douglas Blvd,119,2310563,0.0051502599150077275
Steelworkers Park,119,2310563,0.0051502599150077275
Hyacinth Ave & Milwaukee Ave,119,2310563,0.0051502599150077275
St Louis Ave & Armitage Ave,119,2310563,0.0051502599150077275
Cicero Ave & Lake St,118,2310563,0.005106980419923629
Damen Ave & 81st St,118,2310563,0.005106980419923629
Sacramento Blvd & Franklin Blvd,117,2310563,0.0050637009248395305
Cicero Ave & Roscoe Ave,117,2310563,0.0050637009248395305
Central & Elston,117,2310563,0.0050637009248395305
Homan Ave & 26th St,116,2310563,0.005020421429755432
Kedzie Ave & 24th St,116,2310563,0.005020421429755432
Sayre Ave & Diversey Ave,116,2310563,0.005020421429755432
State St & 79th St,116,2310563,0.005020421429755432
Stewart Ave & 123rd St,115,2310563,0.004977141934671333
Ashland Ave & McDowell Ave,115,2310563,0.004977141934671333
Public Rack - Hyde Park Blvd & 55th St,114,2310563,0.0049338624395872345
Wallace St & Pershing Rd,114,2310563,0.0049338624395872345
Central Ave & Altgeld St,114,2310563,0.0049338624395872345
St Louis Ave & Norman Bobbins Pl,114,2310563,0.0049338624395872345
Rockwell/Irving Park Hub,114,2310563,0.0049338624395872345
Lawler Ave & 50th St,113,2310563,0.004890582944503136
Higgins Ave & Austin Ave,113,2310563,0.004890582944503136
Grace St & Central Ave,113,2310563,0.004890582944503136
Elston Ave & Carmen Ave,113,2310563,0.004890582944503136
Laramie Ave & Kinzie St,112,2310563,0.004847303449419037
Long & Irving Park,112,2310563,0.004847303449419037
Kedzie Ave & 60th St,112,2310563,0.004847303449419037
Pershing Rd & Sacramento Ave,112,2310563,0.004847303449419037
California & 16th St,111,2310563,0.004804023954334939
Tripp Ave & 65th St,111,2310563,0.004804023954334939
Lawndale Ave & 30th St,111,2310563,0.004804023954334939
Lavergne Ave & Diversey Ave,111,2310563,0.004804023954334939
MLK Jr Dr & 63rd St,110,2310563,0.00476074445925084
Stony Island Ave & 75th St,110,2310563,0.00476074445925084
Public Rack - Spaulding Ave & Evergreen Ave,110,2310563,0.00476074445925084
Lavergne Ave & Fullerton Ave,109,2310563,0.0047174649641667414
Hale Ave & 107th St,109,2310563,0.0047174649641667414
Halsted St & 47th Pl,108,2310563,0.004674185469082643
Calumet Park,108,2310563,0.004674185469082643
Union Ave & Root St,108,2310563,0.004674185469082643
Nordica Ave & Medill Ave,107,2310563,0.004630905973998544
Leclaire Ave & Belmont Ave,107,2310563,0.004630905973998544
Western Ave & 43rd St,105,2310563,0.004544346983830348
Marshfield Ave & 44th St,105,2310563,0.004544346983830348
Halsted St & 63rd St,105,2310563,0.004544346983830348
Narragansett Ave & McLean Ave,105,2310563,0.004544346983830348
Cicero Ave & Wrightwood Ave,104,2310563,0.004501067488746249
Virginia Ave & Catalpa Ave,104,2310563,0.004501067488746249
Hoyne Ave & 34th St,104,2310563,0.004501067488746249
Vincennes Ave & 107th St,103,2310563,0.004457787993662151
Campbell Ave & 51st St,102,2310563,0.004414508498578052
Narragansett Ave & Montrose Ave,102,2310563,0.004414508498578052
Meade Ave & Fullerton Ave,101,2310563,0.004371229003493954
Damen Ave & Chicago Ave Public Rack,101,2310563,0.004371229003493954
Public Rack - Rush St & Ontario St,101,2310563,0.004371229003493954
Wabash Ave & 59th St,101,2310563,0.004371229003493954
Pine Ave & Division St,101,2310563,0.004371229003493954
Merrimac Park,101,2310563,0.004371229003493954
Mason Ave & Belmont Ave,100,2310563,0.004327949508409855
Public Rack - Woodlawn Ave & 63rd St N,99,2310563,0.004284670013325756
Western Ave & 101st St,99,2310563,0.004284670013325756
Mason Ave & Montrose Ave,99,2310563,0.004284670013325756
Waveland/Racine,98,2310563,0.004241390518241658
Lawler Ave & North Ave,98,2310563,0.004241390518241658
Kedvale Ave & Peterson Ave,98,2310563,0.004241390518241658
Francisco Ave & 47th St,97,2310563,0.004198111023157559
Public Rack - Kedzie Ave & Argyle St,97,2310563,0.004198111023157559
Laramie Ave & Bloomingdale Ave,96,2310563,0.004154831528073461
Monticello Ave & Chicago Ave,96,2310563,0.004154831528073461
Public Rack - Hamlin Ave & Fullerton Ave,95,2310563,0.004111552032989362
Public Rack - California Ave & Cortez St,95,2310563,0.004111552032989362
Exchange Ave & 79th St,94,2310563,0.004068272537905263
Central Park Ave & Washington Blvd,94,2310563,0.004068272537905263
Pulaski Rd & Lake St,94,2310563,0.004068272537905263
LaSalle St & Washington St Corral N,94,2310563,0.004068272537905263
Kilpatrick Ave & Parker Ave,93,2310563,0.004024993042821165
Commercial Ave & 130th St,93,2310563,0.004024993042821165
State St & 45th St,93,2310563,0.004024993042821165
Lynch Ave & Elston Ave,93,2310563,0.004024993042821165
State St & 54th St,92,2310563,0.003981713547737066
Austin Ave & Milwaukee Ave,92,2310563,0.003981713547737066
Rainbow Beach,92,2310563,0.003981713547737066
Pulaski Rd & 54th St,92,2310563,0.003981713547737066
Wabash Ave & 87th St,91,2310563,0.003938434052652968
Central Ave & Roscoe St,91,2310563,0.003938434052652968
Millard Ave & 26th St,91,2310563,0.003938434052652968
Kildare Ave & 47th St,91,2310563,0.003938434052652968
Cottage Grove Ave & 49th St,90,2310563,0.00389515455756887
Public Rack - Milwaukee Ave & Diversey Ave,90,2310563,0.00389515455756887
Marmora Ave & Belmont Ave,90,2310563,0.00389515455756887
Cottage Grove Ave & 83rd St,90,2310563,0.00389515455756887
Albany Ave & 16th St,90,2310563,0.00389515455756887
California Ave & 36th St,90,2310563,0.00389515455756887
Western Ave & 28th St,90,2310563,0.00389515455756887
Austin Blvd & Chicago Ave,89,2310563,0.003851875062484771
Ave L & 114th,89,2310563,0.003851875062484771
Public Rack - Clark St & Diversey Pkwy (South),88,2310563,0.0038085955674006726
Harding Ave & Division St,88,2310563,0.0038085955674006726
Central Ave & Lake St,88,2310563,0.0038085955674006726
Sacramento Blvd & Fulton Ave,88,2310563,0.0038085955674006726
Mason Ave & Grand Ave,87,2310563,0.003765316072316574
Major Ave & Addison St,87,2310563,0.003765316072316574
Francisco Ave & 85th St,87,2310563,0.003765316072316574
Kedzie Ave & Archer Ave,87,2310563,0.003765316072316574
Addison/Racine,87,2310563,0.003765316072316574
Western Ave & 111th St,87,2310563,0.003765316072316574
Glenwood Ave & Devon Ave,86,2310563,0.0037220365772324755
Public Rack - St Clair St & Superior St,86,2310563,0.0037220365772324755
Public Rack - Clark St & Diversey Pkwy (North 2),86,2310563,0.0037220365772324755
Ewing Ave & 106th St,86,2310563,0.0037220365772324755
Columbus Ave & 79th St,86,2310563,0.0037220365772324755
Public Rack - Karlov Ave & Milwaukee Ave,85,2310563,0.003678757082148377
California Ave & Marquette Rd,84,2310563,0.003635477587064278
Kedzie Ave & Roosevelt Rd,84,2310563,0.003635477587064278
Washington Blvd & Peoria St Public Rack,83,2310563,0.0035921980919801796
Halsted St & 69th St,83,2310563,0.0035921980919801796
Mango Ave & North Ave,82,2310563,0.003548918596896081
La Villita Park,82,2310563,0.003548918596896081
Central Ave & Wellington Ave,81,2310563,0.0035056391018119825
Lawndale Ave & 111th St,81,2310563,0.0035056391018119825
Public Rack - Southport Ave & Fullteron Ave,81,2310563,0.0035056391018119825
Albany Ave & 26th St,80,2310563,0.003462359606727884
Public Rack - Dearborn St & Kinzie St 2,79,2310563,0.003419080111643785
Public Rack - Hyde Park Blvd & 53rd St,79,2310563,0.003419080111643785
Spaulding Ave & 16th St,79,2310563,0.003419080111643785
Whipple St & Irving Park Rd,78,2310563,0.0033758006165596865
Central Ave & Parker Ave,78,2310563,0.0033758006165596865
Public Rack - Hamlin Ave & Montrose Ave,77,2310563,0.003332521121475589
Shields Ave & 43rd St,77,2310563,0.003332521121475589
Dauphin Ave & 87th St,77,2310563,0.003332521121475589
Rockwell St & 47th St,77,2310563,0.003332521121475589
Central Park Blvd & 5th Ave,77,2310563,0.003332521121475589
Public Rack - Harold Washington Park,77,2310563,0.003332521121475589
Lavergne Ave & Lawrence Ave,76,2310563,0.00328924162639149
Public Rack - Clark St & Diversey Pkwy (North 1),76,2310563,0.00328924162639149
Damen Ave & Coulter St,76,2310563,0.00328924162639149
Kenmore Ave & School St,76,2310563,0.00328924162639149
Public Rack - Wells St & Schiller St,75,2310563,0.0032459621313073914
Damen Ave & 87th St,75,2310563,0.0032459621313073914
Menard Ave & Milwaukee Ave,75,2310563,0.0032459621313073914
Cottage Grove Ave & 47th St,75,2310563,0.0032459621313073914
Halsted St & 73rd St,74,2310563,0.003202682636223293
Ellis Ave & 83rd St,73,2310563,0.0031594031411391944
Sacramento Blvd & Fulton St,73,2310563,0.0031594031411391944
Lamon Ave & Armitage Ave,73,2310563,0.0031594031411391944
Wentworth Ave & 107th St,72,2310563,0.003116123646055096
Homan Ave & Arthington Ave,72,2310563,0.003116123646055096
Public Rack - South Shore Dr & 71st St,72,2310563,0.003116123646055096
Leamington Ave & Hirsch St,72,2310563,0.003116123646055096
Augusta Blvd & Laramie Ave,72,2310563,0.003116123646055096
Harlem Ave & Bloomingdale Ave,71,2310563,0.003072844150970997
Kildare Ave & Archer Ave,71,2310563,0.003072844150970997
Public Rack - Halsted St & Fullerton Ave,71,2310563,0.003072844150970997
Western Ave & 104th St,70,2310563,0.0030295646558868984
Damen Ave & 51st St,70,2310563,0.0030295646558868984
Public Rack - Cicero Ave & Belle Plaine Ave,70,2310563,0.0030295646558868984
Halsted St & 59th St,70,2310563,0.0030295646558868984
Public Rack - Kingsbury Ave & Eastman St,70,2310563,0.0030295646558868984
Kilpatrick Ave & Grand Ave,70,2310563,0.0030295646558868984
State St & Pershing Rd,69,2310563,0.0029862851608028
Phillips Ave & 79th St,69,2310563,0.0029862851608028
Public Rack - Kimbark Ave & 67th St,68,2310563,0.0029430056657187014
Long Ave & Diversey Ave,68,2310563,0.0029430056657187014
Public Rack - Rockwell & Division,68,2310563,0.0029430056657187014
Central Ave & Madison St,67,2310563,0.0028997261706346033
Vincennes Ave & 104th St,67,2310563,0.0028997261706346033
Long Ave & Irving Park Rd,66,2310563,0.0028564466755505043
Burnham Greenway & 105th St,66,2310563,0.0028564466755505043
Overhill Ave & Belmont Ave,66,2310563,0.0028564466755505043
Nagle Ave & Belmont Ave,65,2310563,0.002813167180466406
Kedzie Ave & Jackson Blvd,65,2310563,0.002813167180466406
Central Ave & Chicago Ave,64,2310563,0.0027698876853823073
Orange Ave & Addison St,64,2310563,0.0027698876853823073
Ashland Ave & 74th St,64,2310563,0.0027698876853823073
Bernard St & Peterson Ave,64,2310563,0.0027698876853823073
Dauphin Ave & 103rd St,64,2310563,0.0027698876853823073
Lavergne Ave & 46th St,63,2310563,0.0027266081902982088
Panama Ave & Grace St,63,2310563,0.0027266081902982088
Baltimore Ave & 133rd St,63,2310563,0.0027266081902982088
Public Rack - Sangamon St & Fulton St,63,2310563,0.0027266081902982088
Public Rack - Keystone Ave & Irving Park Rd,63,2310563,0.0027266081902982088
Eggleston Ave & 69th St,62,2310563,0.0026833286952141103
Halsted St & 93rd St,62,2310563,0.0026833286952141103
Cottage Grove Ave & 111th Pl,62,2310563,0.0026833286952141103
Public Rack - Wells St & Lake St,62,2310563,0.0026833286952141103
Kedzie Ave & Harrison St,61,2310563,0.0026400492001300113
Newcastle Ave & Irving Park Rd,61,2310563,0.0026400492001300113
California Ave & 26th St,61,2310563,0.0026400492001300113
Mulligan Ave & Archer Ave,61,2310563,0.0026400492001300113
Eggleston Ave & 111th St,61,2310563,0.0026400492001300113
Western Ave & 79th St,61,2310563,0.0026400492001300113
Wellington Ave & Mulligan Ave,61,2310563,0.0026400492001300113
Clyde Ave & 87th St,61,2310563,0.0026400492001300113
Public Rack - Racine Ave & Armitage Ave,60,2310563,0.0025967697050459132
Kedzie Ave & 38th Pl,60,2310563,0.0025967697050459132
Harding Ave & 26th St,60,2310563,0.0025967697050459132
Public Rack - Spaulding Ave & North Ave,60,2310563,0.0025967697050459132
Washtenaw Ave & Peterson Ave,60,2310563,0.0025967697050459132
Houston Ave & 92nd St,60,2310563,0.0025967697050459132
Cottage Grove Ave & 71st St,60,2310563,0.0025967697050459132
Kedzie Ave & 45th St,60,2310563,0.0025967697050459132
California Ave & 71st St,60,2310563,0.0025967697050459132
Meade Ave & Addison St,60,2310563,0.0025967697050459132
Kedzie Ave & 83rd St,59,2310563,0.0025534902099618147
Maplewood Ave & 59th St,59,2310563,0.0025534902099618147
Racine Ave & Garfield Blvd,59,2310563,0.0025534902099618147
Kildare Ave & Division St,59,2310563,0.0025534902099618147
Lavergne Ave & Division St,58,2310563,0.002510210714877716
Kenneth Ave & 50th St,58,2310563,0.002510210714877716
Public Rack - Wacker Dr & Adams St,58,2310563,0.002510210714877716
21st St & Pulaski Rd,57,2310563,0.0024669312197936172
Public Rack - Emerald Ave & 43rd St,57,2310563,0.0024669312197936172
Wabash Ave & 49th St,57,2310563,0.0024669312197936172
Oketo Ave & Addison St,56,2310563,0.0024236517247095187
Kostner Ave & Lake St,55,2310563,0.00238037222962542
Halsted St & 104th St,55,2310563,0.00238037222962542
Kildare Ave & 55th St,55,2310563,0.00238037222962542
Kildare Ave & Chicago Ave,55,2310563,0.00238037222962542
Torrence Ave & 126th Pl,55,2310563,0.00238037222962542
Central Park & Augusta Blvd,55,2310563,0.00238037222962542
Damen Ave & 59th St,54,2310563,0.0023370927345413217
Baltimore Ave & 87th St,54,2310563,0.0023370927345413217
Public Rack - Carpenter St & Madison St,54,2310563,0.0023370927345413217
Halsted St & 119th St,54,2310563,0.0023370927345413217
Princeton Ave & 95th St,54,2310563,0.0023370927345413217
Meade Ave & Diversey Ave,54,2310563,0.0023370927345413217
Yates Blvd & 75th St,53,2310563,0.002293813239457223
Jeffery Blvd & 76th St,53,2310563,0.002293813239457223
Archer Ave & 43rd St,53,2310563,0.002293813239457223
Knox Ave & Marquette Ave,53,2310563,0.002293813239457223
Oglesby Ave & 100th St,53,2310563,0.002293813239457223
Michigan Ave & 105th St,52,2310563,0.0022505337443731246
Komensky Ave & 55th St,52,2310563,0.0022505337443731246
Le Mai Ave & Devon Ave,52,2310563,0.0022505337443731246
Kedzie Ave & Redfield Dr,52,2310563,0.0022505337443731246
Calumet Ave & 71st St,52,2310563,0.0022505337443731246
Larrabee St & Chicago Ave,52,2310563,0.0022505337443731246
Public Rack - Southport Ave & Webster Ave,52,2310563,0.0022505337443731246
Clark/Racine,51,2310563,0.002207254249289026
Public Rack - Nashotah & Northwest Hwy,51,2310563,0.002207254249289026
Central Park Ave & Douglas Blvd,51,2310563,0.002207254249289026
Phillips Ave & 83rd St,51,2310563,0.002207254249289026
Long Ave & North Ave,50,2310563,0.0021639747542049276
Lawndale Ave & 59th St,50,2310563,0.0021639747542049276
Cicero Ave & Quincy St,50,2310563,0.0021639747542049276
Public Rack - Wabash Ave & Balbo Dr,50,2310563,0.0021639747542049276
Doty Ave & 111th St,50,2310563,0.0021639747542049276
Mozart St & 79th St,50,2310563,0.0021639747542049276
Public Rack - Dearborn St & Superior St,49,2310563,0.002120695259120829
Public Rack - Springfield Ave & Lawrence Ave,49,2310563,0.002120695259120829
Harding Ave & Chicago Ave,49,2310563,0.002120695259120829
Sacramento Ave & 25th St,49,2310563,0.002120695259120829
Komensky Ave & 47th St,49,2310563,0.002120695259120829
Lawndale Ave & 16th St,49,2310563,0.002120695259120829
Central Ave & Harrison St,49,2310563,0.002120695259120829
East End Ave & 87th St,49,2310563,0.002120695259120829
Ping Tom Park East Public Rack,48,2310563,0.0020774157640367306
Public Rack - Ogden Ave & Monroe St,48,2310563,0.0020774157640367306
Francisco Ave & Hollywood Ave,48,2310563,0.0020774157640367306
Long Ave & Belden Ave,48,2310563,0.0020774157640367306
Greenwood Ave & 79th St,48,2310563,0.0020774157640367306
Homan Ave & Fillmore St,48,2310563,0.0020774157640367306
Public Rack - Dearborn St & Jackson Ave,47,2310563,0.0020341362689526316
Aberdeen St & 103rd St,47,2310563,0.0020341362689526316
Homewood Ave & 115th St,46,2310563,0.001990856773868533
Grace/Sheffield,46,2310563,0.001990856773868533
Mayfield Ave & Roosevelt Rd,46,2310563,0.001990856773868533
Elizabeth St & 47th St,46,2310563,0.001990856773868533
Vincennes Ave & 95th St,46,2310563,0.001990856773868533
Menard Ave & North Ave,46,2310563,0.001990856773868533
Public Rack - Leamington & Elston,46,2310563,0.001990856773868533
Harlem Ave & Grace St,46,2310563,0.001990856773868533
Spaulding Ave & 63rd,46,2310563,0.001990856773868533
Artesian Ave & 55th St,46,2310563,0.001990856773868533
Public Rack - Ashland Orange Line CTA,45,2310563,0.001947577278784435
Public Rack - Jensen Park,45,2310563,0.001947577278784435
Yates Blvd & 93rd St,45,2310563,0.001947577278784435
Milwaukee & Fullerton,45,2310563,0.001947577278784435
Kilbourn Ave & 49th St,45,2310563,0.001947577278784435
Kedzie Ave & 110th St,45,2310563,0.001947577278784435
Ashland Ave & 63rd St,45,2310563,0.001947577278784435
Hastings LWS,44,2310563,0.0019042977837003363
Archer Ave & Homan Ave,44,2310563,0.0019042977837003363
Kenmore Ave & Catalpa Ave,44,2310563,0.0019042977837003363
Pulaski Rd & 75th St,44,2310563,0.0019042977837003363
Public Rack - Wells St & Wacker Dr,44,2310563,0.0019042977837003363
Eberhart Ave & 91st St,44,2310563,0.0019042977837003363
Mango Ave & Diversey Ave,44,2310563,0.0019042977837003363
Cottage Grove Ave & 78th St,43,2310563,0.0018610182886162378
Monitor Ave & Division St,43,2310563,0.0018610182886162378
Cicero Ave & Wellington Ave,43,2310563,0.0018610182886162378
Lamon Ave & Chicago Ave,43,2310563,0.0018610182886162378
Public Rack - Champlain Ave & 65th St,43,2310563,0.0018610182886162378
Komensky Ave & 31st St,43,2310563,0.0018610182886162378
Public Rack - Rockwell St & Chicago Ave,42,2310563,0.001817738793532139
Martin Luther King Dr & 87th St,42,2310563,0.001817738793532139
Scottsdale Park,42,2310563,0.001817738793532139
Springfield Ave & 47th St,42,2310563,0.001817738793532139
Commercial Ave & 83rd St,42,2310563,0.001817738793532139
Public Rack - Western Ave & Devon Ave,42,2310563,0.001817738793532139
W 103rd St & S Avers Ave,42,2310563,0.001817738793532139
Vincennes Ave & 79th St,42,2310563,0.001817738793532139
Oriole Ave & Irving Park Rd,42,2310563,0.001817738793532139
Laramie Ave & Madison St,41,2310563,0.0017744592984480405
Burley Ave & 85th St,41,2310563,0.0017744592984480405
Eggleston Ave & 92nd St,41,2310563,0.0017744592984480405
Halsted St & 96th St,41,2310563,0.0017744592984480405
Throop St & 99th St,41,2310563,0.0017744592984480405
Martin Luther King Dr & 111th St,41,2310563,0.0017744592984480405
Whipple St & Roosevelt Rd,41,2310563,0.0017744592984480405
Public Rack - Lowell Ave & Elston Ave,40,2310563,0.001731179803363942
Public Rack - Lawndale Ave & Diversey Ave,40,2310563,0.001731179803363942
Eggleston Ave & 115th St,40,2310563,0.001731179803363942
Major Taylor Trail & 111th St,40,2310563,0.001731179803363942
Avenue O & 134th St,40,2310563,0.001731179803363942
Major Taylor Trail & 115th St,40,2310563,0.001731179803363942
Cicero Ave & Flournoy St,40,2310563,0.001731179803363942
California Ave & 16th St,40,2310563,0.001731179803363942
Parnell Ave & 127th St,40,2310563,0.001731179803363942
Seeley Ave & Garfield Blvd,40,2310563,0.001731179803363942
Artesian Ave & Marquette Rd,40,2310563,0.001731179803363942
St Louis Ave & 51st St,39,2310563,0.0016879003082798433
Racine Ave & 65th St,39,2310563,0.0016879003082798433
Hamlin Ave & 62nd Pl,39,2310563,0.0016879003082798433
Halsted St & 56th St,39,2310563,0.0016879003082798433
Public Rack - Desplaines St & Fulton St,39,2310563,0.0016879003082798433
Public Rack - Orleans St & Grand Ave,39,2310563,0.0016879003082798433
Commercial Ave & 90th St,39,2310563,0.0016879003082798433
Hamilton Park,39,2310563,0.0016879003082798433
Public Rack - Kimball Ave & Lawrence Ave,39,2310563,0.0016879003082798433
Stony Island Ave & 82nd St,39,2310563,0.0016879003082798433
St. Louis & 71st St,39,2310563,0.0016879003082798433
Public Rack - Wells St & Monroe St,38,2310563,0.001644620813195745
Tripp Ave & 15th St,38,2310563,0.001644620813195745
Vernon Ave & 107th St,38,2310563,0.001644620813195745
Ashland Ave & Garfield Blvd,38,2310563,0.001644620813195745
Damen Ave & 77th St,38,2310563,0.001644620813195745
Ewing Ave & 98th St,38,2310563,0.001644620813195745
Public Rack - Leavitt St & Potomac Ave,38,2310563,0.001644620813195745
Wentworth Ave & 92nd St,38,2310563,0.001644620813195745
Springfield Ave & 80th St,38,2310563,0.001644620813195745
Kildare Ave & 26th St,38,2310563,0.001644620813195745
Central Park Ave & Augusta Blvd,37,2310563,0.0016013413181116464
Ewing Ave & 97th St,37,2310563,0.0016013413181116464
Homan Ave & 77th St,37,2310563,0.0016013413181116464
Public Rack - Washtenaw Ave & Devon Ave,37,2310563,0.0016013413181116464
Troy St & Jackson Blvd,37,2310563,0.0016013413181116464
Olive Harvey College,37,2310563,0.0016013413181116464
Archer Ave & 49th St,37,2310563,0.0016013413181116464
Major Ave & Bloomingdale Ave,37,2310563,0.0016013413181116464
Narragansett Ave & School St,36,2310563,0.001558061823027548
Oconto Ave & Belmont Ave,36,2310563,0.001558061823027548
Public Rack - Western Blvd & 49th St,36,2310563,0.001558061823027548
Public Rack - Oakley Blvd & Grand Ave,36,2310563,0.001558061823027548
Kedzie Ave & 104th St,36,2310563,0.001558061823027548
Public Rack - Clybourn Ave & Dickens Ave,36,2310563,0.001558061823027548
Public Rack - Damen Ave & Division St,36,2310563,0.001558061823027548
Halsted St & 111th St,36,2310563,0.001558061823027548
Wood St & 84th St,36,2310563,0.001558061823027548
Ewing Ave & Burnham Greenway,35,2310563,0.0015147823279434492
Lake/Green Corral,35,2310563,0.0015147823279434492
Ashland Ave & 66th St,35,2310563,0.0015147823279434492
Public Rack - Keating & Peterson,35,2310563,0.0015147823279434492
Kenton Ave & Madison St,35,2310563,0.0015147823279434492
Public Rack - Prairie Ave & 47th St ,35,2310563,0.0015147823279434492
Burley Ave & 91st St,35,2310563,0.0015147823279434492
Loomis Blvd & 84th St,35,2310563,0.0015147823279434492
Pulaski Rd & Ann Lurie Pl,35,2310563,0.0015147823279434492
Public Rack - Wabash Ave & Chicago Ave,35,2310563,0.0015147823279434492
Avenue O & 118th St,35,2310563,0.0015147823279434492
Kedzie Ave & 66th Pl,35,2310563,0.0015147823279434492
Richmond St & 59th St,35,2310563,0.0015147823279434492
Public Rack - Halsted St Metra Station,35,2310563,0.0015147823279434492
Hegewisch Metra Station,34,2310563,0.0014715028328593507
Vernon Ave & 79th St,34,2310563,0.0014715028328593507
Racine Ave & 115th St,34,2310563,0.0014715028328593507
Stewart Ave & 63rd St,34,2310563,0.0014715028328593507
Karlov Ave & Madison St,34,2310563,0.0014715028328593507
Oak Park & Wellington,34,2310563,0.0014715028328593507
Halsted St & 83rd St,34,2310563,0.0014715028328593507
Throop St & 52nd St,34,2310563,0.0014715028328593507
Tripp Ave & 31st St,34,2310563,0.0014715028328593507
Bradley Park,33,2310563,0.0014282233377752522
Pulaski Rd & 84th St,33,2310563,0.0014282233377752522
Laflin St & 115th St,33,2310563,0.0014282233377752522
South Chicago Ave & 83rd St,33,2310563,0.0014282233377752522
Public Rack - Kostner Ave & Armitage Ave,33,2310563,0.0014282233377752522
Stony Island Ave & 90th St,33,2310563,0.0014282233377752522
Public Rack - DuSable Lake Shore Dr & Ontario St,33,2310563,0.0014282233377752522
Public Rack - Avondale Ave & Addison St,33,2310563,0.0014282233377752522
Public Rack - Avers Ave & Irving Park Rd,32,2310563,0.0013849438426911536
Rockwell St & 63rd St,32,2310563,0.0013849438426911536
Sacramento Ave & 51st St,32,2310563,0.0013849438426911536
Michigan Ave & 71st St,32,2310563,0.0013849438426911536
Stewart Ave & 83rd St,32,2310563,0.0013849438426911536
Halsted St & 78th St,32,2310563,0.0013849438426911536
Public Rack - Burling Ave & Armitage Ave,32,2310563,0.0013849438426911536
Public Rack - Wells St & Grand Ave,32,2310563,0.0013849438426911536
Vernon Ave & 75th St,31,2310563,0.0013416643476070551
Public Rack - Hoyne Ave & Walton St,31,2310563,0.0013416643476070551
Indiana Ave & 103rd St,31,2310563,0.0013416643476070551
Lamon Ave & 47th St,31,2310563,0.0013416643476070551
Public Rack - Irving Park Rd & Leclaire Ave,31,2310563,0.0013416643476070551
Public Rack - Trader Joe's Clybourn Ave,31,2310563,0.0013416643476070551
Greenwood Ave & 97th St,31,2310563,0.0013416643476070551
Woodlawn & 103rd,31,2310563,0.0013416643476070551
Woodlawn Ave & 75th St,30,2310563,0.0012983848525229566
Public Rack - Wells St & Ontario St,30,2310563,0.0012983848525229566
State St & 127th St,30,2310563,0.0012983848525229566
Public Rack - Milwaukee Ave & Higgins Ave,29,2310563,0.001255105357438858
State St & 123rd St,29,2310563,0.001255105357438858
Halsted St & 123rd St,29,2310563,0.001255105357438858
Public Rack - Loomis St & Eleanor St,29,2310563,0.001255105357438858
Avers Ave & 16th St,29,2310563,0.001255105357438858
Public Rack - St Clair St & Ontario St,29,2310563,0.001255105357438858
Public Rack - Morgan St & Madison St,28,2310563,0.0012118258623547594
Public Rack - Clark St & Oak St,28,2310563,0.0012118258623547594
Loomis St & 95th St,28,2310563,0.0012118258623547594
Artesian Ave & 71st St,28,2310563,0.0012118258623547594
State St & 111th St,28,2310563,0.0012118258623547594
Mozart St & 55th St,28,2310563,0.0012118258623547594
Troy Ave & 27th St,27,2310563,0.0011685463672706608
Pulaski Rd & 68th St,27,2310563,0.0011685463672706608
Public Rack - Karlov Ave & Kamerling Ave,27,2310563,0.0011685463672706608
Public Rack - Drake Ave & Leland Ave,27,2310563,0.0011685463672706608
Franklin St & Monroe St Corral,27,2310563,0.0011685463672706608
St. Louis Ave & 59th St,27,2310563,0.0011685463672706608
Vincennes Ave & 75th St,27,2310563,0.0011685463672706608
State St & 76th St,27,2310563,0.0011685463672706608
[Archived] Wilton Ave & Diversey Pkwy,27,2310563,0.0011685463672706608
Ashland Ave & 78th St,27,2310563,0.0011685463672706608
Public Rack - Lafayette Ave & 95th St,27,2310563,0.0011685463672706608
St Louis Ave & 59th St,27,2310563,0.0011685463672706608
South Chicago Ave & Elliot Ave,27,2310563,0.0011685463672706608
Public Rack - Eberhart Ave & 61st St,27,2310563,0.0011685463672706608
Public Rack - Milwaukee Ave & Kennedy Expy,26,2310563,0.0011252668721865623
Public Rack - Nagel & Higgins,26,2310563,0.0011252668721865623
Bennett Ave & 79th St,25,2310563,0.0010819873771024638
Columbus Ave & 83rd Pl,25,2310563,0.0010819873771024638
Roscoe & Harlem,25,2310563,0.0010819873771024638
Damen Ave & 74th St,25,2310563,0.0010819873771024638
Public Rack - Lake Shore Dr & Hayes Dr,25,2310563,0.0010819873771024638
Springfield Ave & 71st St,25,2310563,0.0010819873771024638
Public Rack - Garfield Park Conservatory,24,2310563,0.0010387078820183653
Granville Ave & Pulaski Rd,24,2310563,0.0010387078820183653
Central Park Ave & 66th St,24,2310563,0.0010387078820183653
May St & 69th St,24,2310563,0.0010387078820183653
Public Rack - Forest Glen Station ,24,2310563,0.0010387078820183653
Public Rack - California Ave & Ogden Ave,24,2310563,0.0010387078820183653
Racine Ave & 57th St,24,2310563,0.0010387078820183653
North Ave & New England Ave,24,2310563,0.0010387078820183653
Public Rack - Milwaukee Ave & School St,24,2310563,0.0010387078820183653
Elizabeth St & 92nd St,24,2310563,0.0010387078820183653
Sacramento Blvd & Polk St,24,2310563,0.0010387078820183653
Parkside Ave & Armitage Ave,24,2310563,0.0010387078820183653
Greenwood Ave & 91st St,24,2310563,0.0010387078820183653
Monitor Ave & Fullerton Ave,23,2310563,0.0009954283869342666
Public Rack - Sheffield Ave & Dickens Ave,23,2310563,0.0009954283869342666
Torrence Ave & 106th St,23,2310563,0.0009954283869342666
Public Rack - Wacker Dr & Madison St (East),23,2310563,0.0009954283869342666
Public Rack - Mango & Higgins,23,2310563,0.0009954283869342666
Michigan Ave & 108th St,23,2310563,0.0009954283869342666
Michigan Ave & 114th St,23,2310563,0.0009954283869342666
Public Rack - Minuteman Park,23,2310563,0.0009954283869342666
Public Rack - Langley Ave & Oakwood Blvd,23,2310563,0.0009954283869342666
S Michigan Ave & E 118th St,23,2310563,0.0009954283869342666
Evans Ave & 75th St,22,2310563,0.0009521488918501681
Homan Ave & 65th St,22,2310563,0.0009521488918501681
Karlov Ave & Fillmore St,22,2310563,0.0009521488918501681
Constance Ave & 95th St,22,2310563,0.0009521488918501681
Stony Island Ave & South Chicago Ave,22,2310563,0.0009521488918501681
Public Rack - Sawyer Ave & Bryn Mawr Ave - SE,22,2310563,0.0009521488918501681
Altgeld Gardens,22,2310563,0.0009521488918501681
Public Rack - Peterson Park,21,2310563,0.0009088693967660695
Indiana Ave & 133rd St,21,2310563,0.0009088693967660695
Public Rack - Wacker Dr & Madison St (West),21,2310563,0.0009088693967660695
Oak Park Ave & Wellington Ave,21,2310563,0.0009088693967660695
Paulina Ave & 87th St,21,2310563,0.0009088693967660695
Public Rack - Kenton Ave & Palmer St,20,2310563,0.000865589901681971
Public Rack - Milwaukee Ave & Culyer Ave,20,2310563,0.000865589901681971
Mango Ave & Grand Ave,20,2310563,0.000865589901681971
Kildare & Cermak,20,2310563,0.000865589901681971
Commercial Ave & 100th St,20,2310563,0.000865589901681971
Pulaski Rd & 60th Pl,20,2310563,0.000865589901681971
Kedzie Ave & 73rd St,20,2310563,0.000865589901681971
Major Taylor Trail & 124th St,20,2310563,0.000865589901681971
Public Rack - Rockwell Ave & Touhy Ave ,19,2310563,0.0008223104065978725
Public Rack - Menard Ave & Dakin St - midblock,19,2310563,0.0008223104065978725
Public Rack - Olmstead Ave & Oliphant Ave,19,2310563,0.0008223104065978725
Pulaski Rd & 60th St,19,2310563,0.0008223104065978725
Public Rack - Richard Daley College,19,2310563,0.0008223104065978725
Public Rack - Washington Park Ct & 51st St,19,2310563,0.0008223104065978725
Public Rack - St Louis Ave & Berteau Ave,19,2310563,0.0008223104065978725
St. Louis Ave & 71st St,19,2310563,0.0008223104065978725
Public Rack - Laramine Ave & Winnemac Ave,19,2310563,0.0008223104065978725
Latrobe Ave & Chicago Ave,19,2310563,0.0008223104065978725
Public Rack - Central Ave & Lawrence Ave,19,2310563,0.0008223104065978725
Western Ave & 62nd St,19,2310563,0.0008223104065978725
Harding Ave & 31st St,18,2310563,0.000779030911513774
New England Ave & North Ave,18,2310563,0.000779030911513774
Front Ave & 115th St,18,2310563,0.000779030911513774
Public Rack - Kenneth & Carmen,18,2310563,0.000779030911513774
Public Rack - Kedvale Ave & 63rd St W,18,2310563,0.000779030911513774
Lavergne Ave & Archer Ave,18,2310563,0.000779030911513774
Public Rack - Centennial Park North,18,2310563,0.000779030911513774
Public Rack - Walden Pkwy & 103rd St,18,2310563,0.000779030911513774
Public Rack - Bryn Mawr Ave & Spaulding Ave,17,2310563,0.0007357514164296753
Kildare Ave & 85th St (Kostner Ave & 87th St TEMPORARY),17,2310563,0.0007357514164296753
Marquette Ave & 89th St,17,2310563,0.0007357514164296753
Public Rack - Avers & Lawrence,17,2310563,0.0007357514164296753
MLK Jr Dr & 83rd St,17,2310563,0.0007357514164296753
Manistee Ave & 95th St,17,2310563,0.0007357514164296753
Public Rack - Campbell Ave & Pratt Blvd,17,2310563,0.0007357514164296753
Fullerton & Monitor,17,2310563,0.0007357514164296753
Public Rack - Clifton Ave & Webster Ave,17,2310563,0.0007357514164296753
Public Rack - Sheffield Ave & Belden Ave,17,2310563,0.0007357514164296753
Public Rack - Orleans St & Ontario St,17,2310563,0.0007357514164296753
Public Rack - Greenwood Ave & Lake Park Ave,17,2310563,0.0007357514164296753
Public Rack - Tripp Ave & North Ave,17,2310563,0.0007357514164296753
Public Rack - Keystone Ave & North Ave,17,2310563,0.0007357514164296753
Public Rack - Norwood Park Station ,17,2310563,0.0007357514164296753
Public Rack - Hiawatha & Mendota,17,2310563,0.0007357514164296753
Steelworkers Park (Updated),17,2310563,0.0007357514164296753
Public Rack - Austin Blvd & North Ave,16,2310563,0.0006924719213455768
Public Rack - Hoyne Ave & Grand Ave,16,2310563,0.0006924719213455768
Public Rack - Pulaski Rd & Lake St,16,2310563,0.0006924719213455768
Lavergne Ave & 44th St,16,2310563,0.0006924719213455768
Public Rack - Pulaski Rd & 44th St,16,2310563,0.0006924719213455768
Public Rack - 532 E 43rd St,16,2310563,0.0006924719213455768
Public Rack - Jeffery Blvd & 67th St,16,2310563,0.0006924719213455768
Public Rack - Woodlawn Ave & 63rd St S,16,2310563,0.0006924719213455768
Public Rack - Prairie Ave & Garfield Blvd N,16,2310563,0.0006924719213455768
Public Rack - Oak Park & Higgins,16,2310563,0.0006924719213455768
Public Rack - Sacramento Ave & Devon Ave,16,2310563,0.0006924719213455768
Public Rack - Kedzie Ave & Chicago Ave,16,2310563,0.0006924719213455768
Public Rack - Lawrence Ave & Kimball Ave,16,2310563,0.0006924719213455768
Public Rack - Western Ave & Chicago Ave,16,2310563,0.0006924719213455768
Steelworkers Park Public Rack,16,2310563,0.0006924719213455768
Public Rack - Kenmore Ave & Armitage Ave,16,2310563,0.0006924719213455768
Public Rack - Touhy Ave & Oconto Ave,16,2310563,0.0006924719213455768
Western Ave & 81st St,15,2310563,0.0006491924262614783
Public Rack - Langley Ave & 49th St,15,2310563,0.0006491924262614783
S Aberdeen St & W 106th St,15,2310563,0.0006491924262614783
Public Rack - Kimball Ave & Carmen Ave,15,2310563,0.0006491924262614783
Public Rack - Hollywood Park,15,2310563,0.0006491924262614783
Public Rack - Justine St & 87th St,15,2310563,0.0006491924262614783
Public Rack - Milwaukee Ave & Addison St,15,2310563,0.0006491924262614783
Public Rack - Bernard St & Foster Ave,14,2310563,0.0006059129311773797
California Ave & 29th St,14,2310563,0.0006059129311773797
Public Rack - Milwaukee Ave & Lawrence Ave,14,2310563,0.0006059129311773797
Loomis St & 89th St,14,2310563,0.0006059129311773797
Public Rack - Clifton Ave & Armitage Ave,14,2310563,0.0006059129311773797
Addison Red Line Corral,14,2310563,0.0006059129311773797
Public Rack - Homan Ave & Lake St,14,2310563,0.0006059129311773797
Troy St & 27th St,14,2310563,0.0006059129311773797
Rhodes Ave & 71st St,14,2310563,0.0006059129311773797
Laramie Ave & Gladys Ave,14,2310563,0.0006059129311773797
Wabash Ave & 83rd St,14,2310563,0.0006059129311773797
Public Rack - Overhill Ave & Touhy Ave,13,2310563,0.0005626334360932812
Public Rack - Lockwood & Archer,13,2310563,0.0005626334360932812
Public Rack - Western Ave & 92nd Pl,13,2310563,0.0005626334360932812
Public Rack - Kimball & Ardmore,13,2310563,0.0005626334360932812
Marshfield Ave & 59th St,13,2310563,0.0005626334360932812
Public Rack - Milwaukee Ave & Warner Ave,13,2310563,0.0005626334360932812
Public Rack - Lotus Ave & Lawrence Ave,13,2310563,0.0005626334360932812
Eberhart Ave & 131st St,13,2310563,0.0005626334360932812
MLK Dr & 111th St,13,2310563,0.0005626334360932812
Hastings St Depot Public Rack,13,2310563,0.0005626334360932812
Racine Ave & 61st St,13,2310563,0.0005626334360932812
Public Rack - Centennial Park South,13,2310563,0.0005626334360932812
Public Rack - Western Ave & 100th St,13,2310563,0.0005626334360932812
Public Rack - Pulaski Rd & Fullerton Ave,13,2310563,0.0005626334360932812
Michigan Ave & 113th St,12,2310563,0.0005193539410091826
Public Rack - Central Park & Peterson,12,2310563,0.0005193539410091826
Commercial Ave & 97th St,12,2310563,0.0005193539410091826
Public Rack - Trumbull Ave & 111th St,12,2310563,0.0005193539410091826
Avers Ave & 103rd St,12,2310563,0.0005193539410091826
Kostner Ave & Adams St,12,2310563,0.0005193539410091826
Public Rack - Lavergne Ave & Belle Plaine Ave,12,2310563,0.0005193539410091826
Damen Ave & 33rd St,12,2310563,0.0005193539410091826
Public Rack - Western Ave & Jarvis Ave,12,2310563,0.0005193539410091826
Public Rack - Mozart Elementary School,12,2310563,0.0005193539410091826
Public Rack - Delphina & Foster,12,2310563,0.0005193539410091826
Harlem Ave & Roscoe St,12,2310563,0.0005193539410091826
Ada St & 113th Pl,12,2310563,0.0005193539410091826
Carpenter St & 63rd St,12,2310563,0.0005193539410091826
S Wentworth Ave & W 111th St,12,2310563,0.0005193539410091826
Public Rack - Central & Prescott,12,2310563,0.0005193539410091826
Summit Ave & 86th St,11,2310563,0.00047607444592508407
Public Rack - S. Kilpatrick and W. 79th,11,2310563,0.00047607444592508407
Laramie Ave & Augusta Blvd,11,2310563,0.00047607444592508407
Public Rack - Milwaukee Ave & Leland Ave,11,2310563,0.00047607444592508407
Public Rack - Christiana & Lincoln,11,2310563,0.00047607444592508407
Cottage Grove Ave & 107th St,11,2310563,0.00047607444592508407
Public Rack - Christiana Ave & 55th St,11,2310563,0.00047607444592508407
Public Rack - Kostner Ave & North Ave,11,2310563,0.00047607444592508407
Wentworth Ave & 104th St,11,2310563,0.00047607444592508407
Public Rack - Oak Park Ave & Foster Ave,11,2310563,0.00047607444592508407
Wentworth Ave & 111th St,11,2310563,0.00047607444592508407
Public Rack - Linder Ave & 64th Pl,11,2310563,0.00047607444592508407
Public Rack - Mulligan & Northwest Hwy,11,2310563,0.00047607444592508407
Public Rack - Ewing Ave & 107th St,11,2310563,0.00047607444592508407
Public Rack - Evans Ave & 63rd St,11,2310563,0.00047607444592508407
Public Rack - Maplewood Ave & Chicago Ave,11,2310563,0.00047607444592508407
Lake/Morgan Corral,11,2310563,0.00047607444592508407
Public Rack - Trebes Park,10,2310563,0.0004327949508409855
Public Rack - Irving Park Rd & Menard Ave,10,2310563,0.0004327949508409855
Public Rack - Sawyer Ave & Lawrence Ave,10,2310563,0.0004327949508409855
Public Rack - State ST & 42nd St,10,2310563,0.0004327949508409855
Shields Ave & 57th St,10,2310563,0.0004327949508409855
N Whipple St & Irving Park Rd,10,2310563,0.0004327949508409855
Public Rack - Emerald Ave & 45th St,10,2310563,0.0004327949508409855
Public Rack - Mont Clare Ave & Higgins Ave,10,2310563,0.0004327949508409855
Public Rack - Pulaski Rd & Armitage Ave,10,2310563,0.0004327949508409855
Public Rack - Houston Ave & 91st St,10,2310563,0.0004327949508409855
Ave H & 110th St,10,2310563,0.0004327949508409855
Public Rack - Calumet Ave & 51st St,10,2310563,0.0004327949508409855
Public Rack - Natoma Ave & 61st St,10,2310563,0.0004327949508409855
Public Rack - Milwaukee Ave & Pensacola Ave,10,2310563,0.0004327949508409855
Public Rack - Orleans St & Chicago Ave,10,2310563,0.0004327949508409855
Public Rack - Fullerton Ave & Narragansett Ave,10,2310563,0.0004327949508409855
Public Rack - Cicero & 64th,10,2310563,0.0004327949508409855
Public Rack - Monticello & Lawrence,10,2310563,0.0004327949508409855
Public Rack - Milwaukee Ave & Sunnyside Ave,10,2310563,0.0004327949508409855
Public Rack - Rutherford Ave & Belmont Ave,9,2310563,0.000389515455756887
Public Rack - Pulaski & Ardmore,9,2310563,0.000389515455756887
Public Rack - Ford City Mall,9,2310563,0.000389515455756887
Hastings St Depot LWS,9,2310563,0.000389515455756887
Public Rack - Jeffrey Blvd & 71st St,9,2310563,0.000389515455756887
Public Rack - Avers Ave & Ogden Ave,9,2310563,0.000389515455756887
Michigan Ave & 118th St,9,2310563,0.000389515455756887
Public Rack - Linder & Elston,9,2310563,0.000389515455756887
Public Rack - Laramie Ave & Belmont Ave,9,2310563,0.000389515455756887
Public Rack - Wilbur Wright College South,9,2310563,0.000389515455756887
Hubbard St Depot Public Rack,9,2310563,0.000389515455756887
Public Rack - Northwest Hwy & Neva Ave,9,2310563,0.000389515455756887
Public Rack - California Ave & Pershing Rd,8,2310563,0.0003462359606727884
Public Rack - Lighthouse Beach,8,2310563,0.0003462359606727884
Public Rack - Melvina Ave & Belmont Ave,8,2310563,0.0003462359606727884
Public Rack - Ottowa Ave & Touhy Ave,8,2310563,0.0003462359606727884
Green St & 86th St,8,2310563,0.0003462359606727884
Lake/Sangamon Corral,8,2310563,0.0003462359606727884
Public Rack - Central Park Ave & Fulton Blvd,8,2310563,0.0003462359606727884
Public Rack - Imlay & Milwaukee,8,2310563,0.0003462359606727884
Lake/Aberdeen Corral,8,2310563,0.0003462359606727884
Public Rack - Narragansett Ave & Fullerton Ave,8,2310563,0.0003462359606727884
Public Rack - Melvina & Foster,8,2310563,0.0003462359606727884
Public Rack - Western Ave & 47th Pl,8,2310563,0.0003462359606727884
Public Rack - Chappel Ave & 71st St,8,2310563,0.0003462359606727884
Public Rack - Chase Ave & Touhy Ave - NE,8,2310563,0.0003462359606727884
Public Rack - Central Ave & Pensacola Ave,8,2310563,0.0003462359606727884
Public Rack - South Boulevard Beach,7,2310563,0.00030295646558868984
Public Rack - Throop St & 58th St,7,2310563,0.00030295646558868984
Public Rack - Pullman - Walmart,7,2310563,0.00030295646558868984
Public Rack - Norwood Park,7,2310563,0.00030295646558868984
Public Rack - Irving Park Rd & Parkside Ave,7,2310563,0.00030295646558868984
Racine/Lake Corral,7,2310563,0.00030295646558868984
Public Rack - 111th St - Morgan Park Metra,7,2310563,0.00030295646558868984
Public Rack - Linder Ave & Archer Ave,7,2310563,0.00030295646558868984
Public Rack - Cicero Ave & North Ave,7,2310563,0.00030295646558868984
Public Rack - Bryn Mawr Ave & Milwaukee Ave,7,2310563,0.00030295646558868984
Public Rack - Princeton Ave & 43rd St,7,2310563,0.00030295646558868984
Public Rack - Strohacker Park,7,2310563,0.00030295646558868984
Public Rack - 85th Pl & Pulaski Rd,7,2310563,0.00030295646558868984
Public Rack - Spaulding Ave & Bryn Mawr Ave,7,2310563,0.00030295646558868984
Public Rack - Ewing Ave & Indianapolis Ave,7,2310563,0.00030295646558868984
Public Rack - Central Ave & Corcoran Pl,7,2310563,0.00030295646558868984
Public Rack - Oketo & Talcott,7,2310563,0.00030295646558868984
Sacramento Ave & Polk St,7,2310563,0.00030295646558868984
Public Rack - Martin Luther King Dr & 69th St,7,2310563,0.00030295646558868984
Public Rack - Nordica & Archer,7,2310563,0.00030295646558868984
Public Rack - Odell & Talcott,7,2310563,0.00030295646558868984
Public Rack - Cottage Grove & 84th St,7,2310563,0.00030295646558868984
Public Rack - Whipple St & 63rd St,7,2310563,0.00030295646558868984
Public Rack - Pullman - Planet Fitness,7,2310563,0.00030295646558868984
Public Rack - Central & Leland,7,2310563,0.00030295646558868984
Public Rack - Natoma Ave & Bryn Mawr Ave,7,2310563,0.00030295646558868984
Public Rack - Austin Ave & Roscoe St,6,2310563,0.0002596769705045913
Public Rack - Menard Ave & Belmont Ave,6,2310563,0.0002596769705045913
Public Rack - Winona St & Elston Ave,6,2310563,0.0002596769705045913
Public Rack - 63rd Pl & Narraganssett Ave,6,2310563,0.0002596769705045913
Public Rack - N. Oakview and W. Gregory St,6,2310563,0.0002596769705045913
Public Rack - Independence Blvd & Roosevelt,6,2310563,0.0002596769705045913
Public Rack - Komensky Ave & 59th St,6,2310563,0.0002596769705045913
Public Rack - King Dr & 115th St,6,2310563,0.0002596769705045913
Public Rack - Oketo & Northwest Hwy,6,2310563,0.0002596769705045913
Public Rack - Christiana Ave & Lawrence Ave,6,2310563,0.0002596769705045913
Public Rack - Parkside & 63rd,6,2310563,0.0002596769705045913
Public Rack - Irving Park Rd & Austin Ave,6,2310563,0.0002596769705045913
Public Rack - Ozark Ave & Addison St,6,2310563,0.0002596769705045913
Public Rack - Nordica Ave & Addison St,6,2310563,0.0002596769705045913
Public Rack - Hamlin Ave & Madison St,6,2310563,0.0002596769705045913
Public Rack - Wentworth Park,6,2310563,0.0002596769705045913
Public Rack - 63rd St and Nagle Ave,6,2310563,0.0002596769705045913
Public Rack - Plainfield Ave & Irving Park Rd,6,2310563,0.0002596769705045913
Public Rack - N Narragansett Ave & Grand Ave,6,2310563,0.0002596769705045913
Public Rack - King Dr & Oakwood Blvd,6,2310563,0.0002596769705045913
Public Rack - Penn Elementary School / KIPP Ascend Middle School,6,2310563,0.0002596769705045913
Public Rack - Kildare Ave & Washignton Blvd,6,2310563,0.0002596769705045913
Hubbard St Depot,6,2310563,0.0002596769705045913
Public Rack - Western Ave & 105th St,6,2310563,0.0002596769705045913
Public Rack - Canfield & Victoria,6,2310563,0.0002596769705045913
Franciso Ave & Bloomingdale Ave,6,2310563,0.0002596769705045913
Public Rack - Wentworth Ave & 103rd St,6,2310563,0.0002596769705045913
Public Rack - Mason Ave & Milwaukee Ave,6,2310563,0.0002596769705045913
Public Rack - Lynch & Elston,6,2310563,0.0002596769705045913
Public Rack - Menard Ave & Grand Ave,5,2310563,0.00021639747542049275
Public Rack - Kedzie Ave & 64th St - SE,5,2310563,0.00021639747542049275
Public Rack - Kilpatrick & Elston,5,2310563,0.00021639747542049275
Public Rack - Avers & Granville,5,2310563,0.00021639747542049275
Public Rack - Springfield & 79th,5,2310563,0.00021639747542049275
Public Rack - Damen Ave & 47th St,5,2310563,0.00021639747542049275
Public Rack - Kostner & Bryn Mawr,5,2310563,0.00021639747542049275
Public Rack - St Louis & Lincoln,5,2310563,0.00021639747542049275
Public Rack - Central & Berteau,5,2310563,0.00021639747542049275
Public Rack - Neenah & Dakin,5,2310563,0.00021639747542049275
Public Rack - Ashland Ave & 71st St,5,2310563,0.00021639747542049275
Public Rack - Christiana Ave & Bryn Mawr Ave,5,2310563,0.00021639747542049275
Public Rack - Lawndale Ave & Polk St,5,2310563,0.00021639747542049275
Public Rack - Laramie Ave & Fullerton Ave,5,2310563,0.00021639747542049275
Public Rack - Harlem & Palatine,5,2310563,0.00021639747542049275
Public Rack - Division St & Christiana Ave,5,2310563,0.00021639747542049275
Public Rack - Lockwood Ave & Diversey Ave,5,2310563,0.00021639747542049275
Public Rack - Prairie Ave & Garfield Blvd S,5,2310563,0.00021639747542049275
Public Rack - Legler Regional Library,5,2310563,0.00021639747542049275
Public Rack - California Ave & Devon Ave - NE,5,2310563,0.00021639747542049275
Public Rack - 4810 Keeler Ave,5,2310563,0.00021639747542049275
Public Rack - Michigan Ave & 119th St,5,2310563,0.00021639747542049275
Madison St & Wells St,5,2310563,0.00021639747542049275
Public Rack - Kolin Ave & Archer Ave,5,2310563,0.00021639747542049275
Public Rack - Laramie Ave & Grand Ave,5,2310563,0.00021639747542049275
Public Rack - Rockwell & 111th St,5,2310563,0.00021639747542049275
Daley Center Plaza Corral,5,2310563,0.00021639747542049275
Ada St & 113th Place,5,2310563,0.00021639747542049275
Public Rack - Komensky Ave & 63rd St,5,2310563,0.00021639747542049275
Public Rack - Ashland Ave & 46th St,4,2310563,0.0001731179803363942
Public Rack - Neola & Northwest Hwy,4,2310563,0.0001731179803363942
Public Rack - Talman Ave & 51st St,4,2310563,0.0001731179803363942
Public Rack - Hiawatha Ave & Minnehaha Ave,4,2310563,0.0001731179803363942
Public Rack - Lee Street Beach,4,2310563,0.0001731179803363942
Public Rack - Kedzie Ave & 58th St,4,2310563,0.0001731179803363942
Public Rack - Milwaukee Ave & Catalpa Ave,4,2310563,0.0001731179803363942
Public Rack - Pulaski & Rosemont,4,2310563,0.0001731179803363942
Public Rack - Halsted St & 111th St,4,2310563,0.0001731179803363942
Public Rack - William J Onahan Public School,4,2310563,0.0001731179803363942
Public Rack - Cicero Ave & Cortland St - midblock,4,2310563,0.0001731179803363942
Woodlawn Ave & 103rd St,4,2310563,0.0001731179803363942
Public Rack - Karlov Ave & Lawrence Ave,4,2310563,0.0001731179803363942
Public Rack - Pulaski Rd & Roosevelt Rd,4,2310563,0.0001731179803363942
Public Rack - Montrose Ave & Lavergne Ave,4,2310563,0.0001731179803363942
Public Rack - Loomis Blvd & 47th St,4,2310563,0.0001731179803363942
Public Rack - Forest Glen & Peterson,4,2310563,0.0001731179803363942
Public Rack - Langley Ave & 105th Pl,4,2310563,0.0001731179803363942
Public Rack - Central Park Ave & Fillmore St,4,2310563,0.0001731179803363942
Public Rack - Exchange Ave & 73rd Pl,4,2310563,0.0001731179803363942
Public Rack - Sayer & Northwest Hwy,4,2310563,0.0001731179803363942
Public Rack - Western Ave & 107th St,4,2310563,0.0001731179803363942
Public Rack - Newcastle Ave & Belmont Ave,4,2310563,0.0001731179803363942
Public Rack - Halsted St & 102nd St,4,2310563,0.0001731179803363942
Public Rack - Parkside & Archer,4,2310563,0.0001731179803363942
Public Rack - Hoyne Ave & 110th Pl,4,2310563,0.0001731179803363942
Public Rack - Neva & Foster,4,2310563,0.0001731179803363942
Public Rack - Central Park & Bryn Mawr,4,2310563,0.0001731179803363942
Public Rack - California Ave & Devon Ave - NW,4,2310563,0.0001731179803363942
Public Rack - Nagle Ave & Belmont Ave,4,2310563,0.0001731179803363942
Public Rack - Racine Ave & 109th Pl,4,2310563,0.0001731179803363942
California Blvd & 29th St,3,2310563,0.00012983848525229566
Public Rack - Kostner Ave & Diversey Ave,3,2310563,0.00012983848525229566
Public Rack - Marquette Rd & 67th St,3,2310563,0.00012983848525229566
Public Rack - Northwest Hwy & Bryn Mawr,3,2310563,0.00012983848525229566
Public Rack - Burnham Shores Park,3,2310563,0.00012983848525229566
Kildare Ave & 85th St,3,2310563,0.00012983848525229566
Public Rack - East End Ave & 87th St,3,2310563,0.00012983848525229566
Public Rack - Wrightwood Metra Station,3,2310563,0.00012983848525229566
Public Rack - Jeffery Blvd & 83rd St,3,2310563,0.00012983848525229566
Lasalle St & Washington St,3,2310563,0.00012983848525229566
Public Rack - Kedzie Ave & 54th St - SE,3,2310563,0.00012983848525229566
Public Rack - Kedzie Ave & 62nd Pl,3,2310563,0.00012983848525229566
Public Rack - Chase Ave & Touhy Ave - NW,3,2310563,0.00012983848525229566
Public Rack - Elston Ave & Gunnison St,3,2310563,0.00012983848525229566
Public Rack - Kenton & Lawrence,3,2310563,0.00012983848525229566
Public Rack - Menard Ave & Adams Blvd,3,2310563,0.00012983848525229566
Public Rack - Linder Ave & Belmont Ave,3,2310563,0.00012983848525229566
Public Rack - Western & 79th,3,2310563,0.00012983848525229566
Public Rack - Octavia Ave & Touhy Ave,3,2310563,0.00012983848525229566
Public Rack - Midway Orange Line,3,2310563,0.00012983848525229566
Yates Ave & 95th St,3,2310563,0.00012983848525229566
Public Rack - Linder & 51st,3,2310563,0.00012983848525229566
Public Rack - Halsted St & 41st St,3,2310563,0.00012983848525229566
Public Rack - Milwaukee Ave & Waveland Ave,3,2310563,0.00012983848525229566
Public Rack - Kedvale Ave & Avondale Ave,3,2310563,0.00012983848525229566
Public Rack - Chopin Park,3,2310563,0.00012983848525229566
Public Rack - Melvina Ave & Montrose Ave,3,2310563,0.00012983848525229566
Public Rack - Lawndale Ave & Roosevelt,3,2310563,0.00012983848525229566
Public Rack - Mackinaw Ave & 108th St,3,2310563,0.00012983848525229566
Public Rack - Irving Park Rd & Melvina Ave,3,2310563,0.00012983848525229566
Public Rack - Austin Ave & Wellington Ave,3,2310563,0.00012983848525229566
Public Rack - Waller Ave & Chicago Ave,3,2310563,0.00012983848525229566
Public Rack - Peoria St & 60th St,3,2310563,0.00012983848525229566
Public Rack - Foster Ave & Drake Ave,3,2310563,0.00012983848525229566
Public Rack - Forrestville Ave & 47th St,3,2310563,0.00012983848525229566
Public Rack - Avenue M & 132nd St,3,2310563,0.00012983848525229566
Public Rack - Kedzie Ave & 61st Pl W,3,2310563,0.00012983848525229566
Public Rack - Houston Ave & 131st St,3,2310563,0.00012983848525229566
Public Rack - Wolcott Ave & 61st St,2,2310563,8.65589901681971e-05
Public Rack - Ada St & 119th St,2,2310563,8.65589901681971e-05
Public Rack - Central Ave & North Ave,2,2310563,8.65589901681971e-05
Public Rack - California Ave & Touhy Ave - SW,2,2310563,8.65589901681971e-05
Public Rack - Elliott Park,2,2310563,8.65589901681971e-05
Public Rack - Walden Pkwy & 99th St,2,2310563,8.65589901681971e-05
Public Rack - Pulaski & 74th,2,2310563,8.65589901681971e-05
Public Rack - Leoti Ave & Central Ave (south),2,2310563,8.65589901681971e-05
Public Rack - King Dr & 71st St,2,2310563,8.65589901681971e-05
Public Rack - Western Ave & 111th St - SW,2,2310563,8.65589901681971e-05
Public Rack - Bell Ave & 95th St,2,2310563,8.65589901681971e-05
Public Rack - Minnehaha Ave & Devon Ave,2,2310563,8.65589901681971e-05
Public Rack - Commercial Ave & 89th St,2,2310563,8.65589901681971e-05
Public Rack - Halsted St & 63rd St,2,2310563,8.65589901681971e-05
Public Rack - Northwest Hwy & Raven St,2,2310563,8.65589901681971e-05
Public Rack - Kostner & Peterson,2,2310563,8.65589901681971e-05
Public Rack - Torrence Ave & 103rd St,2,2310563,8.65589901681971e-05
Public Rack - Kedzie & 103rd St - W,2,2310563,8.65589901681971e-05
Public Rack - Parkside & Elston,2,2310563,8.65589901681971e-05
Public Rack - Halsted St & 109th St,2,2310563,8.65589901681971e-05
Public Rack - Spencer Elementary Technology Academy,2,2310563,8.65589901681971e-05
Public Rack - Laramie Ave & Warwick Ave,2,2310563,8.65589901681971e-05
Public Rack - Meade Ave & Archer Ave,2,2310563,8.65589901681971e-05
Public Rack - Martin Luther King Dr & 44th St,2,2310563,8.65589901681971e-05
Public Rack - Homan Ave & Roosevelt,2,2310563,8.65589901681971e-05
Marmora Ave & Belmont Ave (temporary),2,2310563,8.65589901681971e-05
Public Rack - Western Ave & 96th St,2,2310563,8.65589901681971e-05
Public Rack - Neva Ave & Grand Ave,2,2310563,8.65589901681971e-05
Public Rack - Newland Ave & Diversey Ave,2,2310563,8.65589901681971e-05
Public Rack - Kedzie Ave & Archer Ave,2,2310563,8.65589901681971e-05
Public Rack - Hale Ave & 111th St,2,2310563,8.65589901681971e-05
Public Rack - Torrence Ave & 98th St,2,2310563,8.65589901681971e-05
Public Rack - Ozanam Ave & Devon Ave,2,2310563,8.65589901681971e-05
Public Rack - Western Ave & 110th St,2,2310563,8.65589901681971e-05
Public Rack - Hamlin Ave & Grand Ave,2,2310563,8.65589901681971e-05
Public Rack - Keeler Ave & 26th St,2,2310563,8.65589901681971e-05
Public Rack - Neenah & Archer,2,2310563,8.65589901681971e-05
Public Rack - Ozman & Talcott,2,2310563,8.65589901681971e-05
Public Rack - Sacramento Blvd & Washington Blvd,2,2310563,8.65589901681971e-05
Public Rack - Ashland Ave & 63rd St,2,2310563,8.65589901681971e-05
Public Rack - St Louis & 83rd,2,2310563,8.65589901681971e-05
Public Rack - Wilbur Wright College North,2,2310563,8.65589901681971e-05
Public Rack - Albany Ave & 63rd St,2,2310563,8.65589901681971e-05
Public Rack - Kedzie Ave & Arthington St,2,2310563,8.65589901681971e-05
Public Rack - Racine Ave & 74th St,2,2310563,8.65589901681971e-05
Public Rack - Wood St & 103rd St,2,2310563,8.65589901681971e-05
Public Rack - Kostner Ave & 16th St,2,2310563,8.65589901681971e-05
Public Rack - Wabash Ave & 87th St,2,2310563,8.65589901681971e-05
Public Rack - 63rd St and Natoma Ave,2,2310563,8.65589901681971e-05
Public Rack - McVicker Ave & Grand Ave,2,2310563,8.65589901681971e-05
Public Rack - Kedzie Ave & Walnut St,2,2310563,8.65589901681971e-05
Public Rack - Green St & 103rd St,2,2310563,8.65589901681971e-05
Public Rack - Spaulding Ave & Foster Ave,2,2310563,8.65589901681971e-05
Public Rack - Marshfield Ave & 87th St,2,2310563,8.65589901681971e-05
Public Rack - May St & 87th St,2,2310563,8.65589901681971e-05
Lake/Carpenter Corral,2,2310563,8.65589901681971e-05
Perry St & 119th St,2,2310563,8.65589901681971e-05
Public Rack - Kedzie Ave & 64th St - SW,2,2310563,8.65589901681971e-05
Public Rack - Mason Ave & Roosevelt Rd,2,2310563,8.65589901681971e-05
Public Rack - Rhodes Ave & 79th St,2,2310563,8.65589901681971e-05
Public Rack - California Ave & Touhy Ave - NW,2,2310563,8.65589901681971e-05
Public Rack - Western Ave & 104th St - West,2,2310563,8.65589901681971e-05
Public Rack - Devon Ave & Central Ave,2,2310563,8.65589901681971e-05
Public Rack - Halsted St & 95th St - SW,2,2310563,8.65589901681971e-05
Public Rack - Western Ave & 106th St - East,2,2310563,8.65589901681971e-05
Public Rack - Eli Whitney Public School,2,2310563,8.65589901681971e-05
Public Rack - Al Raby School,2,2310563,8.65589901681971e-05
Public Rack - Harper Ave & 63rd St,2,2310563,8.65589901681971e-05
Public Rack - Cottage Grove Ave & 92nd St,2,2310563,8.65589901681971e-05
Public Rack - Cicero Ave & Roscoe St,2,2310563,8.65589901681971e-05
Public Rack - Kostner Ave & Wrightwood Ave,2,2310563,8.65589901681971e-05
Public Rack - Pulaski Rd & Stevens Ave,1,2310563,4.327949508409855e-05
Public Rack - Austin & Higgins,1,2310563,4.327949508409855e-05
Public Rack - Hamilton Ave & 95th St,1,2310563,4.327949508409855e-05
Public Rack - Halsted St & 80th St,1,2310563,4.327949508409855e-05
Public Rack - Clark Square Park,1,2310563,4.327949508409855e-05
Public Rack - Mackinaw Ave & 106th St,1,2310563,4.327949508409855e-05
Public Rack - Indiana Ave & 111th St,1,2310563,4.327949508409855e-05
Public Rack - Western Ave & 106th St - West,1,2310563,4.327949508409855e-05
Public Rack - Kildare Ave & 63rd St,1,2310563,4.327949508409855e-05
Washington/Green (Washington Side) Corral,1,2310563,4.327949508409855e-05
Public Rack - Austin Ave & Archer Ave,1,2310563,4.327949508409855e-05
Public Rack - Devon Ave & Kinzua Ave,1,2310563,4.327949508409855e-05
Public Rack - Talman Ave & Pershing Rd,1,2310563,4.327949508409855e-05
Public Rack - Morgan St & 87th St,1,2310563,4.327949508409855e-05
Public Rack - Hamlin Ave & Chicago Ave,1,2310563,4.327949508409855e-05
Aberdeen St & 106th St,1,2310563,4.327949508409855e-05
Public Rack - Ewing Ave & 102nd St,1,2310563,4.327949508409855e-05
Public Rack - Lavergne & Lawrence,1,2310563,4.327949508409855e-05
Public Rack - Ewing Ave & 99th St,1,2310563,4.327949508409855e-05
Public Rack - Washtenaw Ave & 63rd St,1,2310563,4.327949508409855e-05
Public Rack - Racine Ave & 83rd St,1,2310563,4.327949508409855e-05
Public Rack - Brandon Ave & 91st St,1,2310563,4.327949508409855e-05
Public Rack - Kingston Ave & 75th St,1,2310563,4.327949508409855e-05
Public Rack - Baltimore Ave & 132nd St,1,2310563,4.327949508409855e-05
Public Rack - Archer Park,1,2310563,4.327949508409855e-05
Public Rack - S Menard & W 63rd,1,2310563,4.327949508409855e-05
Public Rack - 10101 S Stony Island Ave,1,2310563,4.327949508409855e-05
Public Rack - Cottage Grove & 85th St,1,2310563,4.327949508409855e-05
Public Rack - Wallace St & 112 St,1,2310563,4.327949508409855e-05
Public Rack - Nordica Ave & Higgins Ave,1,2310563,4.327949508409855e-05
Public Rack - Ashland Ave & 74th St,1,2310563,4.327949508409855e-05
Public Rack - Western Ave & 111th St - NW,1,2310563,4.327949508409855e-05
Public Rack - Austin Branch Chicago Public Library,1,2310563,4.327949508409855e-05
Washington/Green (Green Side) Corral,1,2310563,4.327949508409855e-05
Midway Corral,1,2310563,4.327949508409855e-05
Public Rack - Central Park Ave & 16th St,1,2310563,4.327949508409855e-05
Public Rack - Christiana Ave & Archer Ave,1,2310563,4.327949508409855e-05
Public Rack - Marshfield Ave & 45th St,1,2310563,4.327949508409855e-05
Public Rack - Komensky Ave & 26th St,1,2310563,4.327949508409855e-05
Public Rack - Newcastle Ave & Belden Ave,1,2310563,4.327949508409855e-05
Public Rack - Rockwell Ave & 71st St,1,2310563,4.327949508409855e-05
Public Rack - Kildare Ave & North Ave,1,2310563,4.327949508409855e-05
Public Rack - Cornell Ave & 87th Pl,1,2310563,4.327949508409855e-05
Public Rack - Michigan Ave & 96th St,1,2310563,4.327949508409855e-05
Public Rack - Elston Ave & Kenneth Ave,1,2310563,4.327949508409855e-05
Public Rack - Ashland Ave & 83rd St,1,2310563,4.327949508409855e-05
Public Rack - Cicero Ave & Wellington Ave,1,2310563,4.327949508409855e-05
Public Rack - Harvey Ave & North Ave,1,2310563,4.327949508409855e-05
Public Rack - Lawndale Ave & 23rd St,1,2310563,4.327949508409855e-05
Public Rack - Kilbourn Ave & Fullerton Ave,1,2310563,4.327949508409855e-05
Public Rack - Dawes Park North,1,2310563,4.327949508409855e-05
Public Rack - May St & 78th St,1,2310563,4.327949508409855e-05
Public Rack - Maryland Ave & 87th ST,1,2310563,4.327949508409855e-05
Public Rack - California & 87th,1,2310563,4.327949508409855e-05
Public Rack - Harlem and W. 59th,1,2310563,4.327949508409855e-05
Public Rack - Langley Ave & 79th St,1,2310563,4.327949508409855e-05
Public Rack - Lafayette Ave & 87th St - NW,1,2310563,4.327949508409855e-05
Public Rack - State St & 47th st,1,2310563,4.327949508409855e-05
Public Rack - Stony Island & 95th St,1,2310563,4.327949508409855e-05
Public Rack - Osceola Ave & Touhy Ave,1,2310563,4.327949508409855e-05
Public Rack - Wolcott Ave & 56th St,1,2310563,4.327949508409855e-05
Public Rack - Peterson Ave & Milwaukee Ave,1,2310563,4.327949508409855e-05
Public Rack - Devon Ave & Minnehaha Ave (west),1,2310563,4.327949508409855e-05
Public Rack - Wood St & 47th St,1,2310563,4.327949508409855e-05
Public Rack - Keef Ave & South Chicago Ave,1,2310563,4.327949508409855e-05
Public Rack - Normal Blvd & 61st Pl,1,2310563,4.327949508409855e-05
Public Rack - Pulaski Rd & 65th St,1,2310563,4.327949508409855e-05
Public Rack - Kenneth Ave & 63rd St E,1,2310563,4.327949508409855e-05
MTV Hubbard St,1,2310563,4.327949508409855e-05
Public Rack - Mason Ave & Archer Ave,1,2310563,4.327949508409855e-05
Public Rack - Kedzie Ave & 63rd St,1,2310563,4.327949508409855e-05
Public Rack - Brooks Park,1,2310563,4.327949508409855e-05
Public Rack - Damen & 81st,1,2310563,4.327949508409855e-05
Public Rack - Western Ave & 79th St,1,2310563,4.327949508409855e-05
Public Rack - Pulaski Rd & 5th Ave,1,2310563,4.327949508409855e-05
Public Rack - Higgins Ave & Neva Ave,1,2310563,4.327949508409855e-05
Public Rack - Kedvale Ave & 26th St,1,2310563,4.327949508409855e-05
Public Rack - Homan Ave & 26th St,1,2310563,4.327949508409855e-05
Public Rack - Pulaski Rd & 41st,1,2310563,4.327949508409855e-05
Public Rack - Normal Ave & 111th St,1,2310563,4.327949508409855e-05
Public Rack - Richmond St & Thorndale Ave,1,2310563,4.327949508409855e-05
Public Rack - Clyde Ave & 87th St,1,2310563,4.327949508409855e-05
Public Rack - Western & 74th,1,2310563,4.327949508409855e-05
Public Rack - Sawyer Ave & 111th St,1,2310563,4.327949508409855e-05
Public Rack - Sawyer Ave & Chicago Ave,1,2310563,4.327949508409855e-05
Public Rack - 56th St & Mulligan Ave,1,2310563,4.327949508409855e-05
Public Rack - Harvard Ave & 119th St,1,2310563,4.327949508409855e-05
Public Rack - Maplewood Ave & 63rd St,1,2310563,4.327949508409855e-05
Public Rack - 53rd St & Indiana Ave,1,2310563,4.327949508409855e-05
Public Rack - Holbrook St & Milwaukee Ave,1,2310563,4.327949508409855e-05
Public Rack - Kedzie Ave & 61st Pl E,1,2310563,4.327949508409855e-05
Public Rack - Stony Island & 87th St,1,2310563,4.327949508409855e-05
Public Rack - Lowe Ave & 94th St,1,2310563,4.327949508409855e-05
Indiana Ave & 133rd St Public Rack,1,2310563,4.327949508409855e-05
Public Rack - Albany Ave & 103rd St,1,2310563,4.327949508409855e-05
Public Rack - Stewart Ave & 123rd St,1,2310563,4.327949508409855e-05
Public Rack - St Louis Ave & Flournoy St,1,2310563,4.327949508409855e-05
STAFF & VISITORS @ West Chicago Warehouse,1,2310563,4.327949508409855e-05
Public Rack - Champlain Ave & 134th St,1,2310563,4.327949508409855e-05
Public Rack - Northwest Hwy & Overhill Ave,1,2310563,4.327949508409855e-05
Public Rack - Back of the Yards Park,1,2310563,4.327949508409855e-05
Public Rack - Central Ave & George St,1,2310563,4.327949508409855e-05
Public Rack - Halsted St & 113th St,1,2310563,4.327949508409855e-05
Public Rack - Peterson Ave & Drake Ave,1,2310563,4.327949508409855e-05
Public Rack - N Sayre Ave & W Belden Ave,1,2310563,4.327949508409855e-05
Public Rack - Harlem & Summerdale,1,2310563,4.327949508409855e-05
Public Rack - 83rd Pl & Kedzie Ave N,1,2310563,4.327949508409855e-05
Public Rack - Pratt Ave & Odell Ave,1,2310563,4.327949508409855e-05
Public Rack - Mt Greenwood Library - South,1,2310563,4.327949508409855e-05
Public Rack - Mason & Archer,1,2310563,4.327949508409855e-05
Public Rack - Western Ave & 118th St,1,2310563,4.327949508409855e-05
Public Rack - Hoyne Ave & 51st St,1,2310563,4.327949508409855e-05
Public Rack - W. Talcott & N. Oriole,1,2310563,4.327949508409855e-05
Public Rack - Kedzie Ave & Pershing Rd,1,2310563,4.327949508409855e-05
Public Rack - Ewing Ave & 106th St,1,2310563,4.327949508409855e-05
Public Rack - Pullman - Ross Dress for Less,1,2310563,4.327949508409855e-05
Public Rack - Cottage Grove & 86th St,1,2310563,4.327949508409855e-05
Public Rack - Leclaire Ave & Division St,1,2310563,4.327949508409855e-05
Public Rack - Western Ave & 107th Pl,1,2310563,4.327949508409855e-05
Public Rack - Laflin St & 79th St,1,2310563,4.327949508409855e-05
Public Rack - Cicero & Rosemont,1,2310563,4.327949508409855e-05
Public Rack - Ewing Ave & 112th St,1,2310563,4.327949508409855e-05
Public Rack - Pulaski & 52nd,1,2310563,4.327949508409855e-05
Public Rack - Ashland Ave & 76th St,1,2310563,4.327949508409855e-05
Public Rack - Pulaski Rd & 85th St,1,2310563,4.327949508409855e-05
Public Rack - Mulligan Ave & 56th St,1,2310563,4.327949508409855e-05
Public Rack - Western Blvd & 53rd St,1,2310563,4.327949508409855e-05
Public Rack - Lafayette Ave & 119th St,1,2310563,4.327949508409855e-05
Public Rack - Lemont Ave & Keating Ave,1,2310563,4.327949508409855e-05
Public Rack - Haft Ave & Milwaukee Ave,1,2310563,4.327949508409855e-05
Public Rack - Ave N & 106th St,1,2310563,4.327949508409855e-05
Public Rack - Brighton Park Branch Chicago Library,1,2310563,4.327949508409855e-05
Public Rack - Vincennes Ave & 95th Pl,1,2310563,4.327949508409855e-05
Public Rack - Cumberland & Catherine,1,2310563,4.327949508409855e-05
Public Rack - Elizabeth St & 115th St,1,2310563,4.327949508409855e-05
Public Rack - Halsted St & 95th St - SE,1,2310563,4.327949508409855e-05
Kostner & 87th,1,2310563,4.327949508409855e-05
Public Rack - Pulaski Rd & Flournoy St,1,2310563,4.327949508409855e-05
Rainbow - Beach,1,2310563,4.327949508409855e-05
Public Rack - Lawndale Ave & 63rd St,1,2310563,4.327949508409855e-05
Public Rack - Buffalo Ave & 89th St,1,2310563,4.327949508409855e-05
Public Rack - Avers Ave & Archer Ave,1,2310563,4.327949508409855e-05
Public Rack - Austin Ave & Wrightwood Ave,1,2310563,4.327949508409855e-05
Public Rack - Cottage Grove Ave & 98th St,1,2310563,4.327949508409855e-05
Public Rack - Homan Ave & 111th St,1,2310563,4.327949508409855e-05
Public Rack - Fullerton Ave & Lavergne Ave,1,2310563,4.327949508409855e-05
Public Rack - Yates Ave & 100th St,1,2310563,4.327949508409855e-05
Public Rack - Sawyer Ave & Bryn Mawr Ave - SW,1,2310563,4.327949508409855e-05
Public Rack - Mobile Ave & Archer Ave,1,2310563,4.327949508409855e-05
Public Rack - McVicker & 52nd,1,2310563,4.327949508409855e-05
Public Rack - Homewood Ave & Monterey Ave,1,2310563,4.327949508409855e-05
Public Rack - Cottage Grove Ave & 111th St,1,2310563,4.327949508409855e-05
Public Rack - Karlov Ave & 26th St,1,2310563,4.327949508409855e-05
Public Rack - Vincennes Ave & 77th St,1,2310563,4.327949508409855e-05
Public Rack - Ewing Ave & 101st St,1,2310563,4.327949508409855e-05
Public Rack - Newcastle & Archer,1,2310563,4.327949508409855e-05
Public Rack - Bensley Ave & 103rd St,1,2310563,4.327949508409855e-05
Public Rack - Garden Park,1,2310563,4.327949508409855e-05
