start_station_name,station_rides,total_stations,station_percent
,832588,4112301,20.246280610295795
Canal St & Madison St,24596,4112301,0.5981079692366876
State St & Chicago Ave,22778,4112301,0.5538991430831547
Clinton St & Madison St,21842,4112301,0.5311381632813357
Clinton St & Washington Blvd,21629,4112301,0.5259585813392551
Wells St & Elm St,21389,4112301,0.520122432672122
Wells St & Concord Ln,21193,4112301,0.5153562445939633
Clinton St & Jackson Blvd,20743,4112301,0.5044134658430889
Clark St & Elm St,20463,4112301,0.4976046257314336
Kingsbury St & Kinzie St,20155,4112301,0.49011490160861276
Wells St & Huron St,19896,4112301,0.4838167245053317
Wells St & Hubbard St,17611,4112301,0.42825172573700226
DuSable Lake Shore Dr & North Blvd,17422,4112301,0.42365575866163496
Desplaines St & Kinzie St,17368,4112301,0.42234262521153
Kingsbury St & Erie St,17199,4112301,0.41823300385842377
Canal St & Adams St,16908,4112301,0.41115667359952496
Clark St & Armitage Ave,16766,4112301,0.40770361897147117
University Ave & 57th St,16643,4112301,0.4047125927795655
Clark St & Lincoln Ave,16362,4112301,0.3978794353817972
Daley Center Plaza,16360,4112301,0.39783080080957106
Dearborn Pkwy & Delaware Pl,16185,4112301,0.39357527573978657
McClurg Ct & Ohio St,16011,4112301,0.38934406795611504
Orleans St & Merchandise Mart Plaza,15588,4112301,0.37905785593029306
Clinton St & Lake St,15500,4112301,0.37691793475234425
Ravenswood Ave & Lawrence Ave,15457,4112301,0.3758722914494829
Michigan Ave & Oak St,15258,4112301,0.37103315151298505
Columbus Dr & Randolph St,15176,4112301,0.3690391340517146
Broadway & Waveland Ave,15038,4112301,0.3656833485681131
Wilton Ave & Belmont Ave,15023,4112301,0.36531858927641725
Broadway & Cornelia Ave,14740,4112301,0.35843679730642286
Wabash Ave & Grand Ave,14675,4112301,0.3568561737090743
Clark St & Lake St,14410,4112301,0.3504120928891149
Dearborn St & Erie St,14385,4112301,0.3498041607362885
LaSalle St & Illinois St,14179,4112301,0.3447947997969993
Franklin St & Monroe St,13998,4112301,0.3403933710105364
New St & Illinois St,13938,4112301,0.3389343338437532
Ellis Ave & 55th St,13901,4112301,0.33803459425757015
Navy Pier,13874,4112301,0.3373780275325177
Green St & Madison St,13873,4112301,0.3373537102464046
Halsted St & Clybourn Ave,13844,4112301,0.33664850894912607
Theater on the Lake,13717,4112301,0.3335602136127681
Wabash Ave & Roosevelt Rd,13412,4112301,0.32614344134828654
Michigan Ave & Washington St,13287,4112301,0.32310378058415473
Pine Grove Ave & Waveland Ave,13200,4112301,0.320988176692319
Southport Ave & Waveland Ave,13118,4112301,0.3189941592310485
Federal St & Polk St,13023,4112301,0.3166840170503083
Broadway & Barry Ave,12959,4112301,0.3151277107390728
Michigan Ave & Lake St,12880,4112301,0.31320664513614155
Lincoln Ave & Fullerton Ave,12834,4112301,0.312088049974941
Indiana Ave & Roosevelt Rd,12821,4112301,0.3117719252554713
Clark St & Wrightwood Ave,12727,4112301,0.30948610036084423
Sheffield Ave & Fullerton Ave,12456,4112301,0.30289611582420645
Ellis Ave & 60th St,12451,4112301,0.3027745293936412
DuSable Lake Shore Dr & Diversey Pkwy,12390,4112301,0.30129117494074487
Sedgwick St & Huron St,11686,4112301,0.2841718055171545
Clark St & Schiller St,11672,4112301,0.28383136351157173
Franklin St & Jackson Blvd,11597,4112301,0.28200756705309266
Loomis St & Lexington St,11475,4112301,0.2790408581473
LaSalle St & Jackson Blvd,11445,4112301,0.27831133956390836
Canal St & Jackson Blvd,11316,4112301,0.27517440965532436
Southport Ave & Roscoe St,11135,4112301,0.2707729808688615
Clarendon Ave & Gordon Ter,11121,4112301,0.2704325388632787
Pine Grove Ave & Irving Park Rd,11080,4112301,0.2694355301326435
Aberdeen St & Jackson Blvd,11070,4112301,0.2691923572715129
Clark St & Drummond Pl,11028,4112301,0.26817103125476466
Wells St & Walton St,10904,4112301,0.2651556877767459
Larrabee St & Webster Ave,10876,4112301,0.2644748037655804
Sheridan Rd & Irving Park Rd,10830,4112301,0.26335620860437986
Wells St & Evergreen Ave,10808,4112301,0.2628212283098927
Fairbanks Ct & Grand Ave,10649,4112301,0.25895477981791704
Sheffield Ave & Kingsbury St,10598,4112301,0.2577145982261512
Broadway & Sheridan Rd,10494,4112301,0.25518560047039357
Lakeview Ave & Fullerton Pkwy,10399,4112301,0.2528754582896534
Clark St & Winnemac Ave,10328,4112301,0.2511489309756265
McClurg Ct & Erie St,10295,4112301,0.25034646053389575
DuSable Lake Shore Dr & Wellington Ave,10284,4112301,0.2500789703866521
Halsted St & Roscoe St,10282,4112301,0.2500303358144261
DuSable Lake Shore Dr & Belmont Ave,10246,4112301,0.2491549135143561
Rush St & Cedar St,10244,4112301,0.24910627894212997
Franklin St & Illinois St,10211,4112301,0.24830380850039915
Mies van der Rohe Way & Chestnut St,10155,4112301,0.24694204047806811
Morgan St & Polk St,10149,4112301,0.24679613676138978
Franklin St & Chicago Ave,10097,4112301,0.24553163788351096
Peoria St & Jackson Blvd,10095,4112301,0.24548300331128486
Franklin St & Lake St,10089,4112301,0.2453370995946065
State St & Kinzie St,10025,4112301,0.24378079328337102
Desplaines St & Jackson Blvd,10010,4112301,0.24341603399167522
Halsted St & Wrightwood Ave,10004,4112301,0.2432701302749969
Rush St & Superior St,9994,4112301,0.24302695741386635
Wilton Ave & Diversey Pkwy,9981,4112301,0.24271083269439667
Kingsbury St & Kinzie St 2,9980,4112301,0.24268651540828357
Milwaukee Ave & Grand Ave,9912,4112301,0.2410329399525959
DuSable Lake Shore Dr & Monroe St,9904,4112301,0.24083840166369144
Kimbark Ave & 53rd St,9888,4112301,0.24044932508588257
Damen Ave & Pierce Ave,9716,4112301,0.23626675187443721
Sheffield Ave & Wellington Ave,9676,4112301,0.23529406042991502
Millennium Park,9578,4112301,0.2329109663908357
Clinton St & Washington Blvd 2,9450,4112301,0.22979835376836472
Broadway & Belmont Ave,9423,4112301,0.22914178704331223
Sheffield Ave & Wrightwood Ave,9417,4112301,0.2289958833266339
Sedgwick St & North Ave,9358,4112301,0.2275611634459637
Sheffield Ave & Webster Ave,9294,4112301,0.2260048571347282
Clark St & Newport St,9288,4112301,0.2258589534180499
Clarendon Ave & Junior Ter,9224,4112301,0.2243026471068144
Clark St & Wellington Ave,9189,4112301,0.22345154209285747
Larrabee St & Kingsbury St,9178,4112301,0.2231840519456139
Sheridan Rd & Montrose Ave,9119,4112301,0.22174933206494368
Mies van der Rohe Way & Chicago Ave,9067,4112301,0.22048483318706488
Wabash Ave & 9th St,9045,4112301,0.21994985289257768
Sedgwick St & Webster Ave,9013,4112301,0.2191716997369599
Burling St & Diversey Pkwy,8988,4112301,0.21856376758413354
Stockton Dr & Wrightwood Ave,8965,4112301,0.2180044700035333
Field Blvd & South Water St,8949,4112301,0.21761539342572442
Canal St & Monroe St,8857,4112301,0.2153782031033234
Montrose Harbor,8814,4112301,0.2143325598004621
Dayton St & North Ave,8774,4112301,0.21335986835593992
Clark St & Berwyn Ave,8735,4112301,0.2124114941975308
Elston Ave & Cortland St,8728,4112301,0.2122412731947394
Damen Ave & Chicago Ave,8650,4112301,0.21034452487792116
Wells St & Polk St,8647,4112301,0.210271573019582
State St & Randolph St,8562,4112301,0.20820460369997235
Milwaukee Ave & The 606,8557,4112301,0.2080830172694071
Michigan Ave & 14th St,8528,4112301,0.20737781597212848
Clark St & Chicago Ave,8504,4112301,0.20679420110541522
Ritchie Ct & Banks St,8472,4112301,0.20601604794979744
Wells St & Randolph St,8407,4112301,0.2044354243524489
Cityfront Plaza Dr & Pioneer Ct,8336,4112301,0.20270889703842201
Kingsbury St & Kinzie St 1,8257,4112301,0.20078783143549073
Halsted St & Polk St,8208,4112301,0.19959628441595106
Larrabee St & Division St,8143,4112301,0.19801566081860253
Lincoln Ave & Melrose St,8092,4112301,0.19677547922683675
Ogden Ave & Chicago Ave,8059,4112301,0.19597300878510596
Southport Ave & Wellington Ave,7980,4112301,0.19405194318217464
California Ave & Milwaukee Ave,7928,4112301,0.1927874443042958
Lincoln Ave & Diversey Pkwy,7829,4112301,0.19038003297910344
LaSalle Dr & Huron St,7825,4112301,0.1902827638346512
Clifton Ave & Armitage Ave,7749,4112301,0.18843465009005905
Larrabee St & Kingsbury St 1,7719,4112301,0.18770513150666743
Aberdeen St & Randolph St,7709,4112301,0.18746195864553689
Shore Dr & 55th St,7674,4112301,0.18661085363158
Wacker Dr & Washington St,7595,4112301,0.1846897880286487
Stetson Ave & South Water St,7562,4112301,0.18388731758691787
Orleans St & Hubbard St,7555,4112301,0.1837170965841265
Sheridan Rd & Buena Ave,7510,4112301,0.18262281870903904
Sheffield Ave & Waveland Ave,7509,4112301,0.182598501422926
St. Clair St & Erie St,7393,4112301,0.17977769623381168
Damen Ave & Cortland St,7373,4112301,0.1792913505115506
Sangamon St & Lake St,7366,4112301,0.17912112950875922
May St & Taylor St,7330,4112301,0.17824570720868926
Racine Ave & Belmont Ave,7276,4112301,0.17693257375858432
Elizabeth St & Randolph St,7241,4112301,0.1760814687446274
Halsted St & Dickens Ave,7232,4112301,0.1758626131696099
Sheffield Ave & Willow St,7200,4112301,0.17508446001399217
Halsted St & Fulton St,7193,4112301,0.1749142390112008
Wolcott Ave & Polk St,7184,4112301,0.1746953834361833
Honore St & Division St,7175,4112301,0.1744765278611658
Kedzie Ave & Milwaukee Ave,7163,4112301,0.17418472042780916
Lakefront Trail & Bryn Mawr Ave,7117,4112301,0.17306612526660864
Southport Ave & Belmont Ave,7081,4112301,0.17219070296653868
Clark St & North Ave,7023,4112301,0.17078030037198152
Michigan Ave & 8th St,7018,4112301,0.17065871394141627
Blackstone Ave & 59th St,6984,4112301,0.1698319262135724
Rush St & Hubbard St,6984,4112301,0.1698319262135724
Fulton Market,6942,4112301,0.16881060019682412
Financial Pl & Ida B Wells Dr,6920,4112301,0.16827561990233691
Franklin St & Adams St ,6898,4112301,0.1677406396078497
Racine Ave & Fullerton Ave,6849,4112301,0.16654909258831005
Broadway & Wilson Ave,6834,4112301,0.16618433329661425
Lincoln Park Conservatory,6810,4112301,0.1656007184299009
Ellis Ave & 58th St,6797,4112301,0.16528459371043122
Halsted St & Willow St,6760,4112301,0.16438485412424822
Clark St & Arlington Pl,6737,4112301,0.16382555654364794
Clark St & Ida B Wells Dr,6719,4112301,0.16338784539361295
Damen Ave & Division St,6681,4112301,0.1624637885213169
Woodlawn Ave & 55th St,6670,4112301,0.1621962983740733
Carpenter St & Huron St,6641,4112301,0.1614910970767947
Woodlawn Ave & 58th St,6639,4112301,0.16144246250456862
Dearborn St & Monroe St,6634,4112301,0.16132087607400333
Southport Ave & Wrightwood Ave,6601,4112301,0.16051840563227254
Aberdeen St & Monroe St,6567,4112301,0.15969161790442868
Paulina St & Flournoy St,6536,4112301,0.158937782034924
Dearborn St & Maple St,6461,4112301,0.1571139855764449
Dusable Harbor,6431,4112301,0.15638446699305328
Dearborn St & Division St,6426,4112301,0.15626288056248802
Aberdeen St & Carroll Ave,6355,4112301,0.15453635324846116
Wells St & Institute Pl,6260,4112301,0.15222621106772097
Wabash Ave & 16th St,6197,4112301,0.15069422204259855
900 W Harrison St,6182,4112301,0.15032946275090273
Clark St & Leland Ave,6178,4112301,0.15023219360645051
Paulina St & Division St,6144,4112301,0.14940540587860665
Ashland Ave & Division St,6104,4112301,0.14843271443408448
Wood St & Chicago Ave,6101,4112301,0.14835976257574532
Noble St & Milwaukee Ave,6069,4112301,0.14758160942012757
Clark St & Bryn Mawr Ave,6068,4112301,0.1475572921340145
Clark St & Grace St,6054,4112301,0.14721685012843175
Hampden Ct & Diversey Pkwy,6049,4112301,0.14709526369786646
State St & Pearson St,5970,4112301,0.14517419809493518
Sangamon St & Washington Blvd,5857,4112301,0.14242634476416002
Michigan Ave & Jackson Blvd,5789,4112301,0.14077276930847232
Broadway & Berwyn Ave,5763,4112301,0.1401405198695329
Calumet Ave & 18th St,5756,4112301,0.1399702988667415
Michigan Ave & 18th St,5748,4112301,0.13977576057783708
Orleans St & Chestnut St (NEXT Apts),5743,4112301,0.13965417414727183
Ada St & Washington Blvd,5743,4112301,0.13965417414727183
Morgan St & Lake St*,5735,4112301,0.13945963585836738
Wabash Ave & Adams St,5725,4112301,0.13921646299723683
Larrabee St & Oak St,5713,4112301,0.13892465556388017
Greenview Ave & Fullerton Ave,5706,4112301,0.1387544345610888
Damen Ave & Thomas St (Augusta Blvd),5672,4112301,0.13792764683324493
Sheridan Rd & Argyle St,5670,4112301,0.1378790122610188
Eckhart Park,5648,4112301,0.13734403196653164
Elizabeth St & Fulton St,5638,4112301,0.13710085910540107
Larrabee St & Kingsbury St 2,5624,4112301,0.13676041709981832
Franklin St & Washington St,5618,4112301,0.13661451338314
Ashland Ave & Augusta Blvd,5602,4112301,0.13622543680533114
Desplaines St & Randolph St,5597,4112301,0.13610385037476586
Ashland Ave & Chicago Ave,5581,4112301,0.13571477379695698
Ashland Ave & Blackhawk St,5567,4112301,0.1353743317913742
Bissell St & Armitage Ave*,5517,4112301,0.13415846748572152
Wood St & Augusta Blvd,5456,4112301,0.13267511303282517
Wabash Ave & Washington St,5447,4112301,0.13245625745780767
Clinton St & Tilden St,5446,4112301,0.13243194017169463
Burnham Harbor,5438,4112301,0.1322374018827902
Larrabee St & Armitage Ave,5438,4112301,0.1322374018827902
Ogden Ave & Race Ave,5428,4112301,0.13199422902165966
Wood St & Beach Ave,5408,4112301,0.13150788329939855
Clark St & Montrose Ave,5404,4112301,0.13141061415494634
Damen Ave & Leland Ave,5393,4112301,0.13114312400770275
Dearborn St & Adams St,5385,4112301,0.1309485857187983
Halsted St & Maxwell St,5379,4112301,0.13080268200211997
Clarendon Ave & Leland Ave,5322,4112301,0.1294165966936759
Western Ave & Winnebago Ave,5276,4112301,0.1282980015324754
Broadway & Granville Ave,5267,4112301,0.12807914595745787
Jefferson St & Monroe St,5266,4112301,0.12805482867134482
State St & Harrison St,5207,4112301,0.12662010879067462
Dearborn St & Van Buren St,5137,4112301,0.1249178987627608
Ellis Ave & 53rd St,5137,4112301,0.1249178987627608
Marine Dr & Ainslie St,5122,4112301,0.12455313947106499
University Ave & 59th St,5118,4112301,0.12445587032661276
Broadway & Thorndale Ave,5043,4112301,0.12263207386813367
Wood St & Taylor St (Temp),5041,4112301,0.12258343929590758
State St & Van Buren St,5036,4112301,0.1224618528653423
Damen Ave & Wicker Park Ave,5024,4112301,0.12217004543198565
Southport Ave & Irving Park Rd,5010,4112301,0.1218296034264029
Paulina Ave & North Ave,4970,4112301,0.1208569119818807
Broadway & Argyle St,4970,4112301,0.1208569119818807
Fairbanks St & Superior St,4910,4112301,0.11939787481509744
Lake Park Ave & 53rd St,4898,4112301,0.11910606738174077
Clybourn Ave & Division St,4894,4112301,0.11900879823728855
Green St & Washington Blvd,4858,4112301,0.11813337593721861
Lake Park Ave & 56th St,4853,4112301,0.11801178950665334
Leavitt St & North Ave,4804,4112301,0.11682024248711367
Broadway & Oakdale Ave,4801,4112301,0.11674729062877451
Cornell Ave & Hyde Park Blvd,4797,4112301,0.11665002148432228
Michigan Ave & Madison St,4762,4112301,0.11579891647036539
Ashland Ave & Wellington Ave,4740,4112301,0.11526393617587818
Orleans St & Elm St,4739,4112301,0.11523961888976512
Larrabee St & North Ave,4711,4112301,0.11455873487859959
Green St & Lake St ,4685,4112301,0.11392648543966018
Wood St & Milwaukee Ave,4677,4112301,0.11373194715075576
Lincoln Ave & Sunnyside Ave,4634,4112301,0.11268630384789441
Lincoln Ave & Roscoe St*,4601,4112301,0.1118838334061636
Hermitage Ave & Polk St,4583,4112301,0.11144612225612863
Southport Ave & Clybourn Ave,4559,4112301,0.11086250738941532
Halsted St & Roosevelt Rd,4554,4112301,0.11074092095885003
Larrabee St & Menomonee St,4551,4112301,0.11066796910051088
Racine Ave & Congress Pkwy,4524,4112301,0.11001140237545841
Sheffield Ave & Addison St ,4519,4112301,0.10988981594489314
Delano Ct & Roosevelt Rd,4509,4112301,0.1096466430837626
Michigan Ave & Pearson St,4508,4112301,0.10962232579764954
Western Ave & Leland Ave,4428,4112301,0.10767694290860519
Campbell Ave & North Ave,4388,4112301,0.106704251464083
Halsted St & Armitage Ave,4384,4112301,0.10660698231963078
Racine Ave & Wrightwood Ave,4375,4112301,0.1063881267446133
Adler Planetarium,4369,4112301,0.10624222302793498
Peoria St & Kinzie St,4355,4112301,0.10590178102235222
Benson Ave & Church St,4355,4112301,0.10590178102235222
Artesian Ave & Hubbard St,4341,4112301,0.10556133901676945
Wolcott (Ravenswood) Ave & Montrose Ave,4305,4112301,0.1046859167166995
Broadway & Sunnyside Ave,4258,4112301,0.10354300426938592
Leavitt St & Chicago Ave,4224,4112301,0.10271621654154209
Ashland Ave & Wrightwood Ave,4222,4112301,0.10266758196931595
St. Clair St & Erie St 2,4221,4112301,0.1026432646832029
Shedd Aquarium,4218,4112301,0.10257031282486374
Damen Ave & Charleston St,4217,4112301,0.1025459955387507
Leavitt St & Armitage Ave,4201,4112301,0.10215691896094181
LaSalle St & Washington St,4184,4112301,0.1017435250970199
Wabash Ave & Wacker Pl,4139,4112301,0.10064924722193246
Sheridan Rd & Lawrence Ave,4092,4112301,0.09950633477461888
Green St & Randolph St*,4090,4112301,0.09945770020239277
Winthrop Ave & Lawrence Ave,4080,4112301,0.09921452734126222
Racine Ave & 18th St,4059,4112301,0.09870386433288808
Damen Ave & Foster Ave,4056,4112301,0.09863091247454892
Racine Ave & Washington Blvd,4040,4112301,0.09824183589674004
Loomis St & Jackson Blvd,4029,4112301,0.09797434574949646
Blue Island Ave & 18th St,3935,4112301,0.09568852085486933
Walsh Park,3899,4112301,0.09481309855479937
Glenwood Ave & Morse Ave,3893,4112301,0.09466719483812104
Western Ave & Walton St,3886,4112301,0.09449697383532966
Ravenswood Ave & Berteau Ave,3856,4112301,0.09376745525193803
Ravenswood Ave & Irving Park Rd,3847,4112301,0.09354859967692054
Throop St & Taylor St,3846,4112301,0.09352428239080748
Sheridan Rd & Noyes St (NU),3818,4112301,0.09284339837964195
Paulina St & Montrose Ave,3817,4112301,0.0928190810935289
Seeley Ave & Roscoe St,3776,4112301,0.09182207236289366
Morgan Ave & 14th Pl,3753,4112301,0.09126277478229342
Clinton St & Roosevelt Rd,3727,4112301,0.090630525343354
Wilton Ave & Addison St,3716,4112301,0.0903630351961104
Ashland Ave & Lake St,3698,4112301,0.08992532404607542
Lincoln Ave & Belle Plaine Ave,3678,4112301,0.08943897832381432
Wacker Dr & Randolph St,3672,4112301,0.08929307460713601
California Ave & Cortez St,3660,4112301,0.08900126717377936
Lakefront Trail & Wilson Ave,3655,4112301,0.08887968074321408
Broadway & Ridge Ave,3643,4112301,0.08858787330985743
Ashland Ave & Grace St,3587,4112301,0.08722610528752638
Canal St & Taylor St,3568,4112301,0.08676407685137834
Clark St & Eddy St ,3555,4112301,0.08644795213190863
Morgan St & 18th St,3527,4112301,0.08576706812074311
Drexel Ave & 60th St,3525,4112301,0.085718433548517
Lincoln Ave & Waveland Ave,3519,4112301,0.08557252983183868
Michigan Ave & Ida B Wells Dr,3501,4112301,0.08513481868180368
Lincoln Ave & Byron St,3488,4112301,0.08481869396233399
Streeter Dr & Grand Ave,3480,4112301,0.08462415567342954
Dearborn St & Madison St,3471,4112301,0.08440530009841206
Ashland Ave & Grand Ave,3421,4112301,0.08318943579275932
Sedgwick St & Schiller St,3412,4112301,0.08297058021774185
Damen Ave & Wellington Ave,3398,4112301,0.08263013821215907
MLK Jr Dr & 29th St,3372,4112301,0.08199788877321966
Wentworth Ave & Cermak Rd*,3371,4112301,0.08197357148710661
Wood St & Hubbard St,3303,4112301,0.0803199960314189
Kedzie Ave & Palmer Ct,3300,4112301,0.08024704417307975
Leavitt St & Belmont Ave,3283,4112301,0.07983365030915782
Logan Blvd & Elston Ave,3281,4112301,0.0797850157369317
Harper Ave & 55th St,3262,4112301,0.07932298730078367
Canal St & Lake St,3253,4112301,0.07910413172576618
Hudson Ave & Armitage Ave,3243,4112301,0.07886095886463564
St Clair St & Ohio St,3242,4112301,0.07883664157852259
Humboldt Blvd & Armitage Ave,3240,4112301,0.07878800700629648
Damen Ave & Sunnyside Ave,3231,4112301,0.07856915143127899
Spaulding Ave & Armitage Ave,3213,4112301,0.07813144028124401
California Ave & Francis Pl,3212,4112301,0.07810712299513095
Lincoln Ave & Dickens Ave,3209,4112301,0.07803417113679179
LaSalle St & Adams St,3204,4112301,0.07791258470622651
Paulina St & 18th St,3203,4112301,0.07788826742011347
Broadway & Roscoe Ave,3201,4112301,0.07783963284788735
Halsted St & 18th St,3196,4112301,0.07771804641732208
Albany Ave & Bloomingdale Ave,3189,4112301,0.07754782541453069
Noble St & Ohio St,3183,4112301,0.07740192169785237
Clark St & 9th St (AMLI),3149,4112301,0.07657513397000852
Damen Ave & Clybourn Ave,3139,4112301,0.07633196110887798
Buckingham Fountain,3135,4112301,0.07623469196442575
Western Ave & Division St,3129,4112301,0.07608878824774742
Chicago Ave & Sheridan Rd,3128,4112301,0.07606447096163438
State St & 33rd St,3123,4112301,0.07594288453106911
Riverside Plaza & Adams St,3099,4112301,0.0753592696643558
Wells St & Madison St,3089,4112301,0.07511609680322526
LaSalle St & Calhoun Pl ,3081,4112301,0.07492155851432081
Racine Ave & Randolph St,3076,4112301,0.07479997208375554
Bissell St & Armitage Ave,3066,4112301,0.074556799222625
Green St & Chicago Ave,3059,4112301,0.07438657821983362
Peterson/Ridge Metra,3031,4112301,0.0737056942086681
Wells St & Washington St,3013,4112301,0.07326798305863311
Sangamon St & Adams St,3011,4112301,0.073219348486407
Blackstone Ave & Hyde Park Blvd,2988,4112301,0.07266005090580675
Damen Ave & Melrose Ave,2979,4112301,0.07244119533078926
Morgan St & Lake St,2923,4112301,0.07107942730845822
Leavitt St & Division St,2908,4112301,0.07071466801676239
Emerald Ave & 31st St,2897,4112301,0.07044717786951879
Campbell Ave & Montrose Ave,2874,4112301,0.06988788028891854
Sheridan Rd & Loyola Ave,2866,4112301,0.0696933420000141
Lincoln Ave & Addison St,2865,4112301,0.06966902471390105
Stave St & Armitage Ave,2860,4112301,0.06954743828333577
Damen Ave & Lake St,2848,4112301,0.06925563084997913
Racine Ave & Broadway,2846,4112301,0.06920699627775301
Kimball Ave & Belmont Ave,2833,4112301,0.0688908715582833
Calumet Ave & 21st St,2828,4112301,0.06876928512771803
Griffin Museum of Science and Industry,2822,4112301,0.06862338141103971
Halsted St & Belden St,2799,4112301,0.06806408383043946
Milwaukee Ave & Fullerton Ave,2781,4112301,0.06762637268040447
Leavitt St & Lawrence Ave,2778,4112301,0.06755342082206532
Clark St & Lunt Ave,2771,4112301,0.06738319981927393
Lincoln Ave & Roscoe St,2769,4112301,0.06733456524704783
Carpenter St & Fulton St,2729,4112301,0.06636187380252564
Southport Ave & Clark St,2700,4112301,0.06565667250524707
Milwaukee Ave & Rockwell St,2687,4112301,0.06534054778577736
Ashland Ave & 13th St,2679,4112301,0.06514600949687291
Greenview Ave & Diversey Pkwy,2637,4112301,0.06412468348012464
Field Museum,2632,4112301,0.06400309704955937
Lincoln Ave & Montana St,2626,4112301,0.06385719333288103
Damen Ave & Wabansia Ave,2614,4112301,0.06356538589952437
Wilton Ave & Diversey Pkwy*,2601,4112301,0.06324926118005467
Rockwell St & Eastwood Ave,2582,4112301,0.06278723274390663
California Ave & Division St,2563,4112301,0.0623252043077586
Morgan St & 31st St,2558,4112301,0.062203617877193335
Shields Ave & 31st St,2551,4112301,0.06203339687440195
Calumet Ave & 33rd St,2534,4112301,0.06162000301048002
Clinton St & 18th St,2524,4112301,0.06137683014934948
California Ave & North Ave,2510,4112301,0.06103638814376672
May St & Hubbard St,2490,4112301,0.06055004242150562
Sheridan Rd & Columbia Ave,2479,4112301,0.06028255227426202
Rush St & Illinois St,2442,4112301,0.05938281268807901
Rhodes Ave & 32nd St,2425,4112301,0.058969418824157085
St. Clair St & Erie St 1,2414,4112301,0.058701928676913484
Wood St & Webster Ave,2411,4112301,0.058628976818574326
Talman Ave & Addison St,2396,4112301,0.0582642175268785
Pine Grove Ave & Wellington Ave,2392,4112301,0.05816694838242628
Ogden Ave & Congress Pkwy,2376,4112301,0.05777787180461741
California Ave & Montrose Ave,2376,4112301,0.05777787180461741
Canal St & Harrison St,2373,4112301,0.05770491994627825
May St & Cullerton St,2327,4112301,0.056586324785077746
Campbell Ave & Augusta Blvd,2309,4112301,0.05614861363504276
Central Park Ave & Elbridge Ave,2304,4112301,0.05602702720447749
California Ave & Altgeld St,2301,4112301,0.05595407534613833
Racine Ave & 15th St,2293,4112301,0.05575953705723389
Milwaukee Ave & Armitage Ave,2285,4112301,0.05556499876832946
Washtenaw Ave & Lawrence Ave,2285,4112301,0.05556499876832946
Dearborn St & Adams St 1,2269,4112301,0.05517592219052059
Greenview Ave & Jarvis Ave,2246,4112301,0.05461662460992034
Western Ave & Roscoe St,2228,4112301,0.054178913459885354
Harper Ave & 59th St,2210,4112301,0.05374120230985037
Halsted St & Melrose St,2204,4112301,0.05359529859317205
Clark St & Schreiber Ave,2175,4112301,0.052890097295893466
Cannon Dr & Fullerton Ave,2160,4112301,0.05252533800419765
Wabash Ave & Jackson Blvd,2153,4112301,0.052355117001406264
Dorchester Ave & 53rd St,2130,4112301,0.051795819420806015
Avondale Ave & Irving Park Rd,2124,4112301,0.05164991570412769
McCormick Place,2111,4112301,0.05133379098465798
St. Louis Ave & Fullerton Ave,2101,4112301,0.05109061812352744
Malden St & Wilson Ave,2091,4112301,0.05084744526239689
Winchester Ave & Elston Ave,2072,4112301,0.050385416826248856
Damen Ave & St Paul Ave,2034,4112301,0.04946135995395279
Avers Ave & Belmont Ave,2029,4112301,0.04933977352338751
Sheridan Rd & Berwyn Ave,2018,4112301,0.04907228337614392
The Salt Shed,2017,4112301,0.049047966090030856
Francisco Ave & Foster Ave,2007,4112301,0.04880479322890032
Damen Ave & Cullerton St,2001,4112301,0.048658889512221984
Halsted St & Lake St,2000,4112301,0.04863457222610894
Ashland Ave & Belle Plaine Ave,2000,4112301,0.04863457222610894
Elston Ave & Wabansia Ave,2000,4112301,0.04863457222610894
Clark St & Elmdale Ave,1988,4112301,0.048342764792752284
State St & 19th St,1986,4112301,0.04829413022052617
Damen Ave & Grand Ave,1976,4112301,0.04805095735939563
California Ave & Fletcher St,1973,4112301,0.047978005501056464
Halsted St & 35th St,1971,4112301,0.04792937092883035
Oakley Ave & Irving Park Rd,1937,4112301,0.04710258320098651
Chicago Ave & Washington St,1935,4112301,0.047053948628760396
Fort Dearborn Dr & 31st St*,1925,4112301,0.04681077576762985
Wabash Ave & Cermak Rd,1924,4112301,0.046786458481516795
Lincoln Ave & Winona St,1915,4112301,0.046567602906499306
California Ave & Byron St,1901,4112301,0.04622716090091654
Richmond St & Diversey Ave,1901,4112301,0.04622716090091654
Paulina St & Cortland St,1889,4112301,0.04593535346755989
Western Ave & Fillmore St,1886,4112301,0.045862401609220727
Larrabee St & Clybourn Ave,1885,4112301,0.04583808432310767
Laflin St & Cullerton St,1874,4112301,0.04557059417586407
Damen Ave & Ohio St,1869,4112301,0.045449007745298795
Milwaukee Ave & Wabansia Ave,1862,4112301,0.04527878674250742
Indiana Ave & 26th St,1860,4112301,0.04523015217028131
W Armitage Ave & N Sheffield Ave,1852,4112301,0.045035613881376876
Green St & Randolph St,1830,4112301,0.04450063358688968
Central Park Ave & Bloomingdale Ave,1797,4112301,0.043698163145158876
Sheffield Ave & Addison St,1794,4112301,0.04362521128681971
Cherry Ave & Blackhawk St,1782,4112301,0.043333403853463064
Claremont Ave & Hirsch St,1778,4112301,0.043236134709010846
Wacker Dr & Washington St Corral,1778,4112301,0.043236134709010846
Clark St & Columbia Ave,1776,4112301,0.04318750013678473
Michigan Ave & 11th St,1773,4112301,0.043114548278445575
Troy St & Elston Ave,1767,4112301,0.042968644561767244
Clark St & Fletcher St,1755,4112301,0.04267683712841059
Leavitt St & Augusta Blvd,1752,4112301,0.04260388527007143
Sheridan Rd & Greenleaf Ave,1747,4112301,0.042482298839506154
N Green St & W Lake St,1745,4112301,0.04243366426728004
Halsted St & Archer Ave,1729,4112301,0.042044587689471176
Sedgwick St & Chicago Ave,1728,4112301,0.04202027040335812
Leavitt St & Addison St,1714,4112301,0.04167982839777536
Kedzie Ave & Armitage Ave,1703,4112301,0.04141233825053176
Albany Ave & Montrose Ave,1697,4112301,0.04126643453385343
Kenwood Ave & 57th St,1688,4112301,0.04104757895883594
Halsted St & 21st St,1672,4112301,0.04065850238102707
Malcolm X College,1672,4112301,0.04065850238102707
Dearborn St & Washington St,1668,4112301,0.04056123323657485
Winchester (Ravenswood) Ave & Balmoral Ave,1649,4112301,0.040099204800426815
State St & 35th St,1643,4112301,0.03995330108374849
Racine Ave & Webster Ave,1641,4112301,0.03990466651152238
Monticello Ave & Irving Park Rd,1639,4112301,0.03985603193929627
N Carpenter St & W Lake St,1620,4112301,0.03939400350314824
Francisco Ave & Chicago Ave,1618,4112301,0.03934536893092213
Damen Ave & Madison St,1595,4112301,0.038786071350321874
Dearborn St & Adams St 2,1566,4112301,0.038080870053043295
Ogden Ave & Roosevelt Rd,1557,4112301,0.037862014478025806
Southport Ave & Grace St,1542,4112301,0.03749725518632999
Greenwood Ave & 47th St,1539,4112301,0.03742430332799083
Hoyne Ave & Balmoral Ave,1536,4112301,0.03735135146965166
Blackstone Ave & 53rd St,1515,4112301,0.03684068846127752
Sheffield Ave & Fletcher St,1515,4112301,0.03684068846127752
University Library (NU),1512,4112301,0.036767736602938354
Franklin St & Madison St,1505,4112301,0.03659751560014698
Broadway & Cuyler Ave,1474,4112301,0.035843679730642286
Smith Park,1451,4112301,0.03528438215004203
Paulina St & Howard St,1437,4112301,0.03494394014445927
Seminary Ave & Belden Ave,1430,4112301,0.03477371914166789
Noble St & Potomac Ave,1429,4112301,0.034749401855554835
Spaulding Ave & Division St,1419,4112301,0.03450622899442429
Emerald Ave & 28th St,1412,4112301,0.03433600799163291
Western Ave & Berteau Ave,1412,4112301,0.03433600799163291
Christiana Ave & Lawrence Ave,1403,4112301,0.03411715241661542
Western Ave & Congress Pkwy,1403,4112301,0.03411715241661542
Southport Ave & Diversey Pkwy,1389,4112301,0.03377671041103266
Campbell Ave & Fullerton Ave,1386,4112301,0.033703758552693495
Rockwell St & Fletcher St,1380,4112301,0.033557854836015165
Troy St & North Ave,1369,4112301,0.03329036468877156
Kosciuszko Park,1364,4112301,0.03316877825820629
Kedzie Ave & Leland Ave,1357,4112301,0.032998557255414916
Milwaukee Ave & Ainslie St,1339,4112301,0.03256084610537993
Franklin St & Adams St Corral,1336,4112301,0.032487894247040766
Wentworth Ave & 35th St,1335,4112301,0.03246357696092771
Drake Ave & Addison St,1326,4112301,0.032244721385910224
Lake Park Ave & 47th St,1288,4112301,0.031320664513614156
Shields Ave & 28th Pl,1275,4112301,0.031004539794144446
Western Ave & Grace St,1274,4112301,0.03098022250803139
Wells St & Ohio St,1266,4112301,0.030785684219126953
LaSalle St & Jackson Blvd Corral,1259,4112301,0.030615463216335573
Western Ave & Wabansia Ave,1258,4112301,0.030591145930222517
Kedzie Ave & George St,1256,4112301,0.03054251135799641
Wentworth Ave & 33rd St,1245,4112301,0.03027502121075281
Sawyer Ave & Irving Park Rd,1237,4112301,0.030080482921848374
Wood St & Cortland St,1233,4112301,0.02998321377739616
Manor Ave & Leland Ave,1230,4112301,0.029910261919056994
Western Ave & Lunt Ave,1230,4112301,0.029910261919056994
Morgan St & Hubbard St,1218,4112301,0.029618454485700343
Western Ave & Granville Ave,1200,4112301,0.029180743335665362
Archer Ave & Wentworth Ave,1200,4112301,0.029180743335665362
Spaulding Ave & Milwaukee Ave,1200,4112301,0.029180743335665362
Sheffield/Newport Corral,1189,4112301,0.02891325318842176
Clark St & Washington St,1185,4112301,0.028815984043969546
Inner Lake Shore Dr & Aldine Ave,1172,4112301,0.02849985932449984
Elston Ave & George St,1172,4112301,0.02849985932449984
Glenwood Ave & Touhy Ave,1170,4112301,0.028451224752273727
Oakley Ave & Lyndale St,1155,4112301,0.02808646546057791
Lake Park Ave & 35th St,1155,4112301,0.02808646546057791
Clark St & Jarvis Ave,1145,4112301,0.027843292599447365
California Ave & Granville Ave,1109,4112301,0.026967870299377406
Eastlake Ter & Howard St,1105,4112301,0.026870601154925185
St. Louis Ave & Balmoral Ave,1070,4112301,0.026019496140968282
Sacramento Ave & Linden Pl,1068,4112301,0.025970861568742173
Sheffield Ave & Armitage Ave Public Rack,1037,4112301,0.025217025699237484
Indiana Ave & 31st St,1032,4112301,0.025095439268672214
Damen Ave & Evergreen Ave,1024,4112301,0.024900900979767777
Eddy/Seminary Corral,1020,4112301,0.024803631835315556
N Southport Ave & W Newport Ave,1005,4112301,0.02443887254361974
Leavitt St & Hirsch St,970,4112301,0.023587767529662833
Keystone Ave & Fullerton Ave,967,4112301,0.02351481567132367
Racine Ave & 13th St,961,4112301,0.023368911954645345
Sheffield Ave & School St,946,4112301,0.023004152662949525
Drake Ave & Montrose Ave,939,4112301,0.022833931660158145
Monticello Ave & Lawrence Ave,933,4112301,0.022688027943479818
Francisco Ave & Montrose Ave,927,4112301,0.02254212422680149
Francisco Ave & Bloomingdale Ave,926,4112301,0.022517806940688438
Waveland/Racine Corral,923,4112301,0.022444855082349273
Western Ave & 21st St,918,4112301,0.022323268651784002
Dorchester Ave & 49th St,907,4112301,0.022055778504540404
Wentworth Ave & 24th St,906,4112301,0.022031461218427348
Paulina St & Adams St,906,4112301,0.022031461218427348
Wells St & Randolph St Corral,893,4112301,0.021715336498957637
Sacramento Ave & Lyndale St,883,4112301,0.021472163637827096
Western Ave & Gunnison St,881,4112301,0.021423529065600987
Evanston Civic Center,879,4112301,0.021374894493374878
Western Ave & Lyndale St,860,4112301,0.020912866057226843
Keystone Ave & Montrose Ave,855,4112301,0.02079127962666157
Warren Park West,853,4112301,0.020742645054435464
Marshfield Ave & Diversey Pkwy,835,4112301,0.02030493390440048
Hampden Ct & Diversey Ave,811,4112301,0.019721319037687174
Rockwell St & Division St,811,4112301,0.019721319037687174
MLK Jr Dr & Pershing Rd,810,4112301,0.01969700175157412
Western Ave & Monroe St,809,4112301,0.019672684465461065
McCormick Blvd & Devon Ave,805,4112301,0.019575415321008847
South Shore Dr & 71st St,799,4112301,0.01942951160433052
N Paulina St & Lincoln Ave,797,4112301,0.01938087703210441
Prairie Ave & Garfield Blvd,796,4112301,0.019356559745991354
Rockwell Ave & Logan Blvd,792,4112301,0.019259290601539136
LaSalle St & Calhoun Pl Corral,792,4112301,0.019259290601539136
W Washington Blvd & N Peoria St,785,4112301,0.019089069598747756
Wallace St & 35th St,785,4112301,0.019089069598747756
Granville Ave & Clark St,784,4112301,0.0190647523126347
Halsted St & Court Pl,779,4112301,0.018943165882069433
Bernard St & Elston Ave,778,4112301,0.018918848595956377
Elmwood Ave & Austin St,760,4112301,0.018481137445921395
Addison/Racine Corral,757,4112301,0.01840818558758223
Clark/Newport Corral,751,4112301,0.018262281870903906
Karlov Ave & Armitage Ave,747,4112301,0.018165012726451688
Kedzie Ave & Foster Ave,743,4112301,0.01806774358199947
Lincoln Ave & Balmoral Ave,742,4112301,0.018043426295886414
Western Ave & Howard St,721,4112301,0.01753276328751227
Dearborn St & Adams St Corral,720,4112301,0.017508446001399218
Ridge Blvd & Touhy Ave,716,4112301,0.017411176856947
Cottage Grove Ave & 63rd St,712,4112301,0.017313907712494782
Leavitt St/North Ave,707,4112301,0.017192321281929508
Museum Campus Metra Station,706,4112301,0.017168003995816455
Kedzie Ave & Bryn Mawr Ave,698,4112301,0.01697346570691202
Bosworth Ave & Howard St,696,4112301,0.01692483113468591
Marshfield Ave & Wabansia Ave,689,4112301,0.01675461013189453
Southport Ave & Newport Ave Public Rack,683,4112301,0.0166087064152162
Shore Dr & 53rd St,683,4112301,0.0166087064152162
Central St Metra,682,4112301,0.016584389129103146
Loomis St & Archer Ave,682,4112301,0.016584389129103146
Calumet Ave & 35th St,681,4112301,0.016560071842990094
Normal Ave & Archer Ave,671,4112301,0.01631689898185955
Woodlawn Ave & Lake Park Ave,665,4112301,0.01617099526518122
LaSalle St & Adams St Corral,663,4112301,0.016122360692955112
Wells St & 19th St,663,4112301,0.016122360692955112
St Louis Ave & Foster Ave,659,4112301,0.016025091548502894
Clark St & Touhy Ave,657,4112301,0.015976456976276785
2112 W Peterson Ave,653,4112301,0.015879187831824567
Fort Dearborn Dr & 31st St,653,4112301,0.015879187831824567
Central Park Ave & North Ave,647,4112301,0.01573328411514624
California Ave & 21st St,646,4112301,0.015708966829033187
Clinton St & Polk St,638,4112301,0.01551442854012875
Albany Ave & Belmont Ave,636,4112301,0.015465793967902642
Halsted St & North Branch St,626,4112301,0.015222621106772097
Cottage Grove Ave & 51st St,626,4112301,0.015222621106772097
Racine/Eddy Corral,625,4112301,0.01519830382065904
Warren Park East,622,4112301,0.015125351962319879
Paulina St & Lincoln Ave Public Rack,607,4112301,0.014760592670624061
Elston Ave & Henderson St,605,4112301,0.014711958098397954
Kedzie Ave & Chicago Ave,604,4112301,0.0146876408122849
Central St & Girard Ave,602,4112301,0.014639006240058788
Ridge Blvd & Howard St,598,4112301,0.01454173709560657
Knox Ave & Montrose Ave,597,4112301,0.014517419809493518
Lock St & 31st St,589,4112301,0.014322881520589081
Leavitt St & Archer Ave,586,4112301,0.01424992966224992
N Shore Channel Trail & Argyle St,586,4112301,0.01424992966224992
Troy St & Grace St,578,4112301,0.014055391373345483
N Damen Ave & W Chicago Ave,570,4112301,0.013860853084441047
Sacramento Blvd & Addison St,564,4112301,0.013714949367762718
Clark/Racine Corral,555,4112301,0.013496093792745231
Wood St & 35th St,554,4112301,0.013471776506632175
Addison/Sheffield SW Corral,552,4112301,0.013423141934406066
California Ave & Lake St,550,4112301,0.013374507362179957
Dodge Ave & Church St,545,4112301,0.013252920931614684
Budlong Woods Library,544,4112301,0.01322860364550163
Lincoln Ave & Peterson Ave,533,4112301,0.01296111349825803
Halsted St & 37th St,532,4112301,0.012936796212144976
Sawyer Ave & Fullerton Ave,530,4112301,0.012888161639918868
Kenneth Ave & Lawrence Ave,525,4112301,0.012766575209353594
Streeter Dr/Grand Ave,525,4112301,0.012766575209353594
Cottage Grove Ave & Oakwood Blvd,521,4112301,0.012669306064901376
Michigan Ave & 9th St,517,4112301,0.01257203692044916
Ashland Ave & Archer Ave,514,4112301,0.012499085062109996
Sheffield/Cornelia Corral,510,4112301,0.012401815917657778
Dodge Ave & Main St,509,4112301,0.012377498631544723
DuSable Museum,503,4112301,0.012231594914866396
Wolcott Ave & Fargo Ave,502,4112301,0.012207277628753342
Kilbourn Ave & Irving Park Rd,497,4112301,0.012085691198188071
Kimball Ave & Wrightwood Ave,496,4112301,0.012061373912075016
Racine Ave & 35th St,496,4112301,0.012061373912075016
Maplewood Ave & Peterson Ave,491,4112301,0.011939787481509744
Grace/Sheffield Corral,489,4112301,0.011891152909283635
Campbell Ave & Irving Park Rd,487,4112301,0.011842518337057526
Kostner Ave & Wrightwood Ave,475,4112301,0.011550710903700872
Western Ave & 24th St,473,4112301,0.011502076331474763
Burling St & Armitage Ave,472,4112301,0.011477759045361708
Public Rack - Washtenaw Ave & Superior St,471,4112301,0.011453441759248655
63rd St Beach,467,4112301,0.011356172614796437
Valli Produce - Evanston Plaza,463,4112301,0.011258903470344219
Wallace St & 28th St,459,4112301,0.011161634325892001
Dorchester Ave & 63rd St,459,4112301,0.011161634325892001
Kilbourn Ave & Belden Ave,456,4112301,0.011088682467552837
Wood St & Walnut St,455,4112301,0.011064365181439783
Lockwood Ave & Wrightwood Ave,451,4112301,0.010967096036987565
Pulaski Rd & Eddy St,445,4112301,0.010821192320309238
Franklin St & Randolph St,434,4112301,0.01055370217306564
North Boundary Park,433,4112301,0.010529384886952584
Lakewood Ave & Addison St,426,4112301,0.010359163884161204
South Shore Dr & 67th St,423,4112301,0.01028621202582204
LaSalle St & Washington St Corral,423,4112301,0.01028621202582204
Kedzie Ave & 21st St,421,4112301,0.010237577453595931
Whipple/Irving Park,410,4112301,0.009970087306352331
Cottage Grove Ave & 43rd St,408,4112301,0.009921452734126222
Parnell Ave & 31st St,407,4112301,0.00989713544801317
Stony Island Ave & 63rd St,403,4112301,0.009799866303560952
Oakley Ave & Touhy Ave,397,4112301,0.009653962586882624
California Ave & Winona St,391,4112301,0.009508058870204297
Kildare Ave & Montrose Ave,388,4112301,0.009435107011865132
Wabansia & Milwaukee,385,4112301,0.00936215515352597
Rockwell St & Cermak Rd,380,4112301,0.009240568722960698
California Ave & 23rd Pl,378,4112301,0.009191934150734589
Karlov Ave & Lawrence Ave,378,4112301,0.009191934150734589
Drake Ave & Armitage Ave,377,4112301,0.009167616864621534
Washtenaw Ave & Ogden Ave,376,4112301,0.00914329957850848
Public Rack - Rush St & Oak St,375,4112301,0.009118982292395425
MLK Jr Dr & 47th St,371,4112301,0.009021713147943207
Milwaukee Ave & Wolfram St,366,4112301,0.008900126717377936
Carpenter St & Lake St Public Rack,363,4112301,0.00882717485903877
Jeffery Blvd & 71st St,362,4112301,0.008802857572925718
Milwaukee Ave & Cuyler Ave,361,4112301,0.008778540286812662
University Ave & 65th St,360,4112301,0.008754223000699609
Central Park Ave & Ardmore Ave,352,4112301,0.008559684711795173
Addison/Sheffield SE Corral,351,4112301,0.008535367425682118
Kedzie Ave & Lake St,348,4112301,0.008462415567342955
Hastings LWS,346,4112301,0.008413780995116846
Addison/Wilton Corral,343,4112301,0.008340829136777682
Kilbourn Ave & Milwaukee Ave,337,4112301,0.008194925420099355
Damen Ave & Chicago Ave Public Rack,334,4112301,0.008121973561760192
Pulaski Rd & 51st St,331,4112301,0.00804902170342103
Prairie Ave & 43rd St,329,4112301,0.00800038713119492
Public Rack - Wells St & Scott St,328,4112301,0.007976069845081864
Winthrop Ave & Bryn Mawr Ave,328,4112301,0.007976069845081864
Hoyne Ave & 47th St,327,4112301,0.007951752558968812
Calumet Ave & 51st St,323,4112301,0.007854483414516594
Cottage Grove Ave & 67th St,323,4112301,0.007854483414516594
State St & 29th St,315,4112301,0.007659945125612157
Milwaukee Ave & Diversey Ave,314,4112301,0.007635627839499103
Monticello Ave & Diversey Ave,314,4112301,0.007635627839499103
Rockwell/Irving Park Hub,312,4112301,0.007586993267272994
Edgebrook Metra,312,4112301,0.007586993267272994
Western Ave & Lake St,312,4112301,0.007586993267272994
Kedzie Ave & 48th Pl,312,4112301,0.007586993267272994
Rockwell St & Archer Ave,309,4112301,0.00751404140893383
Damen Ave/Coulter St,309,4112301,0.00751404140893383
Western Ave & Ardmore Ave,308,4112301,0.007489724122820777
Public Rack - Racine Ave & Nelson St,302,4112301,0.00734382040614245
Kilbourn Ave & Roscoe St,301,4112301,0.007319503120029394
Springfield Ave & North Ave,300,4112301,0.0072951858339163405
Central Park Ave & Ogden Ave,296,4112301,0.0071979166894641225
Jeffery Blvd & 67th St,294,4112301,0.007149282117238013
Public Rack - Kingsbury Ave & Blackhawk St,293,4112301,0.00712496483112496
LaSalle St & Washington St Corral N,292,4112301,0.007100647545011904
Conservatory Dr & Lake St,291,4112301,0.007076330258898851
Princeton Ave & 47th St,287,4112301,0.006979061114446633
Central Park & Augusta Blvd,287,4112301,0.006979061114446633
Kilpatrick Ave & Grand Ave,286,4112301,0.006954743828333577
Fairfield Ave & Pratt Blvd,286,4112301,0.006954743828333577
Bernard St & Peterson Ave,284,4112301,0.006906109256107468
Lavergne Ave & Lawrence Ave,283,4112301,0.006881791969994415
Cottage Grove Ave & 49th St,280,4112301,0.00680884011165525
North Branch St & Haines St,279,4112301,0.0067845228255421965
Kenosha Ave & Wellington Ave,278,4112301,0.006760205539429142
Pine Grove Ave & Belmont Ave,278,4112301,0.006760205539429142
Public Rack - Hyde Park Blvd & 55th St,277,4112301,0.0067358882533160875
Milwaukee Ave & Agatite Ave,276,4112301,0.006711570967203033
Dodge Ave & Mulford St,275,4112301,0.0066872536810899785
Western Blvd & 48th Pl,270,4112301,0.006565667250524706
Vernon Ave & 75th St,268,4112301,0.006517032678298597
Riley O'Neil Memorial Station at City Hall,268,4112301,0.006517032678298597
South Shore Dr & 74th St,267,4112301,0.006492715392185543
Public Rack - Christiana Ave & Belmont Ave,266,4112301,0.006468398106072488
Virginia Ave & Catalpa Ave,266,4112301,0.006468398106072488
Public Rack - Washtenaw Ave & Devon Ave,264,4112301,0.0064197635338463805
Public Rack - Woodlawn Ave & 63rd St N,264,4112301,0.0064197635338463805
Archer (Damen) Ave & 37th St,263,4112301,0.006395446247733325
Ashland Ave & Pershing Rd,262,4112301,0.0063711289616202715
Milwaukee Ave & Highland Ave,259,4112301,0.006298177103281107
Cicero Ave & Wrightwood Ave,259,4112301,0.006298177103281107
Public Rack - Kedzie Ave & Argyle St,255,4112301,0.006200907958828889
Public Rack - Hamlin Ave & Montrose Ave,255,4112301,0.006200907958828889
Midway Orange Line,254,4112301,0.006176590672715835
Kostner Ave & Belmont Ave,254,4112301,0.006176590672715835
Cicero Ave & Roscoe Ave,251,4112301,0.006103638814376671
Public Rack - Drake Ave & Leland Ave,249,4112301,0.006055004242150563
Public Rack - Spaulding Ave & Evergreen Ave,248,4112301,0.006030686956037508
Public Rack - Dearborn St & Kinzie St 1,244,4112301,0.00593341781158529
Elston Ave & Carmen Ave,243,4112301,0.005909100525472236
Hyacinth Ave & Milwaukee Ave,243,4112301,0.005909100525472236
Public Rack - Wells St & North Ave,237,4112301,0.0057631968087939085
Kilbourn Ave & Diversey Ave,237,4112301,0.0057631968087939085
Fairfield Ave & Roosevelt Rd,237,4112301,0.0057631968087939085
Ping Tom Park (East),236,4112301,0.005738879522680854
Public Rack - Milwaukee Ave & Haussen Ct,235,4112301,0.0057145622365677995
Linder Ave & Montrose Ave,234,4112301,0.005690244950454745
Public Rack - Jonathan Y Scammon Public School,233,4112301,0.0056659276643416905
Sacramento Blvd & Fulton Ave,230,4112301,0.005592975806002528
Melvina Ave & Giddings Ave,230,4112301,0.005592975806002528
Lincolnwood Dr & Central St,230,4112301,0.005592975806002528
Washtenaw Ave & Peterson Ave,230,4112301,0.005592975806002528
Lowell Ave & Armitage Ave,227,4112301,0.005520023947663364
Stony Island Ave & 71st St,226,4112301,0.00549570666155031
Public Rack - Clark St & Diversey Pkwy (North 2),226,4112301,0.00549570666155031
Kildare Ave & North Ave,226,4112301,0.00549570666155031
Kildare Ave & Division St,225,4112301,0.005471389375437255
Lamon Ave & Belmont Ave,221,4112301,0.005374120230985038
Menard Ave & Lawrence Ave,220,4112301,0.0053498029448719835
Keeler Ave & Carmen Ave,219,4112301,0.005325485658758929
Public Rack - Milwaukee Ave & Diversey Ave,217,4112301,0.00527685108653282
Clark/Eddy,217,4112301,0.00527685108653282
Cottage Grove Ave & 78th St,216,4112301,0.005252533800419765
Indiana Ave & 40th St,212,4112301,0.005155264655967547
Public Rack - Monticello Ave & Belmont Ave,212,4112301,0.005155264655967547
Princeton Ave & Garfield Blvd,210,4112301,0.005106630083741438
California Ave & Touhy Ave,208,4112301,0.005057995511515329
Halsted St & 51st St,206,4112301,0.00500936093928922
Central Park Blvd & 5th Ave,205,4112301,0.004985043653176166
Mason Ave & Montrose Ave,198,4112301,0.004814822650384784
Kilpatrick Ave & Parker Ave,196,4112301,0.004766188078158675
Cottage Grove Ave & 47th St,196,4112301,0.004766188078158675
Washington Blvd & Peoria St Public Rack,193,4112301,0.0046932362198195115
Sacramento Ave & Lunt Ave,193,4112301,0.0046932362198195115
Austin Blvd & Lake St,192,4112301,0.004668918933706458
Kedzie Ave & 57th St,191,4112301,0.004644601647593403
Avers Ave & Foster Ave,191,4112301,0.004644601647593403
Lockwood Ave & Grand Ave,189,4112301,0.004595967075367294
Millard Ave & 26th St,188,4112301,0.00457164978925424
Farragut Ave & Central Ave,186,4112301,0.004523015217028132
Hoyne Ave & 34th St,186,4112301,0.004523015217028132
Western Ave & 43rd St,185,4112301,0.004498697930915077
St Louis Ave & Armitage Ave,183,4112301,0.004450063358688968
Winthrop Ave & Sheridan Rd,183,4112301,0.004450063358688968
Public Rack - Kingsbury Ave & Eastman St,183,4112301,0.004450063358688968
Sacramento Ave & Pratt Blvd,182,4112301,0.0044257460725759135
California Ave & 26th St,181,4112301,0.004401428786462859
Public Rack - Jensen Park,180,4112301,0.0043771115003498045
Lexington St & California Ave,178,4112301,0.0043284769281236955
Kostner Ave & Bryn Mawr Ave,177,4112301,0.004304159642010641
Narragansett Ave & Montrose Ave,176,4112301,0.004279842355897586
Merrimac Park,174,4112301,0.004231207783671477
Sacramento Blvd & Franklin Blvd,174,4112301,0.004231207783671477
California Ave & 16th St,174,4112301,0.004231207783671477
Public Rack - California Ave & Cortez St,173,4112301,0.004206890497558423
Halsted St & 96th St,172,4112301,0.004182573211445368
Lavergne Ave & Fullerton Ave,171,4112301,0.004158255925332314
Public Rack - Clybourn Ave & Webster Ave,171,4112301,0.004158255925332314
Public Rack - Webster Ave & Halsted St,171,4112301,0.004158255925332314
Richmond St & Lincoln Ave,168,4112301,0.00408530406699315
Wallace St & Pershing Rd,167,4112301,0.004060986780880096
Portage Park,166,4112301,0.004036669494767041
Stony Island Ave & 75th St,166,4112301,0.004036669494767041
Washtenaw Ave & Polk St,165,4112301,0.004012352208653987
Pulaski Rd & Ann Lurie Pl,165,4112301,0.004012352208653987
Halsted St & 47th Pl,164,4112301,0.003988034922540932
Public Rack - Hyde Park Blvd & 53rd St,162,4112301,0.003939400350314824
Central Ave & Parker Ave,161,4112301,0.0039150830642017695
Central Ave & Altgeld St,159,4112301,0.0038664484919756605
Kostner Ave & Devon Ave,159,4112301,0.0038664484919756605
Whipple St & Irving Park Rd,159,4112301,0.0038664484919756605
Public Rack - Michigan Ave & Wacker Dr (South),156,4112301,0.003793496633636497
Public Rack - Emerald Ave & 43rd St,154,4112301,0.0037448620614103883
Narragansett Ave & Wrightwood Ave,154,4112301,0.0037448620614103883
Public Rack - Michigan Ave & Delaware Pl,153,4112301,0.003720544775297334
Long Ave & Diversey Ave,152,4112301,0.0036962274891842793
Public Rack - Rockwell & Division,150,4112301,0.0036475929169581703
Kedzie Ave & 60th St,149,4112301,0.0036232756308451157
Ashland Ave & McDowell Ave,149,4112301,0.0036232756308451157
Public Rack - Justine St & 87th St,149,4112301,0.0036232756308451157
Grace St & Cicero Ave,148,4112301,0.0035989583447320612
Kenmore Ave & School St,147,4112301,0.0035746410586190067
Central Ave & Chicago Ave,147,4112301,0.0035746410586190067
State St & 54th St,147,4112301,0.0035746410586190067
Eberhart Ave & 61st St,145,4112301,0.0035260064863928977
[Archived] Wilton Ave & Diversey Pkwy,145,4112301,0.0035260064863928977
Public Rack - South Shore Dr & 71st St,142,4112301,0.003453054628053734
Public Rack - Spaulding Ave & North Ave,141,4112301,0.0034287373419406796
Stony Island Ave & 64th St,141,4112301,0.0034287373419406796
Long & Irving Park,140,4112301,0.003404420055827625
Central Park Ave & Ohio St,140,4112301,0.003404420055827625
Damen Ave & Pershing Rd,137,4112301,0.003331468197488462
Central Park Ave & 24th St,134,4112301,0.0032585163391492984
Stony Island Ave & 67th St,134,4112301,0.0032585163391492984
California & 16th St,134,4112301,0.0032585163391492984
Public Rack - Trader Joe's Clybourn Ave,133,4112301,0.003234199053036244
Addison Red Line,132,4112301,0.0032098817669231903
Archer & Wentworth,131,4112301,0.0031855644808101357
Albany Ave & 26th St,131,4112301,0.0031855644808101357
Public Rack - Kedvale Ave & 63rd St W,130,4112301,0.003161247194697081
Public Rack - Wells St & Wacker Dr,130,4112301,0.003161247194697081
Larrabee St & Chicago Ave,129,4112301,0.0031369299085840267
Public Rack - Desplaines St & Fulton St,129,4112301,0.0031369299085840267
MLK Jr Dr & 83rd St,129,4112301,0.0031369299085840267
Public Rack - Hamlin Ave & Fullerton Ave,128,4112301,0.003112612622470972
Komensky Ave & 47th St,128,4112301,0.003112612622470972
Public Rack - Clark St & Diversey Pkwy (South),127,4112301,0.0030882953363579177
Harlem Ave & Irving Park Rd,125,4112301,0.0030396607641318086
Waveland/Wilton Corral,125,4112301,0.0030396607641318086
Richmond St & 59th St,123,4112301,0.0029910261919056996
Public Rack - Pulaski Rd & 44th St,123,4112301,0.0029910261919056996
Ashland Ave & 50th St,123,4112301,0.0029910261919056996
Union Ave & Root St,123,4112301,0.0029910261919056996
Long Ave & North Ave,123,4112301,0.0029910261919056996
Public Rack - Western Ave & Devon Ave,122,4112301,0.002966708905792645
Oak Park & Wellington,122,4112301,0.002966708905792645
Public Rack - Rush St & Ohio St,121,4112301,0.0029423916196795906
Public Rack - Kimball & Ardmore,121,4112301,0.0029423916196795906
Public Rack - Sangamon St & Fulton St,121,4112301,0.0029423916196795906
Public Rack - Wacker Dr & Adams St,120,4112301,0.002918074333566536
Central Ave & Lake St,120,4112301,0.002918074333566536
Komensky Ave & 31st St,119,4112301,0.0028937570474534815
Public Rack - Southport Ave & Fullteron Ave,118,4112301,0.002869439761340427
Hamlin Ave & Grand Ave,118,4112301,0.002869439761340427
Mozart St & Jackson Blvd,117,4112301,0.0028451224752273725
Public Rack - Wells St & Schiller St,117,4112301,0.0028451224752273725
Laramie Ave & Irving Park Rd,116,4112301,0.002820805189114318
California Ave & Madison St,115,4112301,0.002796487903001264
Public Rack - Clark St & Diversey Pkwy (North 1),115,4112301,0.002796487903001264
Public Rack - Clybourn Ave & Dickens Ave,114,4112301,0.0027721706168882094
Western Ave & 28th St,112,4112301,0.0027235360446621003
Public Rack - Harold Washington Park,112,4112301,0.0027235360446621003
Public Rack - Wells St & Lake St,111,4112301,0.002699218758549046
Phillips Ave & 79th St,110,4112301,0.0026749014724359917
Public Rack - Carpenter St & Madison St,110,4112301,0.0026749014724359917
Public Rack - Halsted St & Fullerton Ave,110,4112301,0.0026749014724359917
Lavergne Ave & Diversey Ave,109,4112301,0.002650584186322937
Public Rack - Lincoln Ave & Fullteron Ave (Northwest),108,4112301,0.0026262669002098827
Kedvale Ave & Peterson Ave,107,4112301,0.002601949614096828
Clark/Newport,106,4112301,0.0025776323279837737
Public Rack - Western Ave & 47th Pl,106,4112301,0.0025776323279837737
Wood St & 33rd St,104,4112301,0.0025289977557576646
Homan Ave & Fillmore St,103,4112301,0.00250468046964461
Franklin St & Monroe St Corral,103,4112301,0.00250468046964461
Cottage Grove Ave & 83rd St,102,4112301,0.0024803631835315556
Pine Ave & Division St,102,4112301,0.0024803631835315556
Lynch Ave & Elston Ave,102,4112301,0.0024803631835315556
Public Rack - Leamington & Elston,100,4112301,0.0024317286113054466
Kedzie Ave & Jackson Blvd,100,4112301,0.0024317286113054466
California Ave & 41st St,100,4112301,0.0024317286113054466
Austin Blvd & Madison St,99,4112301,0.002407411325192392
Public Rack - Karlov Ave & Milwaukee Ave,99,4112301,0.002407411325192392
Oglesby Ave & 100th St,98,4112301,0.0023830940390793375
Public Rack - Hoyne Ave & Walton St,98,4112301,0.0023830940390793375
Nordica Ave & Medill Ave,98,4112301,0.0023830940390793375
California Ave & 71st St,98,4112301,0.0023830940390793375
Halsted St & 63rd St,98,4112301,0.0023830940390793375
Vincennes Ave & 95th St,98,4112301,0.0023830940390793375
Wentworth Ave & 63rd St,97,4112301,0.002358776752966283
Damen Ave & Coulter St,96,4112301,0.002334459466853229
Public Rack - Orleans St & Grand Ave,96,4112301,0.002334459466853229
Public Rack - Keystone Ave & Irving Park Rd,94,4112301,0.00228582489462712
Public Rack - Foster Ave & Drake Ave,94,4112301,0.00228582489462712
Kedzie Ave & Roosevelt Rd,94,4112301,0.00228582489462712
Vincennes Ave & 79th St,93,4112301,0.002261507608514066
Austin Ave & Milwaukee Ave,93,4112301,0.002261507608514066
Public Rack - Morgan St & Madison St,93,4112301,0.002261507608514066
Wabash Ave & 87th St,93,4112301,0.002261507608514066
Public Rack - Hollywood Park,93,4112301,0.002261507608514066
Kildare Ave & Chicago Ave,92,4112301,0.0022371903224010113
MLK Jr Dr & 56th St,91,4112301,0.0022128730362879568
Hastings St Depot LWS,91,4112301,0.0022128730362879568
Morgan St & Pershing Rd,90,4112301,0.0021885557501749022
Leclaire Ave & Belmont Ave,90,4112301,0.0021885557501749022
Sacramento Ave & 25th St,90,4112301,0.0021885557501749022
Central Ave & Madison St,89,4112301,0.0021642384640618477
Glenwood Ave & Devon Ave,89,4112301,0.0021642384640618477
Yates Blvd & 75th St,88,4112301,0.002139921177948793
Public Rack - Dearborn St & Superior St,88,4112301,0.002139921177948793
Albany Ave & 16th St,88,4112301,0.002139921177948793
Public Rack - Rush St & Ontario St,87,4112301,0.0021156038918357387
State St & 79th St,86,4112301,0.002091286605722684
Harlem Ave & Bloomingdale Ave,86,4112301,0.002091286605722684
Artesian Ave & 55th St,86,4112301,0.002091286605722684
Chicago State University,86,4112301,0.002091286605722684
Kedzie Ave & Harrison St,86,4112301,0.002091286605722684
Central & Elston,85,4112301,0.0020669693196096297
Laramie Ave & Bloomingdale Ave,85,4112301,0.0020669693196096297
Vernon Ave & 79th St,84,4112301,0.002042652033496575
Higgins Ave & Austin Ave,84,4112301,0.002042652033496575
Public Rack - Orleans St & Ontario St,83,4112301,0.0020183347473835206
Harding Ave & 26th St,83,4112301,0.0020183347473835206
Stewart Ave & 83rd St,83,4112301,0.0020183347473835206
MLK Jr Dr & 63rd St,82,4112301,0.001994017461270466
Public Rack - Racine Ave & Armitage Ave,82,4112301,0.001994017461270466
Public Rack - Dearborn St & Kinzie St 2,82,4112301,0.001994017461270466
Troy St & Jackson Blvd,81,4112301,0.001969700175157412
Lamon Ave & Armitage Ave,81,4112301,0.001969700175157412
Grace St & Central Ave,81,4112301,0.001969700175157412
Harding Ave & Division St,81,4112301,0.001969700175157412
Rainbow Beach,81,4112301,0.001969700175157412
Public Rack - Mango & Higgins,80,4112301,0.0019453828890443575
Commercial Ave & 83rd St,80,4112301,0.0019453828890443575
Harding Ave & Chicago Ave,79,4112301,0.001921065602931303
Shields Ave & 43rd St,79,4112301,0.001921065602931303
State St & 45th St,79,4112301,0.001921065602931303
Public Rack - Michigan Ave & Wacker Dr (North),79,4112301,0.001921065602931303
Hastings St Depot Public Rack,79,4112301,0.001921065602931303
Public Rack - Damen Ave & Division St,78,4112301,0.0018967483168182485
Big Marsh Park,78,4112301,0.0018967483168182485
Public Rack - Rockwell St & Chicago Ave,78,4112301,0.0018967483168182485
Tripp Ave & 15th St,78,4112301,0.0018967483168182485
State St & 95th St,77,4112301,0.0018724310307051942
Laramie Ave & Madison St,77,4112301,0.0018724310307051942
Sacramento Blvd & Fulton St,76,4112301,0.0018481137445921397
Francisco Ave & Hollywood Ave,75,4112301,0.0018237964584790851
Meade Ave & Fullerton Ave,74,4112301,0.0017994791723660306
Public Rack - Springfield Ave & Lawrence Ave,74,4112301,0.0017994791723660306
Francisco Ave & 47th St,74,4112301,0.0017994791723660306
Central Park Ave & Augusta Blvd,74,4112301,0.0017994791723660306
Walden Pkwy & 100th St,74,4112301,0.0017994791723660306
Granville Ave & Pulaski Rd,73,4112301,0.001775161886252976
Public Rack - Southport Ave & Webster Ave,73,4112301,0.001775161886252976
Ping Tom Park East Public Rack,72,4112301,0.0017508446001399216
Marmora Ave & Irving Park Rd,72,4112301,0.0017508446001399216
Perry Ave & 69th St,71,4112301,0.001726527314026867
Public Rack - Keating & Peterson,71,4112301,0.001726527314026867
Kedzie Ave & Archer Ave,70,4112301,0.0017022100279138125
Exchange Ave & 79th St,70,4112301,0.0017022100279138125
Houston Ave & 92nd St,69,4112301,0.0016778927418007582
Public Rack - Wabash Ave & Chicago Ave,69,4112301,0.0016778927418007582
St Louis Ave & 59th St,69,4112301,0.0016778927418007582
Kedzie Ave & 54th Pl,68,4112301,0.0016535754556877037
Kedzie Ave & 24th St,67,4112301,0.0016292581695746492
Le Mai Ave & Devon Ave,67,4112301,0.0016292581695746492
Waveland/Racine,67,4112301,0.0016292581695746492
Overhill Ave & Belmont Ave,66,4112301,0.0016049408834615951
Public Rack - Campbell Ave & Pratt Blvd,66,4112301,0.0016049408834615951
Maplewood Ave & 59th St,66,4112301,0.0016049408834615951
Long Ave & Belmont Ave,65,4112301,0.0015806235973485406
Burnham Greenway & 112th St,64,4112301,0.001556306311235486
Pulaski Rd & Lake St,63,4112301,0.0015319890251224316
Public Rack - Wells St & Monroe St,63,4112301,0.0015319890251224316
Cumberland Ave & Catherine Ave,63,4112301,0.0015319890251224316
Public Rack - Avers Ave & Irving Park Rd,63,4112301,0.0015319890251224316
Central Ave & Wellington Ave,63,4112301,0.0015319890251224316
Sayre Ave & Diversey Ave,62,4112301,0.001507671739009377
Addison/Racine,61,4112301,0.0014833544528963225
Seeley Ave & Garfield Blvd,61,4112301,0.0014833544528963225
Lamon Ave & Chicago Ave,61,4112301,0.0014833544528963225
Laramie Ave & Addison St,61,4112301,0.0014833544528963225
Public Rack - Clark St & Oak St,61,4112301,0.0014833544528963225
Avers Ave & 16th St,60,4112301,0.001459037166783268
Monticello Ave & Chicago Ave,60,4112301,0.001459037166783268
California Ave & 36th St,60,4112301,0.001459037166783268
Lawndale Ave & 59th St,59,4112301,0.0014347198806702135
Public Rack - Evans Ave & 63rd St,59,4112301,0.0014347198806702135
Public Rack - Western Ave & Jarvis Ave,59,4112301,0.0014347198806702135
Baltimore Ave & 87th St,58,4112301,0.001410402594557159
California Ave & Marquette Rd,58,4112301,0.001410402594557159
Laramie Ave & Kinzie St,58,4112301,0.001410402594557159
Grace/Sheffield,58,4112301,0.001410402594557159
Public Rack - Dearborn St & Jackson Ave,57,4112301,0.0013860853084441047
Rockwell St & 47th St,57,4112301,0.0013860853084441047
Indiana Ave & 103rd St,57,4112301,0.0013860853084441047
Public Rack - Milwaukee Ave & Higgins Ave,57,4112301,0.0013860853084441047
Tripp Ave & 65th St,56,4112301,0.0013617680223310502
Public Rack - Prairie Ave & 47th St ,56,4112301,0.0013617680223310502
Archer Ave & 49th St,56,4112301,0.0013617680223310502
Public Rack - Ashland Orange Line CTA,55,4112301,0.0013374507362179959
Martin Luther King Dr & 87th St,55,4112301,0.0013374507362179959
Steelworkers Park,54,4112301,0.0013131334501049413
Wabash Ave & 83rd St,54,4112301,0.0013131334501049413
State St & Pershing Rd,54,4112301,0.0013131334501049413
Public Rack - Lawndale Ave & Diversey Ave,54,4112301,0.0013131334501049413
Pulaski Rd & Congress Pkwy,53,4112301,0.0012888161639918868
Homan Ave & Arthington Ave,53,4112301,0.0012888161639918868
Ewing Ave & 106th St,53,4112301,0.0012888161639918868
Marshfield Ave & 44th St,53,4112301,0.0012888161639918868
Mason Ave & Grand Ave,53,4112301,0.0012888161639918868
Elizabeth St & 47th St,53,4112301,0.0012888161639918868
Shabbona Park,52,4112301,0.0012644988778788323
Kildare Ave & Archer Ave,52,4112301,0.0012644988778788323
Wentworth Ave & 92nd St,52,4112301,0.0012644988778788323
Kenmore Ave & Catalpa Ave,52,4112301,0.0012644988778788323
Lawndale Ave & 30th St,52,4112301,0.0012644988778788323
21st St & Pulaski Rd,52,4112301,0.0012644988778788323
Albany Ave & Douglas Blvd,51,4112301,0.0012401815917657778
Phillips Ave & 83rd St,51,4112301,0.0012401815917657778
Public Rack - Kimball Ave & Lawrence Ave,51,4112301,0.0012401815917657778
Public Rack - Leavitt St & Potomac Ave,51,4112301,0.0012401815917657778
Central Ave & Roscoe St,51,4112301,0.0012401815917657778
Central Park Ave & Washington Blvd,50,4112301,0.0012158643056527233
Public Rack - Spaulding Ave & Bryn Mawr Ave,50,4112301,0.0012158643056527233
Public Rack - Irving Park Rd & Leclaire Ave,50,4112301,0.0012158643056527233
Evans Ave & 75th St,49,4112301,0.0011915470195396688
Orange Ave & Addison St,49,4112301,0.0011915470195396688
Long Ave & Irving Park Rd,49,4112301,0.0011915470195396688
Public Rack - Peterson Park,48,4112301,0.0011672297334266145
Public Rack - Langley Ave & 49th St,48,4112301,0.0011672297334266145
Lawler Ave & North Ave,48,4112301,0.0011672297334266145
Public Rack - Wells St & Ontario St,47,4112301,0.00114291244731356
Spaulding Ave & 16th St,47,4112301,0.00114291244731356
Dan Ryan Woods & 83rd St,47,4112301,0.00114291244731356
Public Rack - Bryn Mawr Ave & Spaulding Ave,47,4112301,0.00114291244731356
Narragansett Ave & North Ave,47,4112301,0.00114291244731356
Springfield Ave & 47th St,47,4112301,0.00114291244731356
Dauphin Ave & 87th St,47,4112301,0.00114291244731356
Public Rack - Sawyer Ave & Bryn Mawr Ave - SE,47,4112301,0.00114291244731356
Fairfield Ave & 44th St,47,4112301,0.00114291244731356
Michigan Ave & 105th St,47,4112301,0.00114291244731356
Kenneth Ave & 50th St,47,4112301,0.00114291244731356
Constance Ave & 95th St,47,4112301,0.00114291244731356
Public Rack - Ogden Ave & Monroe St,46,4112301,0.0011185951612005056
NAVY PIER,46,4112301,0.0011185951612005056
Kostner Ave & 63rd St,46,4112301,0.0011185951612005056
Public Rack - Kenneth & Carmen,46,4112301,0.0011185951612005056
Damen Ave & 33rd St,46,4112301,0.0011185951612005056
Public Rack - Sawyer Ave & Lawrence Ave,46,4112301,0.0011185951612005056
Major Ave & Addison St,46,4112301,0.0011185951612005056
Austin Blvd & Chicago Ave,46,4112301,0.0011185951612005056
Public Rack - Lavergne Ave & Belle Plaine Ave,46,4112301,0.0011185951612005056
Public Rack - Central Park & Peterson,46,4112301,0.0011185951612005056
Public Rack - Nagel & Higgins,46,4112301,0.0011185951612005056
Lavergne Ave & Division St,45,4112301,0.0010942778750874511
Calumet Park,45,4112301,0.0010942778750874511
Public Rack - Kilpatrick & Elston,44,4112301,0.0010699605889743966
Public Rack - Keystone Ave & North Ave,44,4112301,0.0010699605889743966
Public Rack - Western Ave & 92nd Pl,44,4112301,0.0010699605889743966
Commercial Ave & 90th St,44,4112301,0.0010699605889743966
Public Rack - Wacker Dr & Madison St (East),44,4112301,0.0010699605889743966
Latrobe Ave & Chicago Ave,44,4112301,0.0010699605889743966
Public Rack - Oakley Blvd & Grand Ave,43,4112301,0.001045643302861342
Prospect Sq & 91st St,43,4112301,0.001045643302861342
Kildare Ave & 26th St,43,4112301,0.001045643302861342
Menard Ave & Milwaukee Ave,43,4112301,0.001045643302861342
Lake/Green Corral,43,4112301,0.001045643302861342
Vincennes Ave & 104th St,43,4112301,0.001045643302861342
Public Rack - Wells St & Grand Ave,43,4112301,0.001045643302861342
Halsted St & 78th St,42,4112301,0.0010213260167482876
W 103rd St & S Avers Ave,42,4112301,0.0010213260167482876
Kedzie Ave & 45th St,42,4112301,0.0010213260167482876
Ashland Ave & 63rd St,41,4112301,0.000997008730635233
Rockwell St & 63rd St,41,4112301,0.000997008730635233
Public Rack - St Clair St & Ontario St,41,4112301,0.000997008730635233
Long Ave & Belden Ave,41,4112301,0.000997008730635233
Public Rack - Central Ave & Lawrence Ave,41,4112301,0.000997008730635233
Public Rack - Hoyne Ave & Grand Ave,41,4112301,0.000997008730635233
Western Ave & 79th St,41,4112301,0.000997008730635233
Archer Ave & Homan Ave,40,4112301,0.0009726914445221788
Public Rack - Kenmore Ave & Armitage Ave,40,4112301,0.0009726914445221788
Dauphin Ave & 103rd St,40,4112301,0.0009726914445221788
Public Rack - Clifton Ave & Armitage Ave,40,4112301,0.0009726914445221788
Racine Ave & Garfield Blvd,40,4112301,0.0009726914445221788
Public Rack - Woodlawn Ave & 63rd St S,40,4112301,0.0009726914445221788
Wabash Ave & 49th St,39,4112301,0.0009483741584091242
Public Rack - Avers & Lawrence,39,4112301,0.0009483741584091242
Public Rack - Cicero Ave & Belle Plaine Ave,38,4112301,0.0009240568722960698
Parkside Ave & Armitage Ave,38,4112301,0.0009240568722960698
Damen Ave & 87th St,38,4112301,0.0009240568722960698
Vernon Ave & 107th St,37,4112301,0.0008997395861830153
Kedzie Ave & Redfield Dr,37,4112301,0.0008997395861830153
Public Rack - Maplewood Ave & Chicago Ave,37,4112301,0.0008997395861830153
Cicero Ave & Lake St,37,4112301,0.0008997395861830153
Public Rack - Milwaukee Ave & Kennedy Expy,36,4112301,0.0008754223000699608
Burnham Greenway & 105th St,36,4112301,0.0008754223000699608
Public Rack - Wacker Dr & Madison St (West),36,4112301,0.0008754223000699608
Narragansett Ave & McLean Ave,36,4112301,0.0008754223000699608
Public Rack - Forest Glen Station ,36,4112301,0.0008754223000699608
Public Rack - St Clair St & Superior St,35,4112301,0.0008511050139569063
Commercial Ave & 97th St,35,4112301,0.0008511050139569063
Halsted St & 59th St,35,4112301,0.0008511050139569063
Halsted St & 104th St,35,4112301,0.0008511050139569063
Pershing Rd & Sacramento Ave,35,4112301,0.0008511050139569063
Kenton Ave & Madison St,35,4112301,0.0008511050139569063
Public Rack - Burling Ave & Armitage Ave,35,4112301,0.0008511050139569063
Daley Center Plaza Corral,35,4112301,0.0008511050139569063
Pulaski Rd & 54th St,34,4112301,0.0008267877278438519
Hubbard St Depot,34,4112301,0.0008267877278438519
Meade Ave & Diversey Ave,34,4112301,0.0008267877278438519
Harlem Ave & Grace St,34,4112301,0.0008267877278438519
Public Rack - Halsted St Metra Station,34,4112301,0.0008267877278438519
Clark/Racine,34,4112301,0.0008267877278438519
Public Rack - Sheffield Ave & Belden Ave,34,4112301,0.0008267877278438519
Public Rack - Peterson Ave & Drake Ave,34,4112301,0.0008267877278438519
Public Rack - Nashotah & Northwest Hwy,34,4112301,0.0008267877278438519
Public Rack - Minuteman Park,34,4112301,0.0008267877278438519
Public Rack - Milwaukee Ave & Catalpa Ave,34,4112301,0.0008267877278438519
Public Rack - St Louis Ave & Berteau Ave,34,4112301,0.0008267877278438519
Martin Luther King Dr & 111th St,33,4112301,0.0008024704417307976
Wellington Ave & Mulligan Ave,33,4112301,0.0008024704417307976
Marmora Ave & Belmont Ave,33,4112301,0.0008024704417307976
Public Rack - Greenwood Ave & Lake Park Ave,33,4112301,0.0008024704417307976
Whipple St & Roosevelt Rd,33,4112301,0.0008024704417307976
Ellis Ave & 83rd St,33,4112301,0.0008024704417307976
Damen Ave & 59th St,33,4112301,0.0008024704417307976
Public Rack - Milwaukee Ave & School St,33,4112301,0.0008024704417307976
Public Rack - Karlov Ave & Kamerling Ave,32,4112301,0.000778153155617743
Homan Ave & 26th St,32,4112301,0.000778153155617743
Public Rack - Monticello & Lawrence,32,4112301,0.000778153155617743
Public Rack - Lowell Ave & Elston Ave,32,4112301,0.000778153155617743
Cicero Ave & Wellington Ave,32,4112301,0.000778153155617743
Artesian Ave & 71st St,32,4112301,0.000778153155617743
Public Rack - Clifton Ave & Webster Ave,32,4112301,0.000778153155617743
Pulaski Rd & 84th St,31,4112301,0.0007538358695046885
Public Rack - California Ave & Pershing Rd,31,4112301,0.0007538358695046885
Public Rack - Western Blvd & 49th St,31,4112301,0.0007538358695046885
SCOOTERS CLASSIC - 2132 W Hubbard ST,31,4112301,0.0007538358695046885
Hubbard St Depot Public Rack,31,4112301,0.0007538358695046885
Public Rack - Winona St & Elston Ave,31,4112301,0.0007538358695046885
Milwaukee & Fullerton,31,4112301,0.0007538358695046885
Public Rack - Penn Elementary School / KIPP Ascend Middle School,30,4112301,0.000729518583391634
Pulaski Rd & 60th St,30,4112301,0.000729518583391634
Jeffery Blvd & 76th St,30,4112301,0.000729518583391634
Burley Ave & 91st St,30,4112301,0.000729518583391634
Karlov Ave & Madison St,30,4112301,0.000729518583391634
Cottage Grove Ave & 71st St,30,4112301,0.000729518583391634
Oconto Ave & Belmont Ave,30,4112301,0.000729518583391634
Hale Ave & 107th St,30,4112301,0.000729518583391634
Public Rack - Wabash Ave & Balbo Dr,30,4112301,0.000729518583391634
Ashland Ave & 74th St,30,4112301,0.000729518583391634
Public Rack - Delphina & Foster,29,4112301,0.0007052012972785795
Yates Blvd & 93rd St,29,4112301,0.0007052012972785795
Burley Ave & 85th St,29,4112301,0.0007052012972785795
Rockwell St & 57th St,29,4112301,0.0007052012972785795
Public Rack - Whipple St & 63rd St,29,4112301,0.0007052012972785795
Monitor Ave & Division St,29,4112301,0.0007052012972785795
La Villita Park,29,4112301,0.0007052012972785795
Ashland Ave & Garfield Blvd,29,4112301,0.0007052012972785795
Kostner Ave & Lake St,28,4112301,0.0006808840111655251
Kedzie Ave & 52nd St,28,4112301,0.0006808840111655251
Bradley Park,28,4112301,0.0006808840111655251
Kedzie Ave & 66th Pl,28,4112301,0.0006808840111655251
Halsted St & 69th St,28,4112301,0.0006808840111655251
Woodlawn Ave & 75th St,28,4112301,0.0006808840111655251
Halsted St & 56th St,28,4112301,0.0006808840111655251
Public Rack - Sheffield Ave & Dickens Ave,28,4112301,0.0006808840111655251
Public Rack - Natoma Ave & 61st St,28,4112301,0.0006808840111655251
Central Park Ave & Douglas Blvd,27,4112301,0.0006565667250524707
State St & 76th St,27,4112301,0.0006565667250524707
Nagle Ave & Belmont Ave,27,4112301,0.0006565667250524707
Public Rack - DuSable Lake Shore Dr & Ontario St,27,4112301,0.0006565667250524707
Western Ave & 104th St,27,4112301,0.0006565667250524707
Stony Island Ave & 82nd St,27,4112301,0.0006565667250524707
Public Rack - Kostner Ave & Armitage Ave,27,4112301,0.0006565667250524707
Archer Ave & 43rd St,27,4112301,0.0006565667250524707
Public Rack - Christiana & Lincoln,26,4112301,0.0006322494389394162
Public Rack - Washington Park Ct & 51st St,26,4112301,0.0006322494389394162
Meade Ave & Addison St,26,4112301,0.0006322494389394162
Public Rack - Lawrence Ave & Kimball Ave,26,4112301,0.0006322494389394162
Public Rack - Kimbark Ave & 67th St,26,4112301,0.0006322494389394162
N Whipple St & Irving Park Rd,26,4112301,0.0006322494389394162
Damen Ave & 51st St,25,4112301,0.0006079321528263616
Public Rack - St Louis & Lincoln,25,4112301,0.0006079321528263616
Public Rack - Lockwood Ave & Diversey Ave,25,4112301,0.0006079321528263616
Public Rack - Avondale Ave & Addison St,25,4112301,0.0006079321528263616
Halsted St & 83rd St,25,4112301,0.0006079321528263616
Central Ave & Harrison St,25,4112301,0.0006079321528263616
Public Rack - Western Ave & Chicago Ave,24,4112301,0.0005836148667133072
Scottsdale Park,24,4112301,0.0005836148667133072
Pulaski Rd & 75th St,24,4112301,0.0005836148667133072
Public Rack - Kimball Ave & Carmen Ave,24,4112301,0.0005836148667133072
Vincennes Ave & 107th St,24,4112301,0.0005836148667133072
South Chicago Ave & 83rd St,24,4112301,0.0005836148667133072
Tripp Ave & 31st St,24,4112301,0.0005836148667133072
Stewart Ave & 63rd St,23,4112301,0.0005592975806002528
Oak Park Ave & Wellington Ave,23,4112301,0.0005592975806002528
Racine Ave & 115th St,23,4112301,0.0005592975806002528
Lawndale Ave & 16th St,22,4112301,0.0005349802944871983
Front Ave & 115th St,22,4112301,0.0005349802944871983
Spaulding Ave & 63rd,22,4112301,0.0005349802944871983
Halsted St & 73rd St,22,4112301,0.0005349802944871983
Racine Ave & 65th St,22,4112301,0.0005349802944871983
Michigan Ave & 71st St,22,4112301,0.0005349802944871983
Public Rack - Milwaukee Ave & Addison St,22,4112301,0.0005349802944871983
Mulligan Ave & Archer Ave,21,4112301,0.0005106630083741438
Western Ave & 101st St,21,4112301,0.0005106630083741438
Western Ave & 111th St,21,4112301,0.0005106630083741438
Lawndale Ave & 111th St,21,4112301,0.0005106630083741438
Loomis Blvd & 84th St,21,4112301,0.0005106630083741438
St Louis Ave & Norman Bobbins Pl,21,4112301,0.0005106630083741438
Western Ave & 81st St,21,4112301,0.0005106630083741438
Kostner Ave & Adams St,21,4112301,0.0005106630083741438
Western Ave & 62nd St,21,4112301,0.0005106630083741438
Public Rack - Garfield Park Conservatory,21,4112301,0.0005106630083741438
Public Rack - Emerald Ave & 45th St,20,4112301,0.0004863457222610894
Cottage Grove Ave & 111th Pl,20,4112301,0.0004863457222610894
Public Rack - Komensky Ave & 59th St,20,4112301,0.0004863457222610894
Public Rack - Kedzie Ave & Chicago Ave,20,4112301,0.0004863457222610894
Mango Ave & Diversey Ave,20,4112301,0.0004863457222610894
Public Rack - California Ave & Devon Ave - NE,20,4112301,0.0004863457222610894
Public Rack - Pulaski & Rosemont,20,4112301,0.0004863457222610894
Pulaski Rd & 68th St,20,4112301,0.0004863457222610894
Mango Ave & North Ave,20,4112301,0.0004863457222610894
Harding Ave & 31st St,19,4112301,0.0004620284361480349
Augusta Blvd & Laramie Ave,19,4112301,0.0004620284361480349
East End Ave & 87th St,19,4112301,0.0004620284361480349
Public Rack - Neenah & Dakin,19,4112301,0.0004620284361480349
Artesian Ave & Marquette Rd,19,4112301,0.0004620284361480349
Mayfield Ave & Roosevelt Rd,19,4112301,0.0004620284361480349
Eggleston Ave & 69th St,19,4112301,0.0004620284361480349
Public Rack - Sacramento Ave & Devon Ave,19,4112301,0.0004620284361480349
Public Rack - Prairie Ave & Garfield Blvd N,19,4112301,0.0004620284361480349
Lake/Morgan Corral,19,4112301,0.0004620284361480349
Throop St & 52nd St,18,4112301,0.0004377111500349804
Public Rack - Pulaski Rd & Fullerton Ave,18,4112301,0.0004377111500349804
Campbell Ave & 51st St,18,4112301,0.0004377111500349804
Ewing Ave & 98th St,18,4112301,0.0004377111500349804
Public Rack - Langley Ave & Oakwood Blvd,18,4112301,0.0004377111500349804
St. Louis & 71st St,18,4112301,0.0004377111500349804
Stony Island Ave & 90th St,18,4112301,0.0004377111500349804
Public Rack - Loomis St & Eleanor St,18,4112301,0.0004377111500349804
Sacramento Ave & 51st St,18,4112301,0.0004377111500349804
Public Rack - Orleans St & Chicago Ave,18,4112301,0.0004377111500349804
Kildare & Cermak,18,4112301,0.0004377111500349804
Greenwood Ave & 79th St,18,4112301,0.0004377111500349804
Public Rack - Marquette Rd & 67th St,18,4112301,0.0004377111500349804
Public Rack - Kostner Ave & North Ave,17,4112301,0.00041339386392192593
Public Rack - Hiawatha & Mendota,17,4112301,0.00041339386392192593
Calumet Ave & 71st St,17,4112301,0.00041339386392192593
Public Rack - Milwaukee Ave & Warner Ave,17,4112301,0.00041339386392192593
Public Rack - Mont Clare Ave & Higgins Ave,17,4112301,0.00041339386392192593
Public Rack - Champlain Ave & 65th St,17,4112301,0.00041339386392192593
Commercial Ave & 100th St,17,4112301,0.00041339386392192593
Ewing Ave & Burnham Greenway,17,4112301,0.00041339386392192593
Narragansett Ave & School St,17,4112301,0.00041339386392192593
Public Rack - Houston Ave & 91st St,17,4112301,0.00041339386392192593
Loomis St & 95th St,17,4112301,0.00041339386392192593
Racine Ave & 57th St,17,4112301,0.00041339386392192593
Public Rack - Fullerton Ave & Narragansett Ave,17,4112301,0.00041339386392192593
Cicero Ave & Quincy St,16,4112301,0.0003890765778088715
Public Rack - Pulaski Rd & Armitage Ave,16,4112301,0.0003890765778088715
Public Rack - King Dr & Oakwood Blvd,16,4112301,0.0003890765778088715
Springfield Ave & 71st St,16,4112301,0.0003890765778088715
Kedzie Ave & 73rd St,16,4112301,0.0003890765778088715
Clyde Ave & 87th St,16,4112301,0.0003890765778088715
Public Rack - Homan Ave & Lake St,16,4112301,0.0003890765778088715
Laflin St & 115th St,16,4112301,0.0003890765778088715
Public Rack - 532 E 43rd St,16,4112301,0.0003890765778088715
Pulaski Rd & 60th Pl,16,4112301,0.0003890765778088715
Ashland Ave & 78th St,16,4112301,0.0003890765778088715
Public Rack - Bernard St & Foster Ave,16,4112301,0.0003890765778088715
Public Rack - Rockwell Ave & Touhy Ave ,16,4112301,0.0003890765778088715
New England Ave & North Ave,16,4112301,0.0003890765778088715
Public Rack - Mozart Elementary School,16,4112301,0.0003890765778088715
Public Rack - Loomis Blvd & 47th St,16,4112301,0.0003890765778088715
Oriole Ave & Irving Park Rd,15,4112301,0.000364759291695817
Mozart St & 55th St,15,4112301,0.000364759291695817
Knox Ave & Marquette Ave,15,4112301,0.000364759291695817
Public Rack - Lotus Ave & Lawrence Ave,15,4112301,0.000364759291695817
Damen Ave & 81st St,15,4112301,0.000364759291695817
Newcastle Ave & Irving Park Rd,15,4112301,0.000364759291695817
Public Rack - Kedzie Ave & 64th St - SW,15,4112301,0.000364759291695817
Racine Ave & 61st St,15,4112301,0.000364759291695817
Public Rack - Central & Leland,15,4112301,0.000364759291695817
Stony Island Ave & South Chicago Ave,15,4112301,0.000364759291695817
May St & 69th St,15,4112301,0.000364759291695817
Public Rack - Central Ave & Pensacola Ave,15,4112301,0.000364759291695817
Kedzie Ave & 38th Pl,15,4112301,0.000364759291695817
Public Rack - Jeffrey Blvd & 71st St,14,4112301,0.00034044200558276254
Public Rack - N. Oakview and W. Gregory St,14,4112301,0.00034044200558276254
Oketo Ave & Addison St,14,4112301,0.00034044200558276254
Public Rack - Kenton & Lawrence,14,4112301,0.00034044200558276254
Major Taylor Trail & 115th St,14,4112301,0.00034044200558276254
Princeton Ave & 95th St,14,4112301,0.00034044200558276254
Public Rack - Milwaukee Ave & Culyer Ave,14,4112301,0.00034044200558276254
Bennett Ave & 79th St,14,4112301,0.00034044200558276254
Panama Ave & Grace St,14,4112301,0.00034044200558276254
Columbus Ave & 79th St,14,4112301,0.00034044200558276254
Public Rack - Trebes Park,13,4112301,0.0003161247194697081
Doty Ave & 111th St,13,4112301,0.0003161247194697081
Public Rack - Halsted St & 63rd St,13,4112301,0.0003161247194697081
Cicero Ave & Flournoy St,13,4112301,0.0003161247194697081
Keeler Ave & Roosevelt Rd,13,4112301,0.0003161247194697081
Kildare Ave & 55th St,13,4112301,0.0003161247194697081
Halsted St & 119th St,13,4112301,0.0003161247194697081
Public Rack - Pulaski & Ardmore,13,4112301,0.0003161247194697081
Mango Ave & Grand Ave,13,4112301,0.0003161247194697081
Public Rack - Melvina Ave & Montrose Ave,13,4112301,0.0003161247194697081
Damen Ave & 74th St,13,4112301,0.0003161247194697081
Kedzie Ave & 110th St,13,4112301,0.0003161247194697081
Public Rack - Parkside & 63rd,13,4112301,0.0003161247194697081
Public Rack - Cicero Ave & North Ave,12,4112301,0.0002918074333566536
Ashland Ave & 66th St,12,4112301,0.0002918074333566536
Sacramento Blvd & Polk St,12,4112301,0.0002918074333566536
Public Rack - Forest Glen & Peterson,12,4112301,0.0002918074333566536
Public Rack - Northwest Hwy & Neva Ave,12,4112301,0.0002918074333566536
Paulina Ave & 87th St,12,4112301,0.0002918074333566536
Wabash Ave & 59th St,12,4112301,0.0002918074333566536
Summit Ave & 86th St,12,4112301,0.0002918074333566536
Public Rack - California Ave & Devon Ave - NW,12,4112301,0.0002918074333566536
Lake/Aberdeen Corral,12,4112301,0.0002918074333566536
Monitor Ave & Fullerton Ave,12,4112301,0.0002918074333566536
Public Rack - Olmstead Ave & Oliphant Ave,12,4112301,0.0002918074333566536
Addison Red Line Corral,12,4112301,0.0002918074333566536
Public Rack - Laramie Ave & Belmont Ave,12,4112301,0.0002918074333566536
Ewing Ave & 97th St,12,4112301,0.0002918074333566536
Public Rack - Komensky Ave & 63rd St,12,4112301,0.0002918074333566536
St Louis Ave & 51st St,12,4112301,0.0002918074333566536
North Ave & New England Ave,12,4112301,0.0002918074333566536
California Ave & 29th St,12,4112301,0.0002918074333566536
Wentworth Ave & 107th St,11,4112301,0.00026749014724359915
Public Rack - Christiana Ave & Bryn Mawr Ave,11,4112301,0.00026749014724359915
Lake/Sangamon Corral,11,4112301,0.00026749014724359915
Public Rack - Oak Park Ave & Foster Ave,11,4112301,0.00026749014724359915
Leamington Ave & Hirsch St,11,4112301,0.00026749014724359915
Kildare Ave & 47th St,11,4112301,0.00026749014724359915
Troy Ave & 27th St,11,4112301,0.00026749014724359915
Damen Ave & 77th St,11,4112301,0.00026749014724359915
Roscoe & Harlem,11,4112301,0.00026749014724359915
Loomis St & 89th St,11,4112301,0.00026749014724359915
Public Rack - Central Park & Bryn Mawr,11,4112301,0.00026749014724359915
Public Rack - California Ave & Ogden Ave,11,4112301,0.00026749014724359915
Manistee Ave & 95th St,11,4112301,0.00026749014724359915
Mason Ave & Belmont Ave,11,4112301,0.00026749014724359915
State St & 111th St,11,4112301,0.00026749014724359915
Greenwood Ave & 91st St,10,4112301,0.0002431728611305447
Public Rack - Ewing Ave & Indianapolis Ave,10,4112301,0.0002431728611305447
Public Rack - Leclaire Ave & Division St,10,4112301,0.0002431728611305447
MLK Dr & 111th St,10,4112301,0.0002431728611305447
Public Rack - Laramine Ave & Winnemac Ave,10,4112301,0.0002431728611305447
Public Rack - Lockwood & Archer,10,4112301,0.0002431728611305447
Public Rack - Kingston Ave & 75th St,10,4112301,0.0002431728611305447
Public Rack - Sacramento Blvd & Washington Blvd,10,4112301,0.0002431728611305447
Marquette Ave & 89th St,10,4112301,0.0002431728611305447
Laramie Ave & Gladys Ave,10,4112301,0.0002431728611305447
Wood St & 84th St,10,4112301,0.0002431728611305447
Public Rack - 111th St - Morgan Park Metra,10,4112301,0.0002431728611305447
Rhodes Ave & 71st St,10,4112301,0.0002431728611305447
Public Rack - Eberhart Ave & 61st St,10,4112301,0.0002431728611305447
Public Rack - Centennial Park North,10,4112301,0.0002431728611305447
Public Rack - Peterson Ave & Milwaukee Ave,10,4112301,0.0002431728611305447
Public Rack - Milwaukee Ave & Lawrence Ave,9,4112301,0.0002188555750174902
Franciso Ave & Bloomingdale Ave,9,4112301,0.0002188555750174902
Yates Ave & 95th St,9,4112301,0.0002188555750174902
Public Rack - Kenton Ave & Palmer St,9,4112301,0.0002188555750174902
Green St & 86th St,9,4112301,0.0002188555750174902
Public Rack - Milwaukee Ave & Pensacola Ave,9,4112301,0.0002188555750174902
Public Rack - Sawyer Ave & Bryn Mawr Ave - SW,9,4112301,0.0002188555750174902
Public Rack - Central Ave & North Ave,9,4112301,0.0002188555750174902
Eberhart Ave & 91st St,9,4112301,0.0002188555750174902
Karlov Ave & Fillmore St,9,4112301,0.0002188555750174902
Columbus Ave & 83rd Pl,9,4112301,0.0002188555750174902
Public Rack - Spaulding Ave & Foster Ave,9,4112301,0.0002188555750174902
Public Rack - Kedzie Ave & Walnut St,9,4112301,0.0002188555750174902
Public Rack - Christiana Ave & Lawrence Ave,9,4112301,0.0002188555750174902
Marshfield Ave & 59th St,9,4112301,0.0002188555750174902
Elizabeth St & 92nd St,9,4112301,0.0002188555750174902
Public Rack - Linder & Elston,9,4112301,0.0002188555750174902
Public Rack - Oak Park & Higgins,9,4112301,0.0002188555750174902
Public Rack - 4810 Keeler Ave,9,4112301,0.0002188555750174902
Public Rack - Karlov Ave & Lawrence Ave,8,4112301,0.00019453828890443576
Public Rack - Lafayette Ave & 95th St,8,4112301,0.00019453828890443576
Public Rack - Harlem & Summerdale,8,4112301,0.00019453828890443576
Public Rack - Milwaukee Ave & Waveland Ave,8,4112301,0.00019453828890443576
Troy St & 27th St,8,4112301,0.00019453828890443576
Lasalle St & Washington St,8,4112301,0.00019453828890443576
Public Rack - Norwood Park Station ,8,4112301,0.00019453828890443576
Public Rack - Hamlin Ave & Madison St,8,4112301,0.00019453828890443576
Racine/Lake Corral,8,4112301,0.00019453828890443576
Homewood Ave & 115th St,8,4112301,0.00019453828890443576
Public Rack - Cicero Ave & Cortland St - midblock,8,4112301,0.00019453828890443576
Public Rack - Jeffery Blvd & 67th St,8,4112301,0.00019453828890443576
Fullerton & Monitor,8,4112301,0.00019453828890443576
Major Ave & Bloomingdale Ave,8,4112301,0.00019453828890443576
Hegewisch Metra Station,8,4112301,0.00019453828890443576
Public Rack - Western Ave & 96th St,8,4112301,0.00019453828890443576
Greenwood Ave & 97th St,7,4112301,0.00017022100279138127
Aberdeen St & 103rd St,7,4112301,0.00017022100279138127
Public Rack - Independence Blvd & Roosevelt,7,4112301,0.00017022100279138127
Michigan Ave & 113th St,7,4112301,0.00017022100279138127
Public Rack - Ford City Mall,7,4112301,0.00017022100279138127
Public Rack - Central Park Ave & Fillmore St,7,4112301,0.00017022100279138127
Public Rack - Sayer & Northwest Hwy,7,4112301,0.00017022100279138127
Public Rack - Lowe Park,7,4112301,0.00017022100279138127
Indiana Ave & 133rd St,7,4112301,0.00017022100279138127
Public Rack - Laramie Ave & Grand Ave,7,4112301,0.00017022100279138127
Kedzie Ave & 104th St,7,4112301,0.00017022100279138127
Public Rack - Lawndale Ave & 23rd St,7,4112301,0.00017022100279138127
Washington/Green (Green Side) Corral,7,4112301,0.00017022100279138127
Public Rack - Oglesby Ave & 95th St,7,4112301,0.00017022100279138127
California Blvd & 29th St,7,4112301,0.00017022100279138127
Harlem Ave & Roscoe St,7,4112301,0.00017022100279138127
Throop St & 99th St,7,4112301,0.00017022100279138127
Public Rack - Hamlin Ave & Chicago Ave,7,4112301,0.00017022100279138127
Public Rack - State ST & 42nd St,7,4112301,0.00017022100279138127
Public Rack - Tripp Ave & North Ave,7,4112301,0.00017022100279138127
Major Taylor Trail & 111th St,7,4112301,0.00017022100279138127
Michigan Ave & 108th St,7,4112301,0.00017022100279138127
Public Rack - Yates Ave & 100th St,7,4112301,0.00017022100279138127
Public Rack - Torrence Ave & 98th St,6,4112301,0.0001459037166783268
Vincennes Ave & 75th St,6,4112301,0.0001459037166783268
Public Rack - Ashland Ave & 71st St,6,4112301,0.0001459037166783268
Public Rack - Cicero Ave & Roscoe St,6,4112301,0.0001459037166783268
Kilbourn Ave & 49th St,6,4112301,0.0001459037166783268
Public Rack - Ewing Ave & 99th St,6,4112301,0.0001459037166783268
Public Rack - Imlay & Milwaukee,6,4112301,0.0001459037166783268
Public Rack - Martin Luther King Dr & 44th St,6,4112301,0.0001459037166783268
Hamlin Ave & 62nd Pl,6,4112301,0.0001459037166783268
Public Rack - Walden Pkwy & 103rd St,6,4112301,0.0001459037166783268
Public Rack - Avers Ave & Ogden Ave,6,4112301,0.0001459037166783268
Olive Harvey College,6,4112301,0.0001459037166783268
Public Rack - Melvina & Foster,6,4112301,0.0001459037166783268
Public Rack - William J Onahan Public School,6,4112301,0.0001459037166783268
Public Rack - Cicero Ave & Wrightwood Ave,6,4112301,0.0001459037166783268
Public Rack - Cottage Grove & 86th St,6,4112301,0.0001459037166783268
Public Rack - Oketo & Talcott,6,4112301,0.0001459037166783268
Public Rack - Austin Blvd & North Ave,6,4112301,0.0001459037166783268
Public Rack - Milwaukee Ave & Sunnyside Ave,6,4112301,0.0001459037166783268
Public Rack - Calumet Ave & 51st St,6,4112301,0.0001459037166783268
Public Rack - Rutherford Ave & Belmont Ave,6,4112301,0.0001459037166783268
Public Rack - Commercial Ave & 89th St,6,4112301,0.0001459037166783268
Public Rack - Avers & Granville,6,4112301,0.0001459037166783268
Public Rack - Norwood Park,6,4112301,0.0001459037166783268
Public Rack - King Dr & 115th St,6,4112301,0.0001459037166783268
Lake/Carpenter Corral,6,4112301,0.0001459037166783268
Public Rack - Kedvale Ave & Avondale Ave,6,4112301,0.0001459037166783268
Madison St & Wells St,6,4112301,0.0001459037166783268
Public Rack - Touhy Ave & Oconto Ave,6,4112301,0.0001459037166783268
Komensky Ave & 55th St,6,4112301,0.0001459037166783268
Menard Ave & North Ave,5,4112301,0.00012158643056527234
Public Rack - Menard Ave & Dakin St - midblock,5,4112301,0.00012158643056527234
Public Rack - Lafayette Ave & 87th St - NW,5,4112301,0.00012158643056527234
Kedzie Ave & 83rd St,5,4112301,0.00012158643056527234
Carpenter St & 63rd St,5,4112301,0.00012158643056527234
Public Rack - Dawes Park South,5,4112301,0.00012158643056527234
Public Rack - Central Park Ave & Fulton Blvd,5,4112301,0.00012158643056527234
Public Rack - Elston Ave & Gunnison St,5,4112301,0.00012158643056527234
Public Rack - Parkside & Elston,5,4112301,0.00012158643056527234
Public Rack - Ottowa Ave & Touhy Ave,5,4112301,0.00012158643056527234
Public Rack - Central Ave & Corcoran Pl,5,4112301,0.00012158643056527234
Wentworth Ave & 111th St,5,4112301,0.00012158643056527234
Public Rack - Plainfield Ave & Irving Park Rd,5,4112301,0.00012158643056527234
Springfield Ave & 80th St,5,4112301,0.00012158643056527234
Public Rack - Milwaukee Ave & Leland Ave,5,4112301,0.00012158643056527234
Public Rack - Kostner Ave & Diversey Ave,5,4112301,0.00012158643056527234
Public Rack - Brandon Ave & 91st St,5,4112301,0.00012158643056527234
Public Rack - Melvina Ave & Belmont Ave,5,4112301,0.00012158643056527234
Public Rack - Narragansett Ave & Fullerton Ave,5,4112301,0.00012158643056527234
Public Rack - Harper Ave & 63rd St,5,4112301,0.00012158643056527234
Public Rack - Forrestville Ave & 47th St,5,4112301,0.00012158643056527234
Public Rack - Odell & Talcott,5,4112301,0.00012158643056527234
Shields Ave & 57th St,5,4112301,0.00012158643056527234
Public Rack - Ashland Ave & 63rd St,5,4112301,0.00012158643056527234
Public Rack - Austin Ave & Roscoe St,5,4112301,0.00012158643056527234
Public Rack - Midway Orange Line,5,4112301,0.00012158643056527234
Parnell Ave & 127th St,5,4112301,0.00012158643056527234
Public Rack - Austin Ave & Wrightwood Ave,5,4112301,0.00012158643056527234
Public Rack - Kildare Ave & North Ave,5,4112301,0.00012158643056527234
Public Rack - Miami Ave & Milwaukee Ave,4,4112301,9.726914445221788e-05
Public Rack - Eli Whitney Public School,4,4112301,9.726914445221788e-05
Baltimore Ave & 133rd St,4,4112301,9.726914445221788e-05
Public Rack - Talman Ave & Pershing Rd,4,4112301,9.726914445221788e-05
Public Rack - Central & Prescott,4,4112301,9.726914445221788e-05
Public Rack - Natoma Ave & Bryn Mawr Ave,4,4112301,9.726914445221788e-05
Public Rack - Montrose Ave & Lavergne Ave,4,4112301,9.726914445221788e-05
Public Rack - Kostner Ave & Wrightwood Ave,4,4112301,9.726914445221788e-05
Public Rack - Kedzie Ave & 58th St,4,4112301,9.726914445221788e-05
Public Rack - Irving Park Rd & Parkside Ave,4,4112301,9.726914445221788e-05
Public Rack - McVicker Ave & Grand Ave,4,4112301,9.726914445221788e-05
Avers Ave & 103rd St,4,4112301,9.726914445221788e-05
Public Rack - Division St & Christiana Ave,4,4112301,9.726914445221788e-05
Public Rack - Talman Ave & 51st St,4,4112301,9.726914445221788e-05
Public Rack - Stony Island & 87th St,4,4112301,9.726914445221788e-05
Public Rack - S. Kilpatrick and W. 79th,4,4112301,9.726914445221788e-05
Lawler Ave & 50th St,4,4112301,9.726914445221788e-05
Public Rack - Chase Ave & Touhy Ave - NW,4,4112301,9.726914445221788e-05
Public Rack - Chase Ave & Touhy Ave - NE,4,4112301,9.726914445221788e-05
Public Rack - Lawndale Ave & Polk St,4,4112301,9.726914445221788e-05
Public Rack - Pratt Ave & Odell Ave,4,4112301,9.726914445221788e-05
Public Rack - Neva Ave & Grand Ave,4,4112301,9.726914445221788e-05
Public Rack - Bishop St & 46th St,4,4112301,9.726914445221788e-05
Public Rack - Exchange Ave & 73rd Pl,4,4112301,9.726914445221788e-05
Public Rack - Linder Ave & 64th Pl,4,4112301,9.726914445221788e-05
Ave L & 114th,4,4112301,9.726914445221788e-05
Public Rack - Hamlin Ave & Grand Ave,4,4112301,9.726914445221788e-05
Public Rack - Waller Ave & Chicago Ave,4,4112301,9.726914445221788e-05
Public Rack - Legler Regional Library,4,4112301,9.726914445221788e-05
Public Rack - 2302 S Pulaski Rd,4,4112301,9.726914445221788e-05
Public Rack - N Narragansett Ave & Grand Ave,4,4112301,9.726914445221788e-05
Public Rack - Richard Daley College,4,4112301,9.726914445221788e-05
Public Rack - Menard Ave & Belmont Ave,4,4112301,9.726914445221788e-05
Public Rack - Kedvale Ave & Peterson Ave,4,4112301,9.726914445221788e-05
Public Rack - Ashland Ave & 46th St,4,4112301,9.726914445221788e-05
South Chicago Ave & Elliot Ave,4,4112301,9.726914445221788e-05
Public Rack - Normal Blvd & 61st Pl,4,4112301,9.726914445221788e-05
St. Louis Ave & 59th St,4,4112301,9.726914445221788e-05
Halsted St & 93rd St,4,4112301,9.726914445221788e-05
Public Rack - Kostner & Peterson,4,4112301,9.726914445221788e-05
Public Rack - Kedzie Ave & 64th St - SE,3,4112301,7.29518583391634e-05
Public Rack - Ewing Ave & 107th St,3,4112301,7.29518583391634e-05
Torrence Ave & 106th St,3,4112301,7.29518583391634e-05
Public Rack - Western Ave & 110th St,3,4112301,7.29518583391634e-05
Public Rack - Nina Ave & Avondale Ave,3,4112301,7.29518583391634e-05
MTV Hubbard St,3,4112301,7.29518583391634e-05
Public Rack - Maryland Ave & 87th ST,3,4112301,7.29518583391634e-05
Public Rack - Lorel Ave & Grand Ave,3,4112301,7.29518583391634e-05
Public Rack - Cicero Ave & Altgeld St,3,4112301,7.29518583391634e-05
Avenue O & 134th St,3,4112301,7.29518583391634e-05
Steelworkers Park Public Rack,3,4112301,7.29518583391634e-05
Major Taylor Trail & 124th St,3,4112301,7.29518583391634e-05
Public Rack - Harriet E Sayre Public School,3,4112301,7.29518583391634e-05
Public Rack - Nordica Ave & Higgins Ave,3,4112301,7.29518583391634e-05
Public Rack - St Louis Ave & Flournoy St,3,4112301,7.29518583391634e-05
Public Rack - Stony Is Ave & 73rd St,3,4112301,7.29518583391634e-05
Public Rack - Harlem & Palatine,3,4112301,7.29518583391634e-05
Public Rack - Newcastle Ave & Belden Ave,3,4112301,7.29518583391634e-05
Public Rack - Oketo & Northwest Hwy,3,4112301,7.29518583391634e-05
St. Louis Ave & 71st St,3,4112301,7.29518583391634e-05
Public Rack - Halsted St & 95th St - SE,3,4112301,7.29518583391634e-05
Rainbow - Beach,3,4112301,7.29518583391634e-05
Public Rack - Pulaski & 84th,3,4112301,7.29518583391634e-05
Public Rack - Neva & Foster,3,4112301,7.29518583391634e-05
Public Rack - Osceola Ave & Touhy Ave,3,4112301,7.29518583391634e-05
Public Rack - Menard Ave & Agusta Blvd,3,4112301,7.29518583391634e-05
Eggleston Ave & 92nd St,3,4112301,7.29518583391634e-05
Ada St & 113th Pl,3,4112301,7.29518583391634e-05
Public Rack - South Boulevard Beach,3,4112301,7.29518583391634e-05
Public Rack - Cicero & 64th,3,4112301,7.29518583391634e-05
Mozart St & 79th St,3,4112301,7.29518583391634e-05
Public Rack - Elston Ave & Kenneth Ave,3,4112301,7.29518583391634e-05
Public Rack - Centennial Park South,3,4112301,7.29518583391634e-05
Public Rack - Newcastle Ave & Belmont Ave,3,4112301,7.29518583391634e-05
Public Rack - Central & Berteau,3,4112301,7.29518583391634e-05
Public Rack - Aida Food Market,3,4112301,7.29518583391634e-05
Wentworth Ave & 104th St,3,4112301,7.29518583391634e-05
Homan Ave & 65th St,3,4112301,7.29518583391634e-05
Commercial Ave & 130th St,3,4112301,7.29518583391634e-05
Public Rack - Pulaski Rd & 65th St,3,4112301,7.29518583391634e-05
Public Rack - Neola & Northwest Hwy,3,4112301,7.29518583391634e-05
Public Rack - Lee Street Beach,3,4112301,7.29518583391634e-05
Public Rack - 63rd Pl & Narraganssett Ave,3,4112301,7.29518583391634e-05
Public Rack - Pulaski Rd & Stevens Ave,3,4112301,7.29518583391634e-05
Public Rack - Devon Ave & Central Ave,3,4112301,7.29518583391634e-05
Public Rack - Mulligan & Northwest Hwy,3,4112301,7.29518583391634e-05
Halsted St & 111th St,3,4112301,7.29518583391634e-05
Public Rack - Cottage Grove Ave & 92nd St,3,4112301,7.29518583391634e-05
Public Rack - Prairie Ave & Garfield Blvd S,3,4112301,7.29518583391634e-05
Public Rack - Bensley Ave & 103rd St,3,4112301,7.29518583391634e-05
Avenue O & 118th St,3,4112301,7.29518583391634e-05
Public Rack - Ozark Ave & Addison St,2,4112301,4.863457222610894e-05
Lamon Ave & 47th St,2,4112301,4.863457222610894e-05
Public Rack - Langley Ave & 79th St,2,4112301,4.863457222610894e-05
Public Rack - Pulaski Rd & Roosevelt Rd,2,4112301,4.863457222610894e-05
Public Rack - Western Ave & 105th St,2,4112301,4.863457222610894e-05
Public Rack - Stony Island & 95th St,2,4112301,4.863457222610894e-05
Public Rack - Mason Ave & Milwaukee Ave,2,4112301,4.863457222610894e-05
Public Rack - Kedzie Ave & Arthington St,2,4112301,4.863457222610894e-05
Public Rack - Racine Ave & 74th St,2,4112301,4.863457222610894e-05
Public Rack - State St & 47th st,2,4112301,4.863457222610894e-05
Public Rack - Wood St & 47th St,2,4112301,4.863457222610894e-05
Public Rack - Harlem and W. 59th,2,4112301,4.863457222610894e-05
Public Rack - Leader & Caldwell,2,4112301,4.863457222610894e-05
Public Rack - Ashland Ave & 45th St  S,2,4112301,4.863457222610894e-05
Public Rack - Canfield & Victoria,2,4112301,4.863457222610894e-05
Public Rack - Bell Ave & 95th St,2,4112301,4.863457222610894e-05
Public Rack - Wilbur Wright College South,2,4112301,4.863457222610894e-05
Ada St & 113th Place,2,4112301,4.863457222610894e-05
Public Rack - Kedvale Ave & 26th St,2,4112301,4.863457222610894e-05
Public Rack - Pulaski & 74th,2,4112301,4.863457222610894e-05
Public Rack - Springfield & 79th,2,4112301,4.863457222610894e-05
Public Rack - Leoti Ave & Central Ave (south),2,4112301,4.863457222610894e-05
Public Rack - Kostner & Bryn Mawr,2,4112301,4.863457222610894e-05
Public Rack - Pulaski Rd & Lake St,2,4112301,4.863457222610894e-05
Public Rack - Hoyne Ave & 51st St,2,4112301,4.863457222610894e-05
Public Rack - Leoti Ave & Central Ave (north),2,4112301,4.863457222610894e-05
Public Rack - Chopin Park,2,4112301,4.863457222610894e-05
Public Rack - Wabash Ave & 87th St,2,4112301,4.863457222610894e-05
Laramie Ave & Augusta Blvd,2,4112301,4.863457222610894e-05
Public Rack - Devon Ave & Kinzua Ave,2,4112301,4.863457222610894e-05
Public Rack - Mackinaw Ave & 108th St,2,4112301,4.863457222610894e-05
Public Rack - Throop St & 58th St,2,4112301,4.863457222610894e-05
Public Rack - Ozman & Talcott,2,4112301,4.863457222610894e-05
Public Rack - Rockwell & 111th St,2,4112301,4.863457222610894e-05
Public Rack - 63rd St and Nagle Ave,2,4112301,4.863457222610894e-05
Public Rack - Ozanam Ave & Devon Ave,2,4112301,4.863457222610894e-05
Public Rack - Irving Park Rd & Melvina Ave,2,4112301,4.863457222610894e-05
Eberhart Ave & 131st St,2,4112301,4.863457222610894e-05
Public Rack - Normandy Ave & Archer Ave,2,4112301,4.863457222610894e-05
Public Rack - Nordica Ave & Addison St,2,4112301,4.863457222610894e-05
Public Rack - Higgins Ave & Neva Ave,2,4112301,4.863457222610894e-05
Public Rack - Lake Shore Dr & Hayes Dr,2,4112301,4.863457222610894e-05
Public Rack - Oketo Ave & Belmont Ave,2,4112301,4.863457222610894e-05
Francisco Ave & 85th St,2,4112301,4.863457222610894e-05
Public Rack - Irving Park Rd & Menard Ave,2,4112301,4.863457222610894e-05
Public Rack - Orville T Bright School,2,4112301,4.863457222610894e-05
Public Rack - Central Park Ave & 16th St,2,4112301,4.863457222610894e-05
Kildare Ave & 85th St (Kostner Ave & 87th St TEMPORARY),2,4112301,4.863457222610894e-05
Public Rack - Homan Ave & Roosevelt,2,4112301,4.863457222610894e-05
Public Rack - W. Talcott & N. Oriole,2,4112301,4.863457222610894e-05
Public Rack - Northwest Hwy & Raven St,2,4112301,4.863457222610894e-05
Public Rack - Pulaski & 52nd,2,4112301,4.863457222610894e-05
Public Rack - Cicero & Rosemont,2,4112301,4.863457222610894e-05
Public Rack - Ashland Ave & 76th St,2,4112301,4.863457222610894e-05
Hamilton Park,2,4112301,4.863457222610894e-05
Public Rack - Kedvale Ave & Addison St,2,4112301,4.863457222610894e-05
Public Rack - Overhill Ave & Touhy Ave,2,4112301,4.863457222610894e-05
Public Rack - Peterson Ave & Bernard Ave,2,4112301,4.863457222610894e-05
Homan Ave & 77th St,2,4112301,4.863457222610894e-05
Public Rack - Wentworth Ave & 79th St,2,4112301,4.863457222610894e-05
Public Rack - Pulaski Rd & 15th St,2,4112301,4.863457222610894e-05
Public Rack - Maplewood Ave & 63rd St,2,4112301,4.863457222610894e-05
Public Rack - Garden Park,2,4112301,4.863457222610894e-05
Lavergne Ave & Archer Ave,2,4112301,4.863457222610894e-05
Public Rack - Laramie Ave & Fullerton Ave,2,4112301,4.863457222610894e-05
Public Rack - Nagle Ave & Belmont Ave,2,4112301,4.863457222610894e-05
Public Rack - Wentworth Ave & 103rd St,2,4112301,4.863457222610894e-05
Public Rack - Sawyer Ave & Chicago Ave,2,4112301,4.863457222610894e-05
Public Rack - Sawyer Ave & 111th St,2,4112301,4.863457222610894e-05
Lavergne Ave & 46th St,2,4112301,4.863457222610894e-05
Public Rack - Lawndale Ave & 63rd St,2,4112301,4.863457222610894e-05
Public Rack - Irving Park Rd & Austin Ave,2,4112301,4.863457222610894e-05
Public Rack - East End Ave & 75th St,2,4112301,4.863457222610894e-05
Public Rack - N Sayre Ave & W Belden Ave,2,4112301,4.863457222610894e-05
Public Rack - Central Ave & George St,2,4112301,4.863457222610894e-05
STAFF & VISITORS @ West Chicago Warehouse,2,4112301,4.863457222610894e-05
Woodlawn & 103rd,2,4112301,4.863457222610894e-05
Public Rack - Halsted St & 102nd St,2,4112301,4.863457222610894e-05
Public Rack - 61st St & Melvina Ave,2,4112301,4.863457222610894e-05
Public Rack - Fullerton Ave & Lavergne Ave,2,4112301,4.863457222610894e-05
S Wentworth Ave & W 111th St,2,4112301,4.863457222610894e-05
Public Rack - Al Raby School,2,4112301,4.863457222610894e-05
Public Rack - Avenue J & 106th St,2,4112301,4.863457222610894e-05
Public Rack - California & 82nd,1,4112301,2.431728611305447e-05
Washington/Green (Washington Side) Corral,1,4112301,2.431728611305447e-05
Hastings Test Station,1,4112301,2.431728611305447e-05
Public Rack - Roscoe St & Osceola Ave,1,4112301,2.431728611305447e-05
Public Rack - S Kostner Ave & W 18th Pl,1,4112301,2.431728611305447e-05
Public Rack - Cottage Grove Ave & 89th Pl,1,4112301,2.431728611305447e-05
Torrence Ave & 126th Pl,1,4112301,2.431728611305447e-05
Public Rack - Oakley & 79th Pl,1,4112301,2.431728611305447e-05
Public Rack - Calumet Ave & 71st St,1,4112301,2.431728611305447e-05
Woodlawn Ave & 103rd St,1,4112301,2.431728611305447e-05
Public Rack - Kostner Ave & 16th St,1,4112301,2.431728611305447e-05
Public Rack - Newcastle Ave & Wellington Ave,1,4112301,2.431728611305447e-05
Public Rack - Ashland Ave & 83rd St,1,4112301,2.431728611305447e-05
Public Rack - Strohacker Park,1,4112301,2.431728611305447e-05
Public Rack - May St & 63rd St,1,4112301,2.431728611305447e-05
Public Rack - Cicero Ave & Wellington Ave,1,4112301,2.431728611305447e-05
Public Rack - Hiawatha Park,1,4112301,2.431728611305447e-05
Public Rack - Rockwell Ave & 71st St,1,4112301,2.431728611305447e-05
Public Rack - Pulaski Rd & Grenshaw St,1,4112301,2.431728611305447e-05
Public Rack - Western Ave & 111th St - SE,1,4112301,2.431728611305447e-05
Public Rack - Mt Greenwood Library N,1,4112301,2.431728611305447e-05
Public Rack - Peoria St & 60th St,1,4112301,2.431728611305447e-05
Public Rack - Artesian & 71st,1,4112301,2.431728611305447e-05
Public Rack - Parnell Ave & 98th St,1,4112301,2.431728611305447e-05
Public Rack - Kedzie & 103rd St - East,1,4112301,2.431728611305447e-05
Steelworkers Park (Updated),1,4112301,2.431728611305447e-05
Public Rack - Keeler Ave & 26th St,1,4112301,2.431728611305447e-05
Public Rack - Prairie Ave & 78th St,1,4112301,2.431728611305447e-05
Public Rack - Neenah & Archer,1,4112301,2.431728611305447e-05
Public Rack - Buffalo Ave & 133rd St,1,4112301,2.431728611305447e-05
Public Rack - Racine Ave & 83rd St,1,4112301,2.431728611305447e-05
"Public Rack - Senka ""Edward Duke"" Park",1,4112301,2.431728611305447e-05
Public Rack - Jeffery Blvd & 81st St,1,4112301,2.431728611305447e-05
Public Rack - S Menard & W 63rd,1,4112301,2.431728611305447e-05
Public Rack - Ingleside Ave & 79th St,1,4112301,2.431728611305447e-05
Public Rack - Houston Ave & 130th St,1,4112301,2.431728611305447e-05
Public Rack - 10101 S Stony Island Ave,1,4112301,2.431728611305447e-05
Public Rack - Austin Branch Chicago Public Library,1,4112301,2.431728611305447e-05
Public Rack - Pulaski Rd & 51st Rd,1,4112301,2.431728611305447e-05
Public Rack - Torrence Ave & 103rd St,1,4112301,2.431728611305447e-05
Public Rack - Western Ave & 98th St,1,4112301,2.431728611305447e-05
Public Rack - Ewing Ave & 112th St,1,4112301,2.431728611305447e-05
Public Rack - Western Ave & 107th Pl,1,4112301,2.431728611305447e-05
Sacramento Ave & Polk St,1,4112301,2.431728611305447e-05
Public Rack - Mason Ave & Roosevelt Rd,1,4112301,2.431728611305447e-05
Public Rack - S. New England/ W. 65th,1,4112301,2.431728611305447e-05
Public Rack - Pullman - Walmart,1,4112301,2.431728611305447e-05
Public Rack - Cottage Grove & 85th St,1,4112301,2.431728611305447e-05
Public Rack - Western Ave & 106th St - East,1,4112301,2.431728611305447e-05
Public Rack - Ewing Ave & 95th St,1,4112301,2.431728611305447e-05
Public Rack - Calumet Ave & 103rd St,1,4112301,2.431728611305447e-05
Public Rack - Burnside Academy,1,4112301,2.431728611305447e-05
Public Rack - Clyde Ave & 87th St,1,4112301,2.431728611305447e-05
Public Rack - Kedzie Ave & Archer Ave,1,4112301,2.431728611305447e-05
Public Rack - 56th St & Mulligan Ave,1,4112301,2.431728611305447e-05
Public Rack - Kedzie Ave & 61st Pl E,1,4112301,2.431728611305447e-05
Public Rack - East End Ave & 87th St,1,4112301,2.431728611305447e-05
Public Rack - Hale Ave & 111th St,1,4112301,2.431728611305447e-05
Public Rack - Holbrook St & Milwaukee Ave,1,4112301,2.431728611305447e-05
Public Rack - California & 71st,1,4112301,2.431728611305447e-05
Public Rack - Pulaski Rd & 5th Ave,1,4112301,2.431728611305447e-05
Public Rack - Roswell B. Mason Elementary School,1,4112301,2.431728611305447e-05
Public Rack - Exchange Ave & 131st St,1,4112301,2.431728611305447e-05
Public Rack - Linder Ave & Belmont Ave,1,4112301,2.431728611305447e-05
Public Rack - Brooks Park,1,4112301,2.431728611305447e-05
Eggleston Ave & 111th St,1,4112301,2.431728611305447e-05
Public Rack - Kedzie Ave & 63rd St,1,4112301,2.431728611305447e-05
Public Rack - Wilbur Wright College North,1,4112301,2.431728611305447e-05
Public Rack - Emil G Hirch Metropolitan High School,1,4112301,2.431728611305447e-05
Public Rack - Jeffery Blvd & 83rd St,1,4112301,2.431728611305447e-05
Public Rack - Albany Ave & 63rd St,1,4112301,2.431728611305447e-05
Public Rack - Christiana Ave & 55th St,1,4112301,2.431728611305447e-05
Public Rack - Kedzie Ave & 54th St - SE,1,4112301,2.431728611305447e-05
Public Rack - Lighthouse Beach,1,4112301,2.431728611305447e-05
Michigan Ave & 114th St,1,4112301,2.431728611305447e-05
Public Rack - Western Ave & 107th St,1,4112301,2.431728611305447e-05
Public Rack - 63rd & Western Ave N,1,4112301,2.431728611305447e-05
Public Rack - 63rd St & Meade Ave,1,4112301,2.431728611305447e-05
Public Rack - Linder Ave & Archer Ave,1,4112301,2.431728611305447e-05
Public Rack - Walden Pkwy & 99th St,1,4112301,2.431728611305447e-05
Public Rack - Haft Ave & Milwaukee Ave,1,4112301,2.431728611305447e-05
Public Rack - Kedzie Ave & 62nd Pl,1,4112301,2.431728611305447e-05
Public Rack - Ave N & 106th St,1,4112301,2.431728611305447e-05
Public Rack - Lemont Ave & Keating Ave,1,4112301,2.431728611305447e-05
Public Rack - Ashland Ave & 91st St,1,4112301,2.431728611305447e-05
Public Rack - Loomis St & 87th St,1,4112301,2.431728611305447e-05
Public Rack - Laflin St &51st ST,1,4112301,2.431728611305447e-05
Public Rack - Kedzie & 103rd St - W,1,4112301,2.431728611305447e-05
State St & 123rd St,1,4112301,2.431728611305447e-05
Public Rack - Paxton Ave & 79th St,1,4112301,2.431728611305447e-05
Public Rack - Newland Ave & Diversey Ave,1,4112301,2.431728611305447e-05
Public Rack - Homan Ave & 62nd Pl,1,4112301,2.431728611305447e-05
Public Rack - Albany Ave & 103rd St,1,4112301,2.431728611305447e-05
Public Rack - Northwest Hwy & Overhill Ave,1,4112301,2.431728611305447e-05
Public Rack - Pulaski Rd & Flournoy St,1,4112301,2.431728611305447e-05
Public Rack - Cottage Grove Ave & 98th St,1,4112301,2.431728611305447e-05
Public Rack - Cumberland & Catherine,1,4112301,2.431728611305447e-05
Public Rack - Octavia Ave & Touhy Ave,1,4112301,2.431728611305447e-05
Public Rack - Western & 83rd,1,4112301,2.431728611305447e-05
Public Rack - Northwest Hwy & Bryn Mawr,1,4112301,2.431728611305447e-05
Public Rack - Princeton Ave & 43rd St,1,4112301,2.431728611305447e-05
Public Rack - Baltimore Ave & 132nd St,1,4112301,2.431728611305447e-05
S Michigan Ave & E 118th St,1,4112301,2.431728611305447e-05
Public Rack - Hamilton Ave & 95th St,1,4112301,2.431728611305447e-05
Public Rack - Kedzie Ave & 61st Pl W,1,4112301,2.431728611305447e-05
Public Rack - Martin Luther King Dr & 69th St,1,4112301,2.431728611305447e-05
Aberdeen St & 106th St,1,4112301,2.431728611305447e-05
Public Rack - Panama Ave & Forest Preserve Ave,1,4112301,2.431728611305447e-05
Public Rack - Racine Ave & 76th,1,4112301,2.431728611305447e-05
Public Rack - Halsted St & 41st St,1,4112301,2.431728611305447e-05
Public Rack - Pulaski Rd & Polk St,1,4112301,2.431728611305447e-05
Public Rack - Lowe Ave & 98th St,1,4112301,2.431728611305447e-05
Public Rack - Vincennes Ave & 91st St,1,4112301,2.431728611305447e-05
Public Rack - Austin & 62nd,1,4112301,2.431728611305447e-05
Public Rack - Western & 79th,1,4112301,2.431728611305447e-05
Public Rack - Sayre Ave & 59th St,1,4112301,2.431728611305447e-05
Public Rack - Lamon Ave & Archer Ave,1,4112301,2.431728611305447e-05
Public Rack - Harvey Ave & North Ave,1,4112301,2.431728611305447e-05
Public Rack - Oglesby Ave & 105th St,1,4112301,2.431728611305447e-05
Public Rack - Kilbourn Ave & Fullerton Ave,1,4112301,2.431728611305447e-05
Public Rack - Saginaw Ave & 93rd St,1,4112301,2.431728611305447e-05
Michigan Ave & 118th St,1,4112301,2.431728611305447e-05
Cottage Grove Ave & 107th St,1,4112301,2.431728611305447e-05
Public Rack - Michele Clark Magnet High School,1,4112301,2.431728611305447e-05
Public Rack - Hoyne Ave & 110th Pl,1,4112301,2.431728611305447e-05
Altgeld Gardens,1,4112301,2.431728611305447e-05
Public Rack - 63rd St and Natoma Ave,1,4112301,2.431728611305447e-05
Public Rack - Parkside & Archer,1,4112301,2.431728611305447e-05
Ave H & 110th St,1,4112301,2.431728611305447e-05
Public Rack - 85th Pl & Pulaski Rd,1,4112301,2.431728611305447e-05
Public Rack - Austin Ave & Wellington Ave,1,4112301,2.431728611305447e-05
Public Rack - Halsted St & 94th St,1,4112301,2.431728611305447e-05
Public Rack - Austin & Higgins,1,4112301,2.431728611305447e-05
Public Rack - Hiawatha Ave & Minnehaha Ave,1,4112301,2.431728611305447e-05
Public Rack - Halsted St & 95th St - SW,1,4112301,2.431728611305447e-05
Public Rack - Austin Ave & Archer Ave,1,4112301,2.431728611305447e-05
Public Rack - Lake Park Ave & 44th St,1,4112301,2.431728611305447e-05
Public Rack - Ave L & 105th St,1,4112301,2.431728611305447e-05
Public Rack - Kedvale Ave & 63rd St E,1,4112301,2.431728611305447e-05
Public Rack - Ashland Ave & 45th St,1,4112301,2.431728611305447e-05
Public Rack - Mackinaw Ave & 106th St,1,4112301,2.431728611305447e-05
Public Rack - Indiana Ave & 111th St,1,4112301,2.431728611305447e-05
Public Rack - Kildare Ave & 63rd St,1,4112301,2.431728611305447e-05
Public Rack - Devon Ave & Minnehaha Ave (east),1,4112301,2.431728611305447e-05
Public Rack - California Ave & Touhy Ave - midblock,1,4112301,2.431728611305447e-05
Lavergne Ave & 44th St,1,4112301,2.431728611305447e-05
Public Rack - Piotrowski Park,1,4112301,2.431728611305447e-05
Public Rack - Torrence Ave  & 106th St,1,4112301,2.431728611305447e-05
Public Rack - Zapata Academy,1,4112301,2.431728611305447e-05
Public Rack - Lynch & Elston,1,4112301,2.431728611305447e-05
Public Rack - Christiana Ave & 111th St,1,4112301,2.431728611305447e-05
Public Rack - Lowe Ave & 94th St,1,4112301,2.431728611305447e-05
Public Rack - Springfield & 71st,1,4112301,2.431728611305447e-05
Public Rack - Crandon Ave & 80th St,1,4112301,2.431728611305447e-05
Indiana Ave & 133rd St Public Rack,1,4112301,2.431728611305447e-05
Public Rack - Chappel Ave & 71st St,1,4112301,2.431728611305447e-05
Public Rack - Minnehaha Ave & Devon Ave,1,4112301,2.431728611305447e-05
Public Rack - Laporte Ave & Armitage Ave,1,4112301,2.431728611305447e-05
Public Rack - Bryn Mawr Ave & Milwaukee Ave,1,4112301,2.431728611305447e-05
Public Rack - Wentworth Park,1,4112301,2.431728611305447e-05
Public Rack - Homan Ave & 26th St,1,4112301,2.431728611305447e-05
Public Rack - Mobile Ave & Archer Ave,1,4112301,2.431728611305447e-05
Public Rack - Northwest Hwy & Highland Ave,1,4112301,2.431728611305447e-05
Public Rack - Pulaski Rd & 41st,1,4112301,2.431728611305447e-05
Public Rack - Kildare Ave & Washignton Blvd,1,4112301,2.431728611305447e-05
Public Rack - Avenue O & 118th St,1,4112301,2.431728611305447e-05
Public Rack - Damen Ave & 47th St,1,4112301,2.431728611305447e-05
Public Rack - Central Ave & Congress Pkwy,1,4112301,2.431728611305447e-05
Public Rack - Fairfield Ave & 63rd St,1,4112301,2.431728611305447e-05
Public Rack - McVicker & 52nd,1,4112301,2.431728611305447e-05
Public Rack - Vincennes Ave & 77th St,1,4112301,2.431728611305447e-05
Public Rack - Pulaski Rd & 40th St,1,4112301,2.431728611305447e-05
Public Rack - Newcastle & Archer,1,4112301,2.431728611305447e-05
Public Rack - Bradley Park,1,4112301,2.431728611305447e-05
